1;1;[12515249, 12522705, 12522696, 12515250, 12515251, 12515283, 12519718, 12515286, 12519719, 12515252, 12515279, 12519704, 12522700, 12515285, 12519720, 12522707, 12515253, 12519705, 12515280, 12519703, 12515256, 12519721, 12522708, 12515287, 12519706, 12515255, 12522706, 12515281, 12515257, 12519707, 12522704, 12515254, 12515260, 12522692, 12522697, 12515258, 12519723, 12522699, 12522710, 12515262, 12522709, 12519709, 12522694, 12515259, 12519724, 12515261, 12519722, 12519708, 12515263, 12519710, 12522701, 12519725, 12522712, 12515264, 12522711, 12515265, 12519726, 12522713, 12515266, 12519711, 12522698, 12515267, 12522714, 12519712, 12522695, 12515269, 12519728, 12522715, 12522693, 12515271, 12515290, 12515291, 12519727, 12515270, 12515268, 12519713, 12519716, 12522691, 12519729, 12515289, 12515272, 12522716, 12519714, 12522703, 12515288, 12515274, 12519730, 12522717, 12515293, 12515273, 12515275, 12515292, 12519731, 12522718, 12519715, 12522702, 12515276, 12522719, 12519717, 12522690, 12515278, 12519732, 12515282, 12515284, 12515277];[04:57, 05:21, 05:33, 05:44, 05:57, 05:59, 06:15, 06:18, 06:19, 06:20, 06:28, 06:28, 06:28, 07:18, 07:19, 07:19, 07:20, 07:21, 07:28, 07:44, 07:52, 08:10, 08:10, 08:18, 08:19, 08:20, 08:26, 08:38, 08:48, 09:10, 09:10, 09:11, 09:14, 09:27, 09:36, 09:48, 10:10, 10:10, 10:10, 10:14, 10:39, 10:59, 10:59, 11:03, 11:06, 11:08, 11:38, 11:43, 11:48, 12:02, 12:02, 12:07, 12:07, 12:15, 12:27, 12:48, 13:07, 13:07, 13:08, 13:09, 13:09, 13:45, 14:08, 14:09, 14:09, 14:45, 15:11, 15:11, 15:13, 15:14, 15:18, 15:28, 15:45, 15:48, 16:02, 16:02, 16:13, 16:13, 16:15, 16:18, 16:19, 16:28, 17:13, 17:13, 17:18, 17:19, 17:19, 17:19, 17:28, 17:49, 17:56, 18:02, 18:19, 18:19, 18:22, 18:22, 18:23, 19:19, 19:27, 19:27, 19:33, 19:50, 20:20, 20:43, 21:20];[[0, 1, 2, 3, 4], [6], [6], [0, 1, 2, 3, 4], [0, 1, 2, 3, 4], [0, 1, 2, 3, 4], [5], [0, 1, 2, 3, 4], [5], [0, 1, 2, 3, 4], [0, 1, 2, 3, 4], [5], [6], [0, 1, 2, 3, 4], [5], [6], [0, 1, 2, 3, 4], [5], [0, 1, 2, 3, 4], [5], [0, 1, 2, 3, 4], [5], [6], [0, 1, 2, 3, 4], [5], [0, 1, 2, 3, 4], [6], [0, 1, 2, 3, 4], [0, 1, 2, 3, 4], [5], [6], [0, 1, 2, 3, 4], [0, 1, 2, 3, 4], [6], [6], [0, 1, 2, 3, 4], [5], [6], [6], [0, 1, 2, 3, 4], [6], [5], [6], [0, 1, 2, 3, 4], [5], [0, 1, 2, 3, 4], [5], [5], [0, 1, 2, 3, 4], [5], [6], [5], [6], [0, 1, 2, 3, 4], [6], [0, 1, 2, 3, 4], [5], [6], [0, 1, 2, 3, 4], [5], [6], [0, 1, 2, 3, 4], [6], [5], [6], [0, 1, 2, 3, 4], [5], [6], [6], [0, 1, 2, 3, 4], [0, 1, 2, 3, 4], [0, 1, 2, 3, 4], [5], [0, 1, 2, 3, 4], [0, 1, 2, 3, 4], [5], [5], [6], [5], [0, 1, 2, 3, 4], [0, 1, 2, 3, 4], [6], [5], [6], [0, 1, 2, 3, 4], [0, 1, 2, 3, 4], [5], [6], [0, 1, 2, 3, 4], [0, 1, 2, 3, 4], [0, 1, 2, 3, 4], [0, 1, 2, 3, 4], [5], [6], [5], [6], [0, 1, 2, 3, 4], [6], [5], [6], [0, 1, 2, 3, 4], [5], [0, 1, 2, 3, 4], [0, 1, 2, 3, 4], [0, 1, 2, 3, 4]]
123;123;[12514791, 12514792, 12514795, 12514793, 12514794, 12514829, 12514799, 12514796, 12514827, 12514826, 12514828, 12514800, 12514797, 12514801, 12514798, 12514814, 12514803, 12514802, 12514815, 12514804, 12514816, 12514805, 12514817, 12514806, 12514818, 12514807, 12514819, 12514808, 12514809, 12514820, 12514821, 12514810, 12514822, 12514811, 12514823, 12514812, 12514824, 12514813, 12514825];[03:56, 04:34, 04:56, 05:10, 06:19, 07:09, 07:10, 07:45, 07:45, 07:50, 08:09, 08:20, 08:47, 09:20, 09:48, 11:16, 11:19, 11:46, 11:48, 12:15, 12:48, 13:15, 13:48, 14:10, 14:46, 15:04, 15:45, 17:10, 17:14, 17:31, 17:45, 18:23, 18:50, 19:27, 19:51, 20:33, 20:52, 21:38, 21:52];[[0, 1, 2, 3, 4], [0, 1, 2, 3, 4], [0, 1, 2, 3, 4], [0, 1, 2, 3, 4], [0, 1, 2, 3, 4], [0, 1, 2, 3, 4], [0, 1, 2, 3, 4], [0, 1, 2, 3, 4], [0, 1, 2, 3, 4], [0, 1, 2, 3, 4], [0, 1, 2, 3, 4], [0, 1, 2, 3, 4], [0, 1, 2, 3, 4], [0, 1, 2, 3, 4], [0, 1, 2, 3, 4], [0, 1, 2, 3, 4], [0, 1, 2, 3, 4], [0, 1, 2, 3, 4], [0, 1, 2, 3, 4], [0, 1, 2, 3, 4], [0, 1, 2, 3, 4], [0, 1, 2, 3, 4], [0, 1, 2, 3, 4], [0, 1, 2, 3, 4], [0, 1, 2, 3, 4], [0, 1, 2, 3, 4], [0, 1, 2, 3, 4], [0, 1, 2, 3, 4], [0, 1, 2, 3, 4], [0, 1, 2, 3, 4], [0, 1, 2, 3, 4], [0, 1, 2, 3, 4], [0, 1, 2, 3, 4], [0, 1, 2, 3, 4], [0, 1, 2, 3, 4], [0, 1, 2, 3, 4], [0, 1, 2, 3, 4], [0, 1, 2, 3, 4], [0, 1, 2, 3, 4]]
129;129;[12525230, 12525225, 12525229, 12525186, 12525226, 12525187, 12525227, 12527710, 12529294, 12525188, 12525228, 12525189, 12525224, 12527713, 12529295, 12527711, 12529310, 12525173, 12525190, 12525175, 12525191, 12527723, 12529296, 12529311, 12525166, 12525192, 12527726, 12525167, 12525193, 12527718, 12529297, 12527727, 12529312, 12525165, 12525194, 12525195, 12527725, 12529298, 12527728, 12529313, 12525183, 12525196, 12525221, 12525177, 12527729, 12529314, 12527719, 12529299, 12525197, 12525220, 12525198, 12525179, 12525199, 12527730, 12529315, 12527716, 12529300, 12525181, 12525200, 12525180, 12525201, 12527731, 12529301, 12529316, 12525172, 12525202, 12527714, 12525171, 12525203, 12527732, 12529317, 12527715, 12529302, 12525170, 12525204, 12525222, 12525205, 12527733, 12529318, 12527712, 12529303, 12525218, 12525206, 12525223, 12525207, 12525174, 12527734, 12529319, 12527724, 12529304, 12525208, 12525178, 12525184, 12527735, 12529320, 12527722, 12529305, 12525210, 12525209, 12525182, 12525211, 12527720, 12527736, 12529306, 12529321, 12525169, 12525212, 12525168, 12525213, 12527721, 12529307, 12527737, 12529322, 12525214, 12525217, 12525215, 12525219, 12527740, 12529308, 12529323, 12525216, 12525176, 12527738, 12525185, 12525235, 12527717, 12529309, 12527739, 12529324, 12525232, 12525234, 12525231, 12525236, 12525233];[04:20, 04:58, 05:00, 05:20, 05:28, 05:50, 05:58, 06:00, 06:00, 06:20, 06:28, 06:50, 06:50, 07:00, 07:00, 07:06, 07:06, 07:17, 07:20, 07:46, 07:50, 08:00, 08:00, 08:01, 08:19, 08:20, 08:26, 08:49, 08:50, 09:00, 09:00, 09:01, 09:01, 09:19, 09:20, 09:50, 10:00, 10:00, 10:01, 10:01, 10:19, 10:20, 10:30, 10:49, 10:59, 10:59, 11:00, 11:00, 11:07, 11:19, 11:20, 11:49, 11:50, 12:01, 12:01, 12:02, 12:02, 12:19, 12:19, 12:49, 12:49, 13:03, 13:04, 13:13, 13:16, 13:20, 13:24, 13:46, 13:50, 14:05, 14:05, 14:06, 14:06, 14:17, 14:20, 14:42, 14:50, 15:07, 15:07, 15:08, 15:08, 15:09, 15:23, 15:39, 15:53, 16:09, 16:09, 16:09, 16:10, 16:11, 16:20, 16:39, 17:09, 17:09, 17:09, 17:12, 17:12, 17:20, 17:24, 17:48, 17:50, 18:12, 18:12, 18:12, 18:12, 18:18, 18:20, 18:48, 18:50, 19:12, 19:12, 19:15, 19:15, 19:20, 19:23, 19:50, 19:53, 20:12, 20:12, 20:15, 20:20, 20:23, 20:43, 20:50, 21:08, 21:12, 21:12, 21:18, 21:18, 21:20, 22:08, 22:20, 23:20, 23:52];[[0, 1, 2, 3, 4], [0, 1, 2, 3, 4], [0, 1, 2, 3, 4], [0, 1, 2, 3, 4], [0, 1, 2, 3, 4], [0, 1, 2, 3, 4], [0, 1, 2, 3, 4], [5], [6], [0, 1, 2, 3, 4], [0, 1, 2, 3, 4], [0, 1, 2, 3, 4], [0, 1, 2, 3, 4], [5], [6], [5], [6], [0, 1, 2, 3, 4], [0, 1, 2, 3, 4], [0, 1, 2, 3, 4], [0, 1, 2, 3, 4], [5], [6], [6], [0, 1, 2, 3, 4], [0, 1, 2, 3, 4], [5], [0, 1, 2, 3, 4], [0, 1, 2, 3, 4], [5], [6], [5], [6], [0, 1, 2, 3, 4], [0, 1, 2, 3, 4], [0, 1, 2, 3, 4], [5], [6], [5], [6], [0, 1, 2, 3, 4], [0, 1, 2, 3, 4], [0, 1, 2, 3, 4], [0, 1, 2, 3, 4], [5], [6], [5], [6], [0, 1, 2, 3, 4], [0, 1, 2, 3, 4], [0, 1, 2, 3, 4], [0, 1, 2, 3, 4], [0, 1, 2, 3, 4], [5], [6], [5], [6], [0, 1, 2, 3, 4], [0, 1, 2, 3, 4], [0, 1, 2, 3, 4], [0, 1, 2, 3, 4], [5], [6], [6], [0, 1, 2, 3, 4], [0, 1, 2, 3, 4], [5], [0, 1, 2, 3, 4], [0, 1, 2, 3, 4], [5], [6], [5], [6], [0, 1, 2, 3, 4], [0, 1, 2, 3, 4], [0, 1, 2, 3, 4], [0, 1, 2, 3, 4], [5], [6], [5], [6], [0, 1, 2, 3, 4], [0, 1, 2, 3, 4], [0, 1, 2, 3, 4], [0, 1, 2, 3, 4], [0, 1, 2, 3, 4], [5], [6], [5], [6], [0, 1, 2, 3, 4], [0, 1, 2, 3, 4], [0, 1, 2, 3, 4], [5], [6], [5], [6], [0, 1, 2, 3, 4], [0, 1, 2, 3, 4], [0, 1, 2, 3, 4], [0, 1, 2, 3, 4], [5], [5], [6], [6], [0, 1, 2, 3, 4], [0, 1, 2, 3, 4], [0, 1, 2, 3, 4], [0, 1, 2, 3, 4], [5], [6], [5], [6], [0, 1, 2, 3, 4], [0, 1, 2, 3, 4], [0, 1, 2, 3, 4], [0, 1, 2, 3, 4], [5], [6], [6], [0, 1, 2, 3, 4], [0, 1, 2, 3, 4], [5], [0, 1, 2, 3, 4], [0, 1, 2, 3, 4], [5], [6], [5], [6], [0, 1, 2, 3, 4], [0, 1, 2, 3, 4], [0, 1, 2, 3, 4], [0, 1, 2, 3, 4], [0, 1, 2, 3, 4]]
143;143;[12525662, 12525663, 12525687, 12527928, 12529598, 12525675, 12525665, 12525664, 12527927, 12529580, 12527948, 12529599, 12525671, 12525661, 12527949, 12529581, 12527943, 12529600, 12525669, 12525666, 12527950, 12529582, 12527932, 12529601, 12525682, 12525688, 12527951, 12529583, 12527933, 12529602, 12525674, 12527952, 12529584, 12527931, 12529603, 12525672, 12525689, 12527953, 12529585, 12525690, 12527942, 12529604, 12525685, 12527954, 12529586, 12525691, 12527930, 12529605, 12525679, 12527955, 12529587, 12525692, 12527939, 12525684, 12527956, 12529588, 12525693, 12529606, 12527944, 12529607, 12525670, 12527957, 12529589, 12525694, 12527929, 12529608, 12525680, 12527958, 12529590, 12525695, 12527934, 12529609, 12525667, 12529591, 12527959, 12525696, 12527940, 12529610, 12525673, 12527960, 12529592, 12525697, 12527938, 12529611, 12527961, 12529593, 12527936, 12529612, 12525698, 12525677, 12525676, 12527962, 12529594, 12527941, 12529613, 12525699, 12527963, 12525686, 12529595, 12527945, 12529614, 12527946, 12529596, 12525700, 12525681, 12529615, 12525701, 12529597, 12525668, 12527947, 12527937, 12529616, 12525702, 12527935, 12525683, 12525703, 12525678, 12525705, 12525706, 12525704];[04:30, 04:50, 05:14, 05:54, 05:54, 06:02, 06:09, 06:21, 06:23, 06:23, 06:41, 06:41, 06:46, 07:05, 07:10, 07:10, 07:26, 07:26, 07:30, 07:53, 07:57, 07:57, 08:13, 08:13, 08:22, 08:41, 08:42, 08:52, 09:00, 09:00, 09:10, 09:29, 09:29, 09:47, 09:47, 09:58, 09:58, 10:15, 10:15, 10:20, 10:32, 10:32, 10:46, 11:02, 11:02, 11:03, 11:19, 11:19, 11:34, 11:49, 11:49, 11:51, 12:06, 12:21, 12:36, 12:36, 12:39, 12:40, 12:53, 12:53, 13:09, 13:23, 13:23, 13:30, 13:40, 13:40, 13:58, 14:10, 14:10, 14:19, 14:27, 14:27, 14:46, 14:57, 15:02, 15:07, 15:14, 15:14, 15:37, 15:44, 15:44, 15:58, 16:01, 16:01, 16:33, 16:33, 16:48, 16:48, 16:49, 16:58, 17:18, 17:20, 17:20, 17:35, 17:35, 17:40, 18:07, 18:09, 18:17, 18:23, 18:23, 18:54, 18:54, 18:57, 18:59, 19:10, 19:15, 19:43, 19:46, 19:51, 19:58, 19:58, 20:02, 20:08, 20:33, 20:49, 21:22, 21:39, 22:09, 22:28];[[0, 1, 2, 3, 4], [0, 1, 2, 3, 4], [0, 1, 2, 3, 4], [5], [6], [0, 1, 2, 3, 4], [0, 1, 2, 3, 4], [0, 1, 2, 3, 4], [5], [6], [5], [6], [0, 1, 2, 3, 4], [0, 1, 2, 3, 4], [5], [6], [5], [6], [0, 1, 2, 3, 4], [0, 1, 2, 3, 4], [5], [6], [5], [6], [0, 1, 2, 3, 4], [0, 1, 2, 3, 4], [5], [6], [5], [6], [0, 1, 2, 3, 4], [5], [6], [5], [6], [0, 1, 2, 3, 4], [0, 1, 2, 3, 4], [5], [6], [0, 1, 2, 3, 4], [5], [6], [0, 1, 2, 3, 4], [5], [6], [0, 1, 2, 3, 4], [5], [6], [0, 1, 2, 3, 4], [5], [6], [0, 1, 2, 3, 4], [5], [0, 1, 2, 3, 4], [5], [6], [0, 1, 2, 3, 4], [6], [5], [6], [0, 1, 2, 3, 4], [5], [6], [0, 1, 2, 3, 4], [5], [6], [0, 1, 2, 3, 4], [5], [6], [0, 1, 2, 3, 4], [5], [6], [0, 1, 2, 3, 4], [6], [5], [0, 1, 2, 3, 4], [5], [6], [0, 1, 2, 3, 4], [5], [6], [0, 1, 2, 3, 4], [5], [6], [5], [6], [5], [6], [0, 1, 2, 3, 4], [0, 1, 2, 3, 4], [0, 1, 2, 3, 4], [5], [6], [5], [6], [0, 1, 2, 3, 4], [5], [0, 1, 2, 3, 4], [6], [5], [6], [5], [6], [0, 1, 2, 3, 4], [0, 1, 2, 3, 4], [6], [0, 1, 2, 3, 4], [6], [0, 1, 2, 3, 4], [5], [5], [6], [0, 1, 2, 3, 4], [5], [0, 1, 2, 3, 4], [0, 1, 2, 3, 4], [0, 1, 2, 3, 4], [0, 1, 2, 3, 4], [0, 1, 2, 3, 4], [0, 1, 2, 3, 4]]
150;150;[12558825, 12558826, 12558827, 12558828, 12558829, 12558830, 12558831, 12558832, 12558833, 12558834, 12558835, 12558836, 12558837, 12558838, 12558839, 12558841, 12558842, 12558843, 12558844];[05:26, 06:05, 06:37, 07:09, 07:54, 08:39, 09:19, 10:00, 10:39, 11:19, 11:59, 12:31, 13:10, 13:41, 14:16, 14:54, 15:40, 16:27, 17:08];[[0, 1, 2, 3, 4], [0, 1, 2, 3, 4], [0, 1, 2, 3, 4], [0, 1, 2, 3, 4], [0, 1, 2, 3, 4], [0, 1, 2, 3, 4], [0, 1, 2, 3, 4], [0, 1, 2, 3, 4], [0, 1, 2, 3, 4], [0, 1, 2, 3, 4], [0, 1, 2, 3, 4], [0, 1, 2, 3, 4], [0, 1, 2, 3, 4], [0, 1, 2, 3, 4], [0, 1, 2, 3, 4], [0, 1, 2, 3, 4], [0, 1, 2, 3, 4], [0, 1, 2, 3, 4], [0, 1, 2, 3, 4]]
150A;150A;[];[];[]
151;151;[12558845, 12558846, 12558847, 12558848, 12558849, 12558850, 12558851, 12558852, 12558853, 12558854, 12558855, 12558856, 12558857, 12558858, 12558859, 12558860, 12558861, 12558840, 12558862, 12558863, 12558864, 12558824, 12558823];[04:58, 05:36, 06:12, 06:47, 07:12, 07:33, 08:18, 08:58, 09:38, 10:51, 10:58, 11:38, 12:17, 12:57, 13:33, 14:06, 14:41, 15:08, 15:38, 16:08, 16:38, 17:18, 18:00];[[0, 1, 2, 3, 4], [0, 1, 2, 3, 4], [0, 1, 2, 3, 4], [0, 1, 2, 3, 4], [0, 1, 2, 3, 4], [0, 1, 2, 3, 4], [0, 1, 2, 3, 4], [0, 1, 2, 3, 4], [0, 1, 2, 3, 4], [0, 1, 2, 3, 4], [0, 1, 2, 3, 4], [0, 1, 2, 3, 4], [0, 1, 2, 3, 4], [0, 1, 2, 3, 4], [0, 1, 2, 3, 4], [0, 1, 2, 3, 4], [0, 1, 2, 3, 4], [0, 1, 2, 3, 4], [0, 1, 2, 3, 4], [0, 1, 2, 3, 4], [0, 1, 2, 3, 4], [0, 1, 2, 3, 4], [0, 1, 2, 3, 4]]
167;167;[12526525, 12526508, 12526526, 12526509, 12526527, 12526510, 12526528, 12526511, 12526529, 12526512, 12526513, 12526530, 12526531, 12526532, 12526515, 12526514, 12526533, 12526516, 12526534, 12526517, 12526518, 12526535, 12526519, 12526536, 12526520, 12526537, 12526521, 12526538, 12526539, 12526523, 12526540, 12526522, 12526524, 12526541, 12526543, 12526542, 12526544];[05:08, 05:16, 05:53, 06:11, 06:48, 06:54, 07:42, 07:49, 08:40, 08:44, 09:40, 10:07, 10:27, 11:22, 11:26, 12:01, 12:17, 12:20, 13:09, 13:10, 14:05, 14:06, 15:06, 15:12, 16:02, 16:15, 17:09, 17:15, 18:18, 19:06, 19:18, 19:19, 20:06, 20:18, 21:06, 21:18, 22:06];[[0, 1, 2, 3, 4], [0, 1, 2, 3, 4], [0, 1, 2, 3, 4], [0, 1, 2, 3, 4], [0, 1, 2, 3, 4], [0, 1, 2, 3, 4], [0, 1, 2, 3, 4], [0, 1, 2, 3, 4], [0, 1, 2, 3, 4], [0, 1, 2, 3, 4], [0, 1, 2, 3, 4], [0, 1, 2, 3, 4], [0, 1, 2, 3, 4], [0, 1, 2, 3, 4], [0, 1, 2, 3, 4], [0, 1, 2, 3, 4], [0, 1, 2, 3, 4], [0, 1, 2, 3, 4], [0, 1, 2, 3, 4], [0, 1, 2, 3, 4], [0, 1, 2, 3, 4], [0, 1, 2, 3, 4], [0, 1, 2, 3, 4], [0, 1, 2, 3, 4], [0, 1, 2, 3, 4], [0, 1, 2, 3, 4], [0, 1, 2, 3, 4], [0, 1, 2, 3, 4], [0, 1, 2, 3, 4], [0, 1, 2, 3, 4], [0, 1, 2, 3, 4], [0, 1, 2, 3, 4], [0, 1, 2, 3, 4], [0, 1, 2, 3, 4], [0, 1, 2, 3, 4], [0, 1, 2, 3, 4], [0, 1, 2, 3, 4]]
177;177;[12553820, 12553821, 12553806, 12553793, 12553807, 12553794, 12553808, 12528343, 12528359, 12553795, 12528344, 12553809, 12528360, 12553796, 12553810, 12528345, 12528361, 12553797, 12553811, 12528346, 12553798, 12528362, 12553812, 12528347, 12528363, 12553799, 12553813, 12528364, 12553800, 12553814, 12528348, 12528349, 12528365, 12553801, 12553815, 12528350, 12528357, 12553802, 12553816, 12528351, 12528355, 12553803, 12528352, 12528356, 12553804, 12553818, 12528353, 12553817, 12528358, 12553805, 12553819, 12528354];[04:50, 05:06, 05:50, 06:06, 06:37, 06:59, 07:37, 08:00, 08:00, 08:07, 08:47, 08:49, 09:00, 09:07, 09:42, 09:53, 10:00, 10:07, 10:41, 10:53, 11:06, 11:36, 11:41, 11:45, 12:00, 12:06, 12:41, 13:00, 13:16, 13:41, 13:42, 13:42, 14:00, 14:05, 14:39, 14:42, 15:00, 15:04, 15:35, 15:40, 16:00, 16:02, 16:45, 17:00, 17:05, 17:40, 17:45, 17:49, 18:00, 18:05, 18:43, 18:45];[[0, 1, 2, 3, 4], [0, 1, 2, 3, 4], [0, 1, 2, 3, 4], [0, 1, 2, 3, 4], [0, 1, 2, 3, 4], [0, 1, 2, 3, 4], [0, 1, 2, 3, 4], [5], [5], [0, 1, 2, 3, 4], [5], [0, 1, 2, 3, 4], [5], [0, 1, 2, 3, 4], [0, 1, 2, 3, 4], [5], [5], [0, 1, 2, 3, 4], [0, 1, 2, 3, 4], [5], [0, 1, 2, 3, 4], [5], [0, 1, 2, 3, 4], [5], [5], [0, 1, 2, 3, 4], [0, 1, 2, 3, 4], [5], [0, 1, 2, 3, 4], [0, 1, 2, 3, 4], [5], [5], [5], [0, 1, 2, 3, 4], [0, 1, 2, 3, 4], [5], [5], [0, 1, 2, 3, 4], [0, 1, 2, 3, 4], [5], [5], [0, 1, 2, 3, 4], [5], [5], [0, 1, 2, 3, 4], [0, 1, 2, 3, 4], [5], [0, 1, 2, 3, 4], [5], [0, 1, 2, 3, 4], [0, 1, 2, 3, 4], [5]]
178;178;[12553739, 12553740, 12553698, 12553712, 12553699, 12553713, 12553700, 12553714, 12553701, 12553715, 12553702, 12553703, 12553716, 12553717, 12553704, 12553718, 12553719, 12553705, 12553706, 12553720, 12553707, 12553721, 12553708, 12553722, 12553709, 12553723, 12553710, 12553724, 12553725, 12553726, 12553733, 12553727, 12553729, 12553734, 12553728, 12553735, 12553730, 12553736, 12553731, 12553732, 12553738, 12553737, 12553711];[05:00, 05:01, 05:34, 05:49, 06:16, 06:32, 07:01, 07:27, 07:53, 08:17, 08:43, 09:33, 09:51, 09:58, 10:23, 10:46, 11:36, 12:01, 12:03, 12:26, 12:53, 13:16, 13:42, 14:06, 14:32, 14:51, 15:21, 15:41, 16:11, 16:30, 17:20, 17:50, 17:51, 18:20, 18:44, 19:10, 19:34, 20:10, 20:35, 21:35, 21:58, 22:00, 22:15];[[0, 1, 2, 3, 4], [0, 1, 2, 3, 4], [0, 1, 2, 3, 4], [0, 1, 2, 3, 4], [0, 1, 2, 3, 4], [0, 1, 2, 3, 4], [0, 1, 2, 3, 4], [0, 1, 2, 3, 4], [0, 1, 2, 3, 4], [0, 1, 2, 3, 4], [0, 1, 2, 3, 4], [0, 1, 2, 3, 4], [0, 1, 2, 3, 4], [0, 1, 2, 3, 4], [0, 1, 2, 3, 4], [0, 1, 2, 3, 4], [0, 1, 2, 3, 4], [0, 1, 2, 3, 4], [0, 1, 2, 3, 4], [0, 1, 2, 3, 4], [0, 1, 2, 3, 4], [0, 1, 2, 3, 4], [0, 1, 2, 3, 4], [0, 1, 2, 3, 4], [0, 1, 2, 3, 4], [0, 1, 2, 3, 4], [0, 1, 2, 3, 4], [0, 1, 2, 3, 4], [0, 1, 2, 3, 4], [0, 1, 2, 3, 4], [0, 1, 2, 3, 4], [0, 1, 2, 3, 4], [0, 1, 2, 3, 4], [0, 1, 2, 3, 4], [0, 1, 2, 3, 4], [0, 1, 2, 3, 4], [0, 1, 2, 3, 4], [0, 1, 2, 3, 4], [0, 1, 2, 3, 4], [0, 1, 2, 3, 4], [0, 1, 2, 3, 4], [0, 1, 2, 3, 4], [0, 1, 2, 3, 4]]
25;25;[12525122, 12525124, 12525118, 12525115, 12525116, 12528475, 12530037, 12525103, 12525092, 12528478, 12525104, 12525097, 12525105, 12530038, 12525098, 12530052, 12528460, 12525106, 12528452, 12530053, 12525093, 12525107, 12528461, 12530039, 12525135, 12525142, 12525136, 12528453, 12530054, 12528462, 12530040, 12525137, 12525143, 12528454, 12530055, 12525099, 12528463, 12530041, 12528455, 12530056, 12525109, 12525108, 12525100, 12528464, 12530042, 12525094, 12528456, 12530057, 12525110, 12525101, 12528465, 12530043, 12525111, 12530058, 12525102, 12525112, 12528466, 12528458, 12530059, 12528457, 12530044, 12525095, 12525113, 12528467, 12530045, 12525114, 12525096, 12528459, 12530060, 12525127, 12525117, 12528468, 12530046, 12525123, 12525119, 12528471, 12530061, 12525120, 12528472, 12530047, 12525129, 12525126, 12525125, 12528470, 12530062, 12525144, 12525121, 12528469, 12530048, 12525140, 12525138, 12528479, 12530063, 12525139, 12530049, 12528473, 12530064, 12528474, 12525132, 12525134, 12525133, 12528477, 12530050, 12525131, 12525141, 12528480, 12530065, 12528476, 12530051, 12525128, 12525130, 12528481, 12530066];[04:01, 04:50, 04:51, 05:36, 05:36, 05:54, 05:54, 05:57, 06:01, 06:24, 06:25, 06:31, 06:55, 06:56, 07:00, 07:07, 07:12, 07:22, 07:25, 07:25, 07:30, 07:52, 07:53, 07:53, 07:58, 08:22, 08:28, 08:30, 08:30, 08:58, 08:58, 08:59, 09:11, 09:29, 09:29, 09:49, 10:07, 10:07, 10:31, 10:31, 10:50, 10:59, 11:05, 11:12, 11:12, 11:28, 11:36, 11:36, 11:37, 12:17, 12:17, 12:17, 12:23, 12:43, 13:07, 13:13, 13:37, 13:47, 13:47, 13:50, 13:50, 13:53, 14:00, 14:22, 14:22, 14:42, 14:43, 14:52, 14:52, 15:12, 15:20, 15:27, 15:27, 15:42, 15:43, 15:58, 16:14, 16:18, 16:35, 16:35, 16:48, 16:49, 16:58, 17:03, 17:03, 17:17, 17:19, 17:43, 17:43, 17:47, 17:53, 18:09, 18:09, 18:46, 18:48, 19:14, 19:14, 19:28, 19:34, 19:39, 19:44, 19:55, 19:55, 20:29, 20:30, 20:30, 20:30, 21:00, 21:00, 21:22, 21:30, 21:35, 21:35];[[0, 1, 2, 3, 4], [0, 1, 2, 3, 4], [0, 1, 2, 3, 4], [0, 1, 2, 3, 4], [0, 1, 2, 3, 4], [5], [6], [0, 1, 2, 3, 4], [0, 1, 2, 3, 4], [5], [0, 1, 2, 3, 4], [0, 1, 2, 3, 4], [0, 1, 2, 3, 4], [6], [0, 1, 2, 3, 4], [6], [5], [0, 1, 2, 3, 4], [5], [6], [0, 1, 2, 3, 4], [0, 1, 2, 3, 4], [5], [6], [0, 1, 2, 3, 4], [0, 1, 2, 3, 4], [0, 1, 2, 3, 4], [5], [6], [5], [6], [0, 1, 2, 3, 4], [0, 1, 2, 3, 4], [5], [6], [0, 1, 2, 3, 4], [5], [6], [5], [6], [0, 1, 2, 3, 4], [0, 1, 2, 3, 4], [0, 1, 2, 3, 4], [5], [6], [0, 1, 2, 3, 4], [5], [6], [0, 1, 2, 3, 4], [0, 1, 2, 3, 4], [5], [6], [0, 1, 2, 3, 4], [6], [0, 1, 2, 3, 4], [0, 1, 2, 3, 4], [5], [5], [6], [5], [6], [0, 1, 2, 3, 4], [0, 1, 2, 3, 4], [5], [6], [0, 1, 2, 3, 4], [0, 1, 2, 3, 4], [5], [6], [0, 1, 2, 3, 4], [0, 1, 2, 3, 4], [5], [6], [0, 1, 2, 3, 4], [0, 1, 2, 3, 4], [5], [6], [0, 1, 2, 3, 4], [5], [6], [0, 1, 2, 3, 4], [0, 1, 2, 3, 4], [0, 1, 2, 3, 4], [5], [6], [0, 1, 2, 3, 4], [0, 1, 2, 3, 4], [5], [6], [0, 1, 2, 3, 4], [0, 1, 2, 3, 4], [5], [6], [0, 1, 2, 3, 4], [6], [5], [6], [5], [0, 1, 2, 3, 4], [0, 1, 2, 3, 4], [0, 1, 2, 3, 4], [5], [6], [0, 1, 2, 3, 4], [0, 1, 2, 3, 4], [5], [6], [5], [6], [0, 1, 2, 3, 4], [0, 1, 2, 3, 4], [5], [6]]
26;26;[12528070, 12529707, 12528071, 12529694, 12550864, 12550846, 12550855, 12528067, 12529689, 12528068, 12529708, 12550847, 12550856, 12550848, 12550857, 12550880, 12550849, 12528034, 12529709, 12529698, 12550827, 12528066, 12550881, 12550850, 12550858, 12550882, 12550813, 12528037, 12529699, 12528052, 12529710, 12550828, 12550843, 12528035, 12529700, 12550814, 12528053, 12529711, 12550830, 12550815, 12528051, 12529701, 12550829, 12550831, 12528054, 12529712, 12550816, 12550832, 12528038, 12529687, 12550817, 12528055, 12529713, 12550833, 12529703, 12550834, 12528056, 12529714, 12550819, 12550835, 12528049, 12529705, 12550818, 12550820, 12528043, 12528057, 12529715, 12550836, 12550821, 12528048, 12529695, 12550837, 12528058, 12529716, 12550822, 12550838, 12528041, 12529696, 12550823, 12528059, 12529717, 12550839, 12550824, 12529704, 12528047, 12528040, 12529718, 12550825, 12550863, 12528062, 12529697, 12550826, 12528063, 12529719, 12550840, 12550861, 12528042, 12529688, 12550859, 12528045, 12529720, 12550860, 12550862, 12550851, 12528039, 12529690, 12550865, 12550872, 12528044, 12529721, 12550852, 12528046, 12529691, 12550841, 12550866, 12528050, 12529722, 12550873, 12528060, 12529692, 12550853, 12550842, 12550867, 12528061, 12529723, 12528036, 12529706, 12550874, 12550854, 12528065, 12550844, 12529724, 12550870, 12550876, 12528069, 12529702, 12550868, 12528064, 12529725, 12550875, 12550869, 12550877, 12550871, 12528072, 12529693, 12528073, 12529726, 12550878, 12550879, 12550845];[05:02, 05:02, 05:05, 05:05, 05:19, 05:38, 05:55, 06:04, 06:04, 06:06, 06:06, 06:08, 06:25, 06:36, 06:43, 06:55, 07:02, 07:05, 07:05, 07:11, 07:13, 07:19, 07:25, 07:32, 07:40, 07:55, 08:01, 08:11, 08:11, 08:14, 08:14, 08:20, 08:35, 08:55, 08:55, 09:05, 09:15, 09:15, 09:19, 09:37, 09:38, 09:38, 09:40, 09:48, 09:59, 09:59, 10:07, 10:18, 10:21, 10:21, 10:35, 10:44, 10:48, 10:49, 11:06, 11:21, 11:29, 11:29, 11:32, 11:49, 11:51, 11:51, 11:56, 12:04, 12:04, 12:14, 12:14, 12:16, 12:36, 12:37, 12:37, 12:46, 12:59, 12:59, 13:05, 13:17, 13:20, 13:20, 13:34, 13:45, 13:45, 13:49, 14:03, 14:05, 14:29, 14:31, 14:31, 14:33, 14:41, 14:50, 14:50, 15:04, 15:16, 15:16, 15:18, 15:32, 15:35, 15:35, 15:38, 16:01, 16:01, 16:02, 16:08, 16:19, 16:21, 16:21, 16:32, 16:38, 16:48, 16:48, 17:02, 17:06, 17:13, 17:17, 17:32, 17:34, 17:34, 17:47, 17:51, 17:51, 18:04, 18:17, 18:34, 18:34, 18:34, 18:51, 18:51, 18:54, 19:04, 19:19, 19:22, 19:32, 19:36, 19:52, 19:52, 19:56, 20:06, 20:11, 20:11, 20:24, 20:36, 20:54, 21:06, 21:14, 21:14, 21:16, 21:16, 21:34, 21:59, 22:17];[[5], [6], [5], [6], [0, 1, 2, 3, 4], [0, 1, 2, 3, 4], [0, 1, 2, 3, 4], [5], [6], [5], [6], [0, 1, 2, 3, 4], [0, 1, 2, 3, 4], [0, 1, 2, 3, 4], [0, 1, 2, 3, 4], [0, 1, 2, 3, 4], [0, 1, 2, 3, 4], [5], [6], [6], [0, 1, 2, 3, 4], [5], [0, 1, 2, 3, 4], [0, 1, 2, 3, 4], [0, 1, 2, 3, 4], [0, 1, 2, 3, 4], [0, 1, 2, 3, 4], [5], [6], [5], [6], [0, 1, 2, 3, 4], [0, 1, 2, 3, 4], [5], [6], [0, 1, 2, 3, 4], [5], [6], [0, 1, 2, 3, 4], [0, 1, 2, 3, 4], [5], [6], [0, 1, 2, 3, 4], [0, 1, 2, 3, 4], [5], [6], [0, 1, 2, 3, 4], [0, 1, 2, 3, 4], [5], [6], [0, 1, 2, 3, 4], [5], [6], [0, 1, 2, 3, 4], [6], [0, 1, 2, 3, 4], [5], [6], [0, 1, 2, 3, 4], [0, 1, 2, 3, 4], [5], [6], [0, 1, 2, 3, 4], [0, 1, 2, 3, 4], [5], [5], [6], [0, 1, 2, 3, 4], [0, 1, 2, 3, 4], [5], [6], [0, 1, 2, 3, 4], [5], [6], [0, 1, 2, 3, 4], [0, 1, 2, 3, 4], [5], [6], [0, 1, 2, 3, 4], [5], [6], [0, 1, 2, 3, 4], [0, 1, 2, 3, 4], [6], [5], [5], [6], [0, 1, 2, 3, 4], [0, 1, 2, 3, 4], [5], [6], [0, 1, 2, 3, 4], [5], [6], [0, 1, 2, 3, 4], [0, 1, 2, 3, 4], [5], [6], [0, 1, 2, 3, 4], [5], [6], [0, 1, 2, 3, 4], [0, 1, 2, 3, 4], [0, 1, 2, 3, 4], [5], [6], [0, 1, 2, 3, 4], [0, 1, 2, 3, 4], [5], [6], [0, 1, 2, 3, 4], [5], [6], [0, 1, 2, 3, 4], [0, 1, 2, 3, 4], [5], [6], [0, 1, 2, 3, 4], [5], [6], [0, 1, 2, 3, 4], [0, 1, 2, 3, 4], [0, 1, 2, 3, 4], [5], [6], [5], [6], [0, 1, 2, 3, 4], [0, 1, 2, 3, 4], [5], [0, 1, 2, 3, 4], [6], [0, 1, 2, 3, 4], [0, 1, 2, 3, 4], [5], [6], [0, 1, 2, 3, 4], [5], [6], [0, 1, 2, 3, 4], [0, 1, 2, 3, 4], [0, 1, 2, 3, 4], [0, 1, 2, 3, 4], [5], [6], [5], [6], [0, 1, 2, 3, 4], [0, 1, 2, 3, 4], [0, 1, 2, 3, 4]]
29;29;[12515562, 12519666, 12522619, 12515563, 12519609, 12515565, 12519668, 12522589, 12515564, 12519582, 12522621, 12515566, 12515636, 12515571, 12519669, 12522593, 12515570, 12515568, 12519610, 12522623, 12515619, 12515569, 12522617, 12515576, 12515572, 12519585, 12522625, 12515573, 12515577, 12515574, 12519628, 12522613, 12519626, 12515579, 12515575, 12519586, 12522627, 12515581, 12519631, 12522580, 12515625, 12519588, 12522629, 12515634, 12515630, 12519633, 12522611, 12515584, 12519589, 12522631, 12515629, 12515635, 12519636, 12522584, 12515578, 12519613, 12522633, 12515587, 12519638, 12522603, 12515580, 12515585, 12519593, 12522635, 12519640, 12515589, 12522574, 12519594, 12522637, 12515583, 12515593, 12519641, 12522604, 12515586, 12519595, 12522639, 12515596, 12519643, 12522585, 12515590, 12515582, 12515597, 12519596, 12522641, 12515588, 12522586, 12519645, 12515598, 12519664, 12522643, 12515626, 12515600, 12519647, 12522582, 12515627, 12519598, 12522645, 12522579, 12519663, 12515620, 12515601, 12519617, 12522647, 12515591, 12515621, 12519650, 12522602, 12522649, 12515622, 12515628, 12519601, 12515592, 12519652, 12515595, 12522651, 12515623, 12519618, 12522601, 12522598, 12515594, 12519654, 12515624, 12519604, 12515599, 12519656, 12522590, 12519605, 12522655, 12522653, 12515603, 12515604, 12519658, 12522606, 12519620, 12522657, 12515606, 12519660, 12522614, 12515609, 12519621, 12522659, 12515633, 12515610, 12519634, 12522575, 12519622, 12522661, 12515613, 12515612, 12515611, 12519672, 12522578, 12519677, 12522663, 12515615, 12515616, 12522665, 12519630, 12519678, 12522588, 12515618, 12515617, 12519675, 12519624];[03:51, 04:11, 04:36, 04:39, 05:21, 05:31, 05:31, 05:31, 05:39, 05:54, 05:54, 06:01, 06:01, 06:17, 06:46, 06:46, 06:47, 06:57, 07:02, 07:02, 07:10, 07:27, 07:43, 07:47, 07:58, 08:05, 08:05, 08:17, 08:17, 08:28, 08:37, 08:37, 08:40, 08:47, 08:58, 09:01, 09:01, 09:17, 09:24, 09:24, 09:28, 09:42, 09:42, 09:47, 09:58, 10:04, 10:04, 10:17, 10:22, 10:22, 10:28, 10:38, 10:45, 10:45, 10:58, 11:02, 11:02, 11:08, 11:26, 11:26, 11:28, 11:38, 11:42, 11:42, 12:03, 12:08, 12:13, 12:18, 12:18, 12:28, 12:38, 12:43, 12:43, 12:57, 12:58, 12:58, 13:08, 13:21, 13:21, 13:27, 13:34, 13:34, 13:38, 13:38, 13:57, 14:01, 14:03, 14:04, 14:18, 14:18, 14:27, 14:32, 14:41, 14:41, 14:57, 15:02, 15:09, 15:18, 15:25, 15:32, 15:41, 15:44, 15:44, 15:59, 16:02, 16:08, 16:08, 16:19, 16:32, 16:34, 16:40, 16:48, 16:48, 16:59, 16:59, 17:02, 17:02, 17:22, 17:26, 17:29, 17:30, 17:32, 17:38, 17:59, 18:11, 18:11, 18:18, 18:18, 18:36, 18:44, 18:59, 19:02, 19:02, 19:08, 19:08, 19:44, 20:03, 20:03, 20:04, 20:08, 20:08, 21:04, 21:06, 21:09, 21:09, 21:12, 21:12, 21:20, 21:57, 22:04, 22:12, 22:12, 22:12, 22:12, 22:52, 23:04, 23:12, 23:12, 23:12, 23:12, 23:57, 24:08, 24:12, 24:17];[[0, 1, 2, 3, 4], [5], [6], [0, 1, 2, 3, 4], [5], [0, 1, 2, 3, 4], [5], [6], [0, 1, 2, 3, 4], [5], [6], [0, 1, 2, 3, 4], [0, 1, 2, 3, 4], [0, 1, 2, 3, 4], [5], [6], [0, 1, 2, 3, 4], [0, 1, 2, 3, 4], [5], [6], [0, 1, 2, 3, 4], [0, 1, 2, 3, 4], [6], [0, 1, 2, 3, 4], [0, 1, 2, 3, 4], [5], [6], [0, 1, 2, 3, 4], [0, 1, 2, 3, 4], [0, 1, 2, 3, 4], [5], [6], [5], [0, 1, 2, 3, 4], [0, 1, 2, 3, 4], [5], [6], [0, 1, 2, 3, 4], [5], [6], [0, 1, 2, 3, 4], [5], [6], [0, 1, 2, 3, 4], [0, 1, 2, 3, 4], [5], [6], [0, 1, 2, 3, 4], [5], [6], [0, 1, 2, 3, 4], [0, 1, 2, 3, 4], [5], [6], [0, 1, 2, 3, 4], [5], [6], [0, 1, 2, 3, 4], [5], [6], [0, 1, 2, 3, 4], [0, 1, 2, 3, 4], [5], [6], [5], [0, 1, 2, 3, 4], [6], [5], [6], [0, 1, 2, 3, 4], [0, 1, 2, 3, 4], [5], [6], [0, 1, 2, 3, 4], [5], [6], [0, 1, 2, 3, 4], [5], [6], [0, 1, 2, 3, 4], [0, 1, 2, 3, 4], [0, 1, 2, 3, 4], [5], [6], [0, 1, 2, 3, 4], [6], [5], [0, 1, 2, 3, 4], [5], [6], [0, 1, 2, 3, 4], [0, 1, 2, 3, 4], [5], [6], [0, 1, 2, 3, 4], [5], [6], [6], [5], [0, 1, 2, 3, 4], [0, 1, 2, 3, 4], [5], [6], [0, 1, 2, 3, 4], [0, 1, 2, 3, 4], [5], [6], [6], [0, 1, 2, 3, 4], [0, 1, 2, 3, 4], [5], [0, 1, 2, 3, 4], [5], [0, 1, 2, 3, 4], [6], [0, 1, 2, 3, 4], [5], [6], [6], [0, 1, 2, 3, 4], [5], [0, 1, 2, 3, 4], [5], [0, 1, 2, 3, 4], [5], [6], [5], [6], [6], [0, 1, 2, 3, 4], [0, 1, 2, 3, 4], [5], [6], [5], [6], [0, 1, 2, 3, 4], [5], [6], [0, 1, 2, 3, 4], [5], [6], [0, 1, 2, 3, 4], [0, 1, 2, 3, 4], [5], [6], [5], [6], [0, 1, 2, 3, 4], [0, 1, 2, 3, 4], [0, 1, 2, 3, 4], [5], [6], [5], [6], [0, 1, 2, 3, 4], [0, 1, 2, 3, 4], [6], [5], [5], [6], [0, 1, 2, 3, 4], [0, 1, 2, 3, 4], [5], [5]]
29A;29A;[12515632, 12522607, 12519667, 12515631, 12522620, 12519581, 12515567, 12522596, 12519637, 12522622, 12519583, 12522577, 12519625, 12522624, 12519584, 12522612, 12519627, 12522626, 12519611, 12522609, 12519629, 12519587, 12522628, 12519632, 12522630, 12519612, 12522608, 12522592, 12522632, 12519590, 12522594, 12522634, 12519591, 12519639, 12519635, 12519592, 12519614, 12522583, 12522618, 12519662, 12522638, 12519665, 12522595, 12519642, 12522636, 12522640, 12519615, 12522597, 12519644, 12522642, 12519597, 12522576, 12519646, 12522644, 12519616, 12522587, 12519648, 12522646, 12519599, 12519649, 12522648, 12519600, 12522581, 12519651, 12522610, 12522650, 12519602, 12522599, 12519653, 12522652, 12519603, 12522591, 12519655, 12522654, 12519619, 12522573, 12519657, 12515602, 12522656, 12515637, 12515607, 12522616, 12519659, 12519606, 12515605, 12522658, 12519607, 12515608, 12522600, 12519661, 12515614, 12522660, 12519608, 12522605, 12519671, 12519676, 12522662, 12522615, 12519673, 12522664, 12519623, 12519674, 12519670];[04:24, 04:47, 04:47, 05:09, 05:16, 05:16, 05:24, 05:59, 05:59, 06:32, 06:32, 07:01, 07:01, 07:32, 07:36, 08:06, 08:06, 08:31, 08:31, 08:57, 08:57, 09:23, 09:33, 09:37, 10:02, 10:02, 10:20, 10:25, 10:42, 10:42, 10:55, 11:22, 11:22, 11:35, 11:43, 11:47, 11:58, 12:04, 12:15, 12:15, 12:38, 12:38, 12:55, 12:55, 13:08, 13:18, 13:18, 13:37, 13:37, 13:58, 13:58, 14:17, 14:17, 14:38, 14:38, 14:53, 14:53, 15:22, 15:22, 15:33, 15:59, 15:59, 16:12, 16:12, 16:24, 16:39, 16:39, 16:52, 16:52, 17:18, 17:18, 17:43, 17:43, 17:58, 17:58, 18:24, 18:24, 18:29, 18:38, 18:56, 19:07, 19:26, 19:26, 19:27, 19:29, 19:38, 19:38, 20:08, 20:28, 20:28, 20:34, 20:42, 20:42, 21:35, 21:35, 21:42, 21:53, 22:35, 22:35, 22:42, 22:42, 23:35, 23:47];[[0, 1, 2, 3, 4], [6], [5], [0, 1, 2, 3, 4], [6], [5], [0, 1, 2, 3, 4], [6], [5], [6], [5], [6], [5], [6], [5], [6], [5], [6], [5], [6], [5], [5], [6], [5], [6], [5], [6], [6], [6], [5], [6], [6], [5], [5], [5], [5], [5], [6], [6], [5], [6], [5], [6], [5], [6], [6], [5], [6], [5], [6], [5], [6], [5], [6], [5], [6], [5], [6], [5], [5], [6], [5], [6], [5], [6], [6], [5], [6], [5], [6], [5], [6], [5], [6], [5], [6], [5], [0, 1, 2, 3, 4], [6], [0, 1, 2, 3, 4], [0, 1, 2, 3, 4], [6], [5], [5], [0, 1, 2, 3, 4], [6], [5], [0, 1, 2, 3, 4], [6], [5], [0, 1, 2, 3, 4], [6], [5], [6], [5], [5], [6], [6], [5], [6], [5], [5], [5]]
30;30;[12526698, 12526718, 12526699, 12526719, 12526700, 12526720, 12526701, 12560701, 12560703, 12560722, 12560762, 12526721, 12526702, 12526722, 12526703, 12526723, 12560640, 12560653, 12560724, 12560764, 12526724, 12526705, 12526725, 12560641, 12560654, 12560726, 12560766, 12526704, 12526726, 12526706, 12526727, 12526707, 12560728, 12560642, 12560768, 12526728, 12526708, 12526709, 12526729, 12560655, 12560656, 12560730, 12560643, 12560770, 12526710, 12526730, 12560772, 12526711, 12560657, 12560732, 12526731, 12560704, 12526712, 12526758, 12560644, 12560774, 12526759, 12560658, 12560734, 12526760, 12526713, 12526714, 12526761, 12560645, 12560659, 12560736, 12526715, 12526762, 12560776, 12526716, 12526763, 12560646, 12560778, 12526717, 12560660, 12560738, 12526753, 12526764, 12526765, 12560780, 12526752, 12560661, 12560740, 12526766, 12560647, 12526754, 12526767, 12560648, 12560782, 12526732, 12560662, 12560742, 12526768, 12526769, 12560649, 12560663, 12560744, 12526756, 12526770, 12526757, 12526755, 12526771, 12560784, 12560650, 12560786, 12560746, 12526739, 12526743, 12560664, 12526741, 12560651, 12560756, 12526750, 12560665, 12560748, 12526738, 12526751, 12526747, 12560652, 12560754, 12526746, 12560666, 12560750, 12526733, 12526740, 12526749, 12560705, 12560755, 12526745, 12560702, 12560752, 12526734, 12526748, 12526735, 12526742, 12526736, 12526744, 12526737];[04:01, 04:06, 04:31, 04:36, 04:58, 05:05, 05:28, 05:30, 05:30, 05:30, 05:30, 05:31, 05:51, 06:01, 06:21, 06:28, 06:30, 06:30, 06:30, 06:30, 06:58, 07:18, 07:25, 07:30, 07:30, 07:30, 07:30, 07:52, 07:53, 07:55, 08:23, 08:25, 08:30, 08:33, 08:49, 08:55, 08:58, 09:26, 09:29, 09:30, 09:30, 09:30, 09:35, 09:35, 09:56, 10:16, 10:25, 10:26, 10:30, 10:30, 10:32, 10:39, 10:59, 11:00, 11:25, 11:25, 11:29, 11:30, 11:30, 11:54, 11:56, 12:06, 12:18, 12:23, 12:30, 12:30, 12:35, 12:48, 12:58, 13:03, 13:13, 13:22, 13:22, 13:28, 13:30, 13:30, 13:54, 14:04, 14:14, 14:23, 14:24, 14:32, 14:32, 14:48, 14:52, 14:54, 15:12, 15:23, 15:23, 15:24, 15:30, 15:30, 15:48, 16:18, 16:23, 16:30, 16:30, 16:32, 16:49, 16:56, 17:10, 17:19, 17:22, 17:23, 17:23, 17:30, 17:32, 17:49, 17:54, 18:11, 18:23, 18:23, 18:24, 18:30, 18:30, 18:41, 19:11, 19:12, 19:23, 19:23, 19:27, 19:30, 19:30, 19:43, 19:57, 20:13, 20:23, 20:23, 20:29, 20:30, 20:30, 20:43, 20:59, 21:12, 21:29, 21:42, 21:59, 22:12];[[0, 1, 2, 3, 4], [0, 1, 2, 3, 4], [0, 1, 2, 3, 4], [0, 1, 2, 3, 4], [0, 1, 2, 3, 4], [0, 1, 2, 3, 4], [0, 1, 2, 3, 4], [5], [5], [6], [6], [0, 1, 2, 3, 4], [0, 1, 2, 3, 4], [0, 1, 2, 3, 4], [0, 1, 2, 3, 4], [0, 1, 2, 3, 4], [5], [5], [6], [6], [0, 1, 2, 3, 4], [0, 1, 2, 3, 4], [0, 1, 2, 3, 4], [5], [5], [6], [6], [0, 1, 2, 3, 4], [0, 1, 2, 3, 4], [0, 1, 2, 3, 4], [0, 1, 2, 3, 4], [0, 1, 2, 3, 4], [6], [5], [6], [0, 1, 2, 3, 4], [0, 1, 2, 3, 4], [0, 1, 2, 3, 4], [0, 1, 2, 3, 4], [5], [5], [6], [5], [6], [0, 1, 2, 3, 4], [0, 1, 2, 3, 4], [6], [0, 1, 2, 3, 4], [5], [6], [0, 1, 2, 3, 4], [5], [0, 1, 2, 3, 4], [0, 1, 2, 3, 4], [5], [6], [0, 1, 2, 3, 4], [5], [6], [0, 1, 2, 3, 4], [0, 1, 2, 3, 4], [0, 1, 2, 3, 4], [0, 1, 2, 3, 4], [5], [5], [6], [0, 1, 2, 3, 4], [0, 1, 2, 3, 4], [6], [0, 1, 2, 3, 4], [0, 1, 2, 3, 4], [5], [6], [0, 1, 2, 3, 4], [5], [6], [0, 1, 2, 3, 4], [0, 1, 2, 3, 4], [0, 1, 2, 3, 4], [6], [0, 1, 2, 3, 4], [5], [6], [0, 1, 2, 3, 4], [5], [0, 1, 2, 3, 4], [0, 1, 2, 3, 4], [5], [6], [0, 1, 2, 3, 4], [5], [6], [0, 1, 2, 3, 4], [0, 1, 2, 3, 4], [5], [5], [6], [0, 1, 2, 3, 4], [0, 1, 2, 3, 4], [0, 1, 2, 3, 4], [0, 1, 2, 3, 4], [0, 1, 2, 3, 4], [6], [5], [6], [6], [0, 1, 2, 3, 4], [0, 1, 2, 3, 4], [5], [0, 1, 2, 3, 4], [5], [6], [0, 1, 2, 3, 4], [5], [6], [0, 1, 2, 3, 4], [0, 1, 2, 3, 4], [0, 1, 2, 3, 4], [5], [6], [0, 1, 2, 3, 4], [5], [6], [0, 1, 2, 3, 4], [0, 1, 2, 3, 4], [0, 1, 2, 3, 4], [5], [6], [0, 1, 2, 3, 4], [5], [6], [0, 1, 2, 3, 4], [0, 1, 2, 3, 4], [0, 1, 2, 3, 4], [0, 1, 2, 3, 4], [0, 1, 2, 3, 4], [0, 1, 2, 3, 4], [0, 1, 2, 3, 4]]
33;33;[12525331, 12525335, 12525333, 12525320, 12525332, 12525321, 12525311, 12525322, 12525312, 12525323, 12528020, 12525313, 12525324, 12529657, 12528004, 12529658, 12525314, 12525325, 12528021, 12525315, 12525326, 12529666, 12528005, 12529659, 12525316, 12525327, 12528012, 12529667, 12525328, 12528006, 12529660, 12525318, 12525317, 12525336, 12528013, 12529668, 12525319, 12525330, 12528007, 12529661, 12525329, 12528014, 12529669, 12525337, 12525343, 12528008, 12529662, 12525339, 12525344, 12528015, 12529670, 12525338, 12525345, 12529663, 12525340, 12528009, 12525346, 12528016, 12529671, 12525341, 12528025, 12529664, 12525347, 12525342, 12528017, 12529672, 12525348, 12528010, 12529665, 12525349, 12529673, 12525354, 12525353, 12528018, 12525350, 12528011, 12529680, 12525364, 12525351, 12528023, 12529677, 12525365, 12525352, 12528026, 12529679, 12525366, 12528022, 12529674, 12525355, 12525367, 12529678, 12525356, 12525368, 12528027, 12528019, 12525358, 12529675, 12525369, 12525357, 12528024, 12529676, 12525370, 12525359, 12525360, 12525371, 12525334, 12525361, 12525362, 12525363];[05:18, 05:25, 05:38, 05:48, 06:08, 06:11, 06:36, 06:41, 07:06, 07:10, 07:10, 07:33, 07:42, 07:50, 08:02, 08:02, 08:03, 08:12, 08:28, 08:31, 08:45, 08:46, 08:57, 08:57, 09:01, 09:15, 09:23, 09:23, 09:44, 09:52, 09:52, 10:01, 10:14, 10:14, 10:18, 10:18, 10:31, 10:43, 10:43, 10:43, 11:01, 11:11, 11:11, 11:13, 11:30, 11:38, 11:38, 11:43, 11:59, 12:06, 12:06, 12:13, 12:29, 12:33, 12:48, 12:55, 12:59, 13:01, 13:01, 13:17, 13:28, 13:28, 13:29, 13:47, 13:53, 13:53, 14:04, 14:23, 14:23, 14:34, 14:48, 14:52, 14:55, 14:59, 15:04, 15:18, 15:18, 15:27, 15:34, 15:43, 15:43, 15:57, 16:09, 16:13, 16:13, 16:27, 16:41, 16:41, 16:44, 16:57, 17:13, 17:14, 17:32, 17:32, 17:36, 17:46, 18:01, 18:08, 18:16, 18:32, 18:32, 18:38, 18:49, 19:19, 19:26, 19:30, 19:49, 20:41, 20:49];[[0, 1, 2, 3, 4], [0, 1, 2, 3, 4], [0, 1, 2, 3, 4], [0, 1, 2, 3, 4], [0, 1, 2, 3, 4], [0, 1, 2, 3, 4], [0, 1, 2, 3, 4], [0, 1, 2, 3, 4], [0, 1, 2, 3, 4], [0, 1, 2, 3, 4], [5], [0, 1, 2, 3, 4], [0, 1, 2, 3, 4], [6], [5], [6], [0, 1, 2, 3, 4], [0, 1, 2, 3, 4], [5], [0, 1, 2, 3, 4], [0, 1, 2, 3, 4], [6], [5], [6], [0, 1, 2, 3, 4], [0, 1, 2, 3, 4], [5], [6], [0, 1, 2, 3, 4], [5], [6], [0, 1, 2, 3, 4], [0, 1, 2, 3, 4], [0, 1, 2, 3, 4], [5], [6], [0, 1, 2, 3, 4], [0, 1, 2, 3, 4], [5], [6], [0, 1, 2, 3, 4], [5], [6], [0, 1, 2, 3, 4], [0, 1, 2, 3, 4], [5], [6], [0, 1, 2, 3, 4], [0, 1, 2, 3, 4], [5], [6], [0, 1, 2, 3, 4], [0, 1, 2, 3, 4], [6], [0, 1, 2, 3, 4], [5], [0, 1, 2, 3, 4], [5], [6], [0, 1, 2, 3, 4], [5], [6], [0, 1, 2, 3, 4], [0, 1, 2, 3, 4], [5], [6], [0, 1, 2, 3, 4], [5], [6], [0, 1, 2, 3, 4], [6], [0, 1, 2, 3, 4], [0, 1, 2, 3, 4], [5], [0, 1, 2, 3, 4], [5], [6], [0, 1, 2, 3, 4], [0, 1, 2, 3, 4], [5], [6], [0, 1, 2, 3, 4], [0, 1, 2, 3, 4], [5], [6], [0, 1, 2, 3, 4], [5], [6], [0, 1, 2, 3, 4], [0, 1, 2, 3, 4], [6], [0, 1, 2, 3, 4], [0, 1, 2, 3, 4], [5], [5], [0, 1, 2, 3, 4], [6], [0, 1, 2, 3, 4], [0, 1, 2, 3, 4], [5], [6], [0, 1, 2, 3, 4], [0, 1, 2, 3, 4], [0, 1, 2, 3, 4], [0, 1, 2, 3, 4], [0, 1, 2, 3, 4], [0, 1, 2, 3, 4], [0, 1, 2, 3, 4], [0, 1, 2, 3, 4]]
35;35;[12528597, 12530227, 12526909, 12528599, 12530245, 12526927, 12526908, 12526910, 12530228, 12526928, 12528603, 12526911, 12528602, 12526929, 12530246, 12526912, 12528595, 12528598, 12530247, 12526930, 12530229, 12526913, 12526931, 12528601, 12530248, 12526914, 12528596, 12530230, 12526932, 12526915, 12528581, 12528600, 12530231, 12530249, 12526933, 12526916, 12528582, 12530232, 12530250, 12526935, 12526918, 12526934, 12526917, 12526936, 12526919, 12528569, 12528583, 12530233, 12530251, 12526938, 12526920, 12528568, 12528570, 12530234, 12528584, 12530252, 12526921, 12526939, 12526922, 12528571, 12530235, 12528585, 12530253, 12526937, 12526940, 12526923, 12526941, 12528572, 12530236, 12528586, 12526924, 12526925, 12528573, 12528587, 12530255, 12526943, 12530254, 12526926, 12526942, 12526944, 12526946, 12528574, 12530238, 12528588, 12530256, 12526945, 12526947, 12530237, 12526951, 12528575, 12530239, 12526948, 12528589, 12530257, 12526952, 12526949, 12528576, 12530240, 12528590, 12530258, 12526953, 12526954, 12530241, 12528591, 12530259, 12526963, 12526968, 12526967, 12526960, 12528578, 12530242, 12528577, 12528592, 12530260, 12526969, 12526950, 12526955, 12526970, 12528579, 12530243, 12528593, 12530261, 12526971, 12526959, 12526962, 12526972, 12528580, 12530244, 12526961, 12526957, 12528594, 12526956, 12526964, 12526958, 12530262, 12526966, 12526965];[04:58, 04:58, 05:00, 05:00, 05:00, 05:21, 05:30, 05:30, 05:42, 05:48, 05:50, 05:53, 06:16, 06:18, 06:21, 06:23, 06:32, 06:35, 06:35, 06:39, 06:43, 06:53, 07:09, 07:16, 07:16, 07:22, 07:22, 07:22, 07:42, 07:52, 08:06, 08:06, 08:06, 08:06, 08:12, 08:21, 08:56, 08:56, 08:56, 09:12, 09:20, 09:25, 09:39, 09:42, 09:46, 09:46, 09:46, 09:46, 09:46, 10:12, 10:16, 10:20, 10:29, 10:29, 10:32, 10:32, 10:46, 11:09, 11:16, 11:19, 11:19, 11:22, 11:22, 11:28, 11:39, 11:46, 12:09, 12:09, 12:09, 12:14, 12:18, 12:48, 12:59, 13:07, 13:07, 13:08, 13:14, 13:33, 13:38, 13:38, 13:40, 13:49, 13:49, 13:57, 13:57, 14:08, 14:11, 14:12, 14:38, 14:40, 14:40, 14:41, 14:47, 14:47, 15:08, 15:11, 15:30, 15:30, 15:37, 15:37, 15:38, 16:09, 16:20, 16:27, 16:27, 16:39, 16:43, 16:50, 17:09, 17:12, 17:12, 17:19, 17:20, 17:20, 17:21, 17:23, 17:45, 17:51, 18:02, 18:02, 18:10, 18:10, 18:21, 18:30, 18:45, 18:51, 19:08, 19:08, 19:15, 19:21, 19:30, 19:45, 19:51, 20:20, 20:22, 20:26, 20:50];[[5], [6], [0, 1, 2, 3, 4], [5], [6], [0, 1, 2, 3, 4], [0, 1, 2, 3, 4], [0, 1, 2, 3, 4], [6], [0, 1, 2, 3, 4], [5], [0, 1, 2, 3, 4], [5], [0, 1, 2, 3, 4], [6], [0, 1, 2, 3, 4], [5], [5], [6], [0, 1, 2, 3, 4], [6], [0, 1, 2, 3, 4], [0, 1, 2, 3, 4], [5], [6], [0, 1, 2, 3, 4], [5], [6], [0, 1, 2, 3, 4], [0, 1, 2, 3, 4], [5], [5], [6], [6], [0, 1, 2, 3, 4], [0, 1, 2, 3, 4], [5], [6], [6], [0, 1, 2, 3, 4], [0, 1, 2, 3, 4], [0, 1, 2, 3, 4], [0, 1, 2, 3, 4], [0, 1, 2, 3, 4], [0, 1, 2, 3, 4], [5], [5], [6], [6], [0, 1, 2, 3, 4], [0, 1, 2, 3, 4], [5], [5], [6], [5], [6], [0, 1, 2, 3, 4], [0, 1, 2, 3, 4], [0, 1, 2, 3, 4], [5], [6], [5], [6], [0, 1, 2, 3, 4], [0, 1, 2, 3, 4], [0, 1, 2, 3, 4], [0, 1, 2, 3, 4], [5], [6], [5], [0, 1, 2, 3, 4], [0, 1, 2, 3, 4], [5], [5], [6], [0, 1, 2, 3, 4], [6], [0, 1, 2, 3, 4], [0, 1, 2, 3, 4], [0, 1, 2, 3, 4], [0, 1, 2, 3, 4], [5], [6], [5], [6], [0, 1, 2, 3, 4], [0, 1, 2, 3, 4], [6], [0, 1, 2, 3, 4], [5], [6], [0, 1, 2, 3, 4], [5], [6], [0, 1, 2, 3, 4], [0, 1, 2, 3, 4], [5], [6], [5], [6], [0, 1, 2, 3, 4], [0, 1, 2, 3, 4], [6], [5], [6], [0, 1, 2, 3, 4], [0, 1, 2, 3, 4], [0, 1, 2, 3, 4], [0, 1, 2, 3, 4], [5], [6], [5], [5], [6], [0, 1, 2, 3, 4], [0, 1, 2, 3, 4], [0, 1, 2, 3, 4], [0, 1, 2, 3, 4], [5], [6], [5], [6], [0, 1, 2, 3, 4], [0, 1, 2, 3, 4], [0, 1, 2, 3, 4], [0, 1, 2, 3, 4], [5], [6], [0, 1, 2, 3, 4], [0, 1, 2, 3, 4], [5], [0, 1, 2, 3, 4], [0, 1, 2, 3, 4], [0, 1, 2, 3, 4], [6], [0, 1, 2, 3, 4], [0, 1, 2, 3, 4]]
37;37;[12559296, 12559295, 12559262, 12520125, 12559263, 12520126, 12554424, 12559243, 12520143, 12559282, 12559242, 12559244, 12559264, 12520161, 12554425, 12520144, 12554446, 12554445, 12559290, 12559265, 12520127, 12554426, 12559266, 12520145, 12554447, 12559245, 12559246, 12559283, 12520128, 12554427, 12520146, 12554448, 12559247, 12559267, 12520129, 12520147, 12554449, 12559291, 12559269, 12520130, 12554429, 12554428, 12559248, 12520148, 12554450, 12559268, 12559292, 12520131, 12554430, 12554451, 12559249, 12559270, 12554431, 12520150, 12554452, 12559250, 12520149, 12559271, 12559284, 12520133, 12554432, 12559272, 12520151, 12520132, 12559252, 12559251, 12559285, 12520134, 12554433, 12520152, 12554454, 12559253, 12559273, 12520135, 12554434, 12554453, 12520153, 12554455, 12559254, 12559286, 12520136, 12554435, 12559255, 12559275, 12520154, 12554456, 12559256, 12559287, 12520137, 12554436, 12520155, 12554457, 12559293, 12559274, 12520138, 12559257, 12559288, 12520156, 12554437, 12554458, 12520139, 12554438, 12559258, 12559311, 12554459, 12559294, 12559289, 12520140, 12554439, 12520158, 12554460, 12559276, 12559277, 12520157, 12554440, 12559260, 12520163, 12554461, 12559279, 12520141, 12559261, 12520162, 12554441, 12559278, 12520159, 12554462, 12559259, 12559298, 12559280, 12520142, 12554442, 12520164, 12554463, 12559299, 12559281, 12520167, 12554443, 12559300, 12554464, 12520166, 12559305, 12520165, 12554444, 12559306, 12520160, 12554465, 12559302, 12559307, 12559301, 12520168, 12559303, 12559308, 12559304, 12559297, 12559310, 12559309];[04:31, 04:53, 05:01, 05:10, 05:31, 05:51, 05:51, 05:53, 05:58, 06:01, 06:18, 06:21, 06:22, 06:32, 06:32, 06:39, 06:39, 06:50, 06:51, 06:52, 07:08, 07:08, 07:15, 07:18, 07:18, 07:21, 07:45, 07:45, 07:49, 07:49, 07:59, 07:59, 08:15, 08:20, 08:30, 08:40, 08:40, 08:45, 08:50, 09:08, 09:08, 09:13, 09:15, 09:17, 09:17, 09:40, 09:45, 09:49, 09:49, 09:58, 10:15, 10:20, 10:30, 10:39, 10:39, 10:45, 10:49, 10:50, 10:50, 11:11, 11:11, 11:20, 11:20, 11:29, 11:45, 11:46, 11:48, 11:52, 11:52, 12:01, 12:01, 12:15, 12:18, 12:33, 12:33, 12:41, 12:42, 12:42, 12:43, 12:48, 13:10, 13:10, 13:13, 13:17, 13:23, 13:23, 13:40, 13:47, 13:51, 13:51, 14:05, 14:05, 14:14, 14:15, 14:32, 14:40, 14:45, 14:46, 14:46, 14:46, 15:13, 15:13, 15:14, 15:16, 15:27, 15:44, 15:51, 16:02, 16:02, 16:08, 16:08, 16:09, 16:21, 16:32, 16:43, 16:44, 16:50, 16:50, 16:53, 17:03, 17:17, 17:24, 17:24, 17:30, 17:31, 17:38, 17:39, 17:53, 18:00, 18:05, 18:05, 18:12, 18:12, 18:23, 18:32, 18:46, 18:46, 18:53, 18:53, 19:00, 19:02, 19:27, 19:27, 19:32, 19:34, 19:34, 19:54, 20:02, 20:04, 20:15, 20:24, 20:32, 20:54, 21:27, 21:32, 22:15];[[0, 1, 2, 3, 4], [0, 1, 2, 3, 4], [0, 1, 2, 3, 4], [5], [0, 1, 2, 3, 4], [5], [6], [0, 1, 2, 3, 4], [5], [0, 1, 2, 3, 4], [0, 1, 2, 3, 4], [0, 1, 2, 3, 4], [0, 1, 2, 3, 4], [5], [6], [5], [6], [6], [0, 1, 2, 3, 4], [0, 1, 2, 3, 4], [5], [6], [0, 1, 2, 3, 4], [5], [6], [0, 1, 2, 3, 4], [0, 1, 2, 3, 4], [0, 1, 2, 3, 4], [5], [6], [5], [6], [0, 1, 2, 3, 4], [0, 1, 2, 3, 4], [5], [5], [6], [0, 1, 2, 3, 4], [0, 1, 2, 3, 4], [5], [6], [6], [0, 1, 2, 3, 4], [5], [6], [0, 1, 2, 3, 4], [0, 1, 2, 3, 4], [5], [6], [6], [0, 1, 2, 3, 4], [0, 1, 2, 3, 4], [6], [5], [6], [0, 1, 2, 3, 4], [5], [0, 1, 2, 3, 4], [0, 1, 2, 3, 4], [5], [6], [0, 1, 2, 3, 4], [5], [5], [0, 1, 2, 3, 4], [0, 1, 2, 3, 4], [0, 1, 2, 3, 4], [5], [6], [5], [6], [0, 1, 2, 3, 4], [0, 1, 2, 3, 4], [5], [6], [6], [5], [6], [0, 1, 2, 3, 4], [0, 1, 2, 3, 4], [5], [6], [0, 1, 2, 3, 4], [0, 1, 2, 3, 4], [5], [6], [0, 1, 2, 3, 4], [0, 1, 2, 3, 4], [5], [6], [5], [6], [0, 1, 2, 3, 4], [0, 1, 2, 3, 4], [5], [0, 1, 2, 3, 4], [0, 1, 2, 3, 4], [5], [6], [6], [5], [6], [0, 1, 2, 3, 4], [0, 1, 2, 3, 4], [6], [0, 1, 2, 3, 4], [0, 1, 2, 3, 4], [5], [6], [5], [6], [0, 1, 2, 3, 4], [0, 1, 2, 3, 4], [5], [6], [0, 1, 2, 3, 4], [5], [6], [0, 1, 2, 3, 4], [5], [0, 1, 2, 3, 4], [5], [6], [0, 1, 2, 3, 4], [5], [6], [0, 1, 2, 3, 4], [0, 1, 2, 3, 4], [0, 1, 2, 3, 4], [5], [6], [5], [6], [0, 1, 2, 3, 4], [0, 1, 2, 3, 4], [5], [6], [0, 1, 2, 3, 4], [6], [5], [0, 1, 2, 3, 4], [5], [6], [0, 1, 2, 3, 4], [5], [6], [0, 1, 2, 3, 4], [0, 1, 2, 3, 4], [0, 1, 2, 3, 4], [5], [0, 1, 2, 3, 4], [0, 1, 2, 3, 4], [0, 1, 2, 3, 4], [0, 1, 2, 3, 4], [0, 1, 2, 3, 4], [0, 1, 2, 3, 4]]
38;38;[12551056, 12551072, 12550999, 12560700, 12560721, 12560667, 12560761, 12551055, 12551049, 12551000, 12551053, 12551001, 12551026, 12551054, 12560668, 12560684, 12560723, 12560763, 12551050, 12551002, 12551027, 12551003, 12551004, 12560685, 12560725, 12551064, 12560669, 12560765, 12551005, 12551028, 12551006, 12551068, 12560670, 12560686, 12560767, 12551007, 12551029, 12560727, 12551008, 12551069, 12560671, 12560769, 12560687, 12560729, 12551009, 12551030, 12551066, 12560771, 12560731, 12551065, 12551010, 12551031, 12560688, 12560672, 12551011, 12551032, 12560673, 12560773, 12560689, 12560733, 12551012, 12551013, 12551034, 12560674, 12560775, 12560690, 12551014, 12551035, 12551033, 12551015, 12551036, 12560675, 12560777, 12560735, 12560737, 12560691, 12551016, 12551037, 12551059, 12551038, 12560676, 12560779, 12551039, 12560739, 12560692, 12551060, 12551040, 12551018, 12551074, 12560677, 12560781, 12551051, 12560741, 12560693, 12551067, 12551017, 12551052, 12551019, 12551042, 12551041, 12551020, 12560678, 12560783, 12551043, 12560694, 12551021, 12551044, 12551063, 12551045, 12560679, 12560785, 12551022, 12560745, 12551046, 12560695, 12560743, 12551061, 12551075, 12551070, 12551023, 12560758, 12551076, 12560747, 12560696, 12560680, 12551047, 12551024, 12560681, 12560759, 12560697, 12560749, 12551048, 12560682, 12560757, 12560698, 12551058, 12560683, 12551025, 12560699, 12560753, 12560760, 12560751, 12551062, 12551057, 12551071, 12551073];[04:15, 04:37, 04:55, 04:55, 04:55, 05:00, 05:00, 05:02, 05:11, 05:15, 05:22, 05:33, 05:47, 05:53, 06:00, 06:00, 06:00, 06:00, 06:12, 06:24, 06:30, 06:31, 06:46, 06:53, 06:53, 06:55, 07:00, 07:00, 07:06, 07:20, 07:36, 07:45, 07:55, 07:55, 07:55, 08:06, 08:10, 08:34, 08:36, 08:40, 08:55, 08:55, 09:00, 09:00, 09:06, 09:10, 09:40, 09:55, 09:58, 10:01, 10:09, 10:10, 10:14, 10:26, 10:36, 10:40, 10:53, 10:53, 11:00, 11:00, 11:06, 11:36, 11:40, 11:53, 11:53, 12:00, 12:04, 12:10, 12:17, 12:34, 12:40, 12:53, 12:53, 12:58, 13:00, 13:01, 13:04, 13:10, 13:24, 13:37, 13:52, 13:52, 13:57, 14:00, 14:01, 14:04, 14:17, 14:24, 14:44, 14:52, 14:52, 14:57, 15:00, 15:01, 15:05, 15:09, 15:17, 15:25, 15:37, 15:40, 15:45, 15:52, 15:52, 16:00, 16:01, 16:05, 16:20, 16:25, 16:40, 16:52, 16:52, 16:55, 16:59, 17:00, 17:00, 17:10, 17:20, 17:25, 17:40, 17:56, 17:56, 18:04, 18:05, 18:07, 18:18, 18:38, 18:53, 18:55, 18:55, 19:00, 19:00, 19:18, 19:53, 19:53, 20:00, 20:21, 20:53, 21:00, 21:00, 21:00, 21:02, 21:13, 21:26, 21:27, 22:00, 22:43];[[0, 1, 2, 3, 4], [0, 1, 2, 3, 4], [0, 1, 2, 3, 4], [5], [6], [5], [6], [0, 1, 2, 3, 4], [0, 1, 2, 3, 4], [0, 1, 2, 3, 4], [0, 1, 2, 3, 4], [0, 1, 2, 3, 4], [0, 1, 2, 3, 4], [0, 1, 2, 3, 4], [5], [5], [6], [6], [0, 1, 2, 3, 4], [0, 1, 2, 3, 4], [0, 1, 2, 3, 4], [0, 1, 2, 3, 4], [0, 1, 2, 3, 4], [5], [6], [0, 1, 2, 3, 4], [5], [6], [0, 1, 2, 3, 4], [0, 1, 2, 3, 4], [0, 1, 2, 3, 4], [0, 1, 2, 3, 4], [5], [5], [6], [0, 1, 2, 3, 4], [0, 1, 2, 3, 4], [6], [0, 1, 2, 3, 4], [0, 1, 2, 3, 4], [5], [6], [5], [6], [0, 1, 2, 3, 4], [0, 1, 2, 3, 4], [0, 1, 2, 3, 4], [6], [6], [0, 1, 2, 3, 4], [0, 1, 2, 3, 4], [0, 1, 2, 3, 4], [5], [5], [0, 1, 2, 3, 4], [0, 1, 2, 3, 4], [5], [6], [5], [6], [0, 1, 2, 3, 4], [0, 1, 2, 3, 4], [0, 1, 2, 3, 4], [5], [6], [5], [0, 1, 2, 3, 4], [0, 1, 2, 3, 4], [0, 1, 2, 3, 4], [0, 1, 2, 3, 4], [0, 1, 2, 3, 4], [5], [6], [6], [6], [5], [0, 1, 2, 3, 4], [0, 1, 2, 3, 4], [0, 1, 2, 3, 4], [0, 1, 2, 3, 4], [5], [6], [0, 1, 2, 3, 4], [6], [5], [0, 1, 2, 3, 4], [0, 1, 2, 3, 4], [0, 1, 2, 3, 4], [0, 1, 2, 3, 4], [5], [6], [0, 1, 2, 3, 4], [6], [5], [0, 1, 2, 3, 4], [0, 1, 2, 3, 4], [0, 1, 2, 3, 4], [0, 1, 2, 3, 4], [0, 1, 2, 3, 4], [0, 1, 2, 3, 4], [0, 1, 2, 3, 4], [5], [6], [0, 1, 2, 3, 4], [5], [0, 1, 2, 3, 4], [0, 1, 2, 3, 4], [0, 1, 2, 3, 4], [0, 1, 2, 3, 4], [5], [6], [0, 1, 2, 3, 4], [6], [0, 1, 2, 3, 4], [5], [6], [0, 1, 2, 3, 4], [0, 1, 2, 3, 4], [0, 1, 2, 3, 4], [0, 1, 2, 3, 4], [6], [0, 1, 2, 3, 4], [6], [5], [5], [0, 1, 2, 3, 4], [0, 1, 2, 3, 4], [5], [6], [5], [6], [0, 1, 2, 3, 4], [5], [6], [5], [0, 1, 2, 3, 4], [5], [0, 1, 2, 3, 4], [5], [6], [6], [6], [0, 1, 2, 3, 4], [0, 1, 2, 3, 4], [0, 1, 2, 3, 4], [0, 1, 2, 3, 4]]
42;42;[12526026, 12526027, 12526082, 12527777, 12529367, 12527807, 12529389, 12526028, 12526029, 12526081, 12526083, 12527779, 12529362, 12527808, 12526030, 12526084, 12526031, 12526085, 12527804, 12529385, 12527809, 12529391, 12526032, 12526086, 12529390, 12526033, 12526087, 12527800, 12529370, 12527810, 12529392, 12526088, 12526089, 12526035, 12527799, 12529382, 12529393, 12526034, 12526036, 12527811, 12526091, 12527788, 12529369, 12527812, 12529394, 12526092, 12526038, 12526093, 12527778, 12529377, 12526039, 12527813, 12529395, 12526040, 12526095, 12527793, 12527814, 12529396, 12526096, 12526042, 12529371, 12527776, 12529360, 12526097, 12526043, 12527815, 12529397, 12527780, 12529365, 12527816, 12529398, 12526045, 12526099, 12527803, 12529373, 12526046, 12526100, 12527817, 12529399, 12529359, 12527802, 12527818, 12529400, 12526048, 12526102, 12529387, 12526049, 12529401, 12526103, 12527794, 12529372, 12527792, 12527820, 12529402, 12526051, 12526105, 12527797, 12529386, 12526052, 12526106, 12527821, 12529403, 12527819, 12527790, 12527822, 12529404, 12526054, 12526108, 12527789, 12529378, 12526055, 12526109, 12527823, 12529405, 12529361, 12527783, 12529374, 12527824, 12529406, 12526057, 12526111, 12526058, 12527796, 12529381, 12526112, 12527825, 12526059, 12526113, 12529379, 12527826, 12529408, 12526061, 12526115, 12526132, 12527791, 12529376, 12526116, 12527827, 12529409, 12526063, 12526117, 12529407, 12527784, 12529363, 12529410, 12526065, 12527795, 12526119, 12527785, 12529384, 12526066, 12526120, 12526062, 12527829, 12529411, 12526067, 12526121, 12527828, 12527781, 12529388, 12527830, 12529412, 12526069, 12526123, 12526070, 12527786, 12529366, 12527831, 12529413, 12526071, 12526125, 12526126, 12527775, 12529364, 12527832, 12529414, 12526127, 12526073, 12529368, 12526124, 12527833, 12529415, 12526128, 12526074, 12527801, 12529383, 12527834, 12526075, 12526129, 12527798, 12527782, 12527805, 12529417, 12526076, 12526130, 12529416, 12527787, 12529375, 12527806, 12529418, 12526131, 12526025, 12529380, 12526080, 12526077, 12526079, 12526078, 12526134, 12526135, 12526136, 12526133];[04:46, 05:16, 05:26, 05:31, 05:31, 05:34, 05:34, 05:40, 05:55, 05:55, 05:56, 06:01, 06:01, 06:04, 06:10, 06:11, 06:25, 06:26, 06:31, 06:31, 06:34, 06:34, 06:40, 06:41, 06:44, 06:55, 06:56, 07:01, 07:01, 07:04, 07:04, 07:11, 07:23, 07:25, 07:26, 07:26, 07:30, 07:35, 07:40, 07:41, 07:53, 07:56, 07:56, 08:00, 08:00, 08:08, 08:10, 08:23, 08:24, 08:24, 08:25, 08:30, 08:30, 08:40, 08:53, 08:54, 09:00, 09:00, 09:08, 09:10, 09:14, 09:21, 09:21, 09:28, 09:30, 09:30, 09:30, 09:51, 09:51, 09:58, 09:58, 10:06, 10:07, 10:18, 10:18, 10:26, 10:27, 10:28, 10:42, 10:48, 10:57, 10:58, 10:58, 11:06, 11:09, 11:18, 11:25, 11:27, 11:29, 11:48, 11:48, 11:57, 11:57, 11:57, 12:05, 12:09, 12:18, 12:18, 12:25, 12:27, 12:27, 12:27, 12:43, 12:48, 12:57, 12:57, 13:04, 13:07, 13:18, 13:18, 13:24, 13:27, 13:29, 13:29, 13:43, 13:49, 13:49, 13:59, 13:59, 14:04, 14:07, 14:19, 14:19, 14:19, 14:22, 14:29, 14:34, 14:37, 14:49, 14:59, 14:59, 15:04, 15:07, 15:13, 15:19, 15:19, 15:22, 15:29, 15:29, 15:35, 15:37, 15:43, 15:49, 15:49, 15:59, 16:05, 16:06, 16:07, 16:19, 16:19, 16:20, 16:22, 16:29, 16:29, 16:29, 16:35, 16:37, 16:46, 16:49, 16:49, 16:58, 16:58, 17:05, 17:07, 17:20, 17:24, 17:24, 17:28, 17:28, 17:35, 17:38, 17:53, 17:54, 17:54, 18:00, 18:00, 18:08, 18:09, 18:24, 18:28, 18:30, 18:30, 18:38, 18:39, 18:55, 18:55, 19:01, 19:09, 19:10, 19:25, 19:26, 19:31, 19:31, 19:39, 19:40, 19:48, 20:00, 20:00, 20:01, 20:01, 20:10, 20:11, 20:34, 20:55, 20:56, 21:40, 21:41, 22:25, 22:26, 23:11, 24:22];[[0, 1, 2, 3, 4], [0, 1, 2, 3, 4], [0, 1, 2, 3, 4], [5], [6], [5], [6], [0, 1, 2, 3, 4], [0, 1, 2, 3, 4], [0, 1, 2, 3, 4], [0, 1, 2, 3, 4], [5], [6], [5], [0, 1, 2, 3, 4], [0, 1, 2, 3, 4], [0, 1, 2, 3, 4], [0, 1, 2, 3, 4], [5], [6], [5], [6], [0, 1, 2, 3, 4], [0, 1, 2, 3, 4], [6], [0, 1, 2, 3, 4], [0, 1, 2, 3, 4], [5], [6], [5], [6], [0, 1, 2, 3, 4], [0, 1, 2, 3, 4], [0, 1, 2, 3, 4], [5], [6], [6], [0, 1, 2, 3, 4], [0, 1, 2, 3, 4], [5], [0, 1, 2, 3, 4], [5], [6], [5], [6], [0, 1, 2, 3, 4], [0, 1, 2, 3, 4], [0, 1, 2, 3, 4], [5], [6], [0, 1, 2, 3, 4], [5], [6], [0, 1, 2, 3, 4], [0, 1, 2, 3, 4], [5], [5], [6], [0, 1, 2, 3, 4], [0, 1, 2, 3, 4], [6], [5], [6], [0, 1, 2, 3, 4], [0, 1, 2, 3, 4], [5], [6], [5], [6], [5], [6], [0, 1, 2, 3, 4], [0, 1, 2, 3, 4], [5], [6], [0, 1, 2, 3, 4], [0, 1, 2, 3, 4], [5], [6], [6], [5], [5], [6], [0, 1, 2, 3, 4], [0, 1, 2, 3, 4], [6], [0, 1, 2, 3, 4], [6], [0, 1, 2, 3, 4], [5], [6], [5], [5], [6], [0, 1, 2, 3, 4], [0, 1, 2, 3, 4], [5], [6], [0, 1, 2, 3, 4], [0, 1, 2, 3, 4], [5], [6], [5], [5], [5], [6], [0, 1, 2, 3, 4], [0, 1, 2, 3, 4], [5], [6], [0, 1, 2, 3, 4], [0, 1, 2, 3, 4], [5], [6], [6], [5], [6], [5], [6], [0, 1, 2, 3, 4], [0, 1, 2, 3, 4], [0, 1, 2, 3, 4], [5], [6], [0, 1, 2, 3, 4], [5], [0, 1, 2, 3, 4], [0, 1, 2, 3, 4], [6], [5], [6], [0, 1, 2, 3, 4], [0, 1, 2, 3, 4], [0, 1, 2, 3, 4], [5], [6], [0, 1, 2, 3, 4], [5], [6], [0, 1, 2, 3, 4], [0, 1, 2, 3, 4], [6], [5], [6], [6], [0, 1, 2, 3, 4], [5], [0, 1, 2, 3, 4], [5], [6], [0, 1, 2, 3, 4], [0, 1, 2, 3, 4], [0, 1, 2, 3, 4], [5], [6], [0, 1, 2, 3, 4], [0, 1, 2, 3, 4], [5], [5], [6], [5], [6], [0, 1, 2, 3, 4], [0, 1, 2, 3, 4], [0, 1, 2, 3, 4], [5], [6], [5], [6], [0, 1, 2, 3, 4], [0, 1, 2, 3, 4], [0, 1, 2, 3, 4], [5], [6], [5], [6], [0, 1, 2, 3, 4], [0, 1, 2, 3, 4], [6], [0, 1, 2, 3, 4], [5], [6], [0, 1, 2, 3, 4], [0, 1, 2, 3, 4], [5], [6], [5], [0, 1, 2, 3, 4], [0, 1, 2, 3, 4], [5], [5], [5], [6], [0, 1, 2, 3, 4], [0, 1, 2, 3, 4], [6], [5], [6], [5], [6], [0, 1, 2, 3, 4], [0, 1, 2, 3, 4], [6], [0, 1, 2, 3, 4], [0, 1, 2, 3, 4], [0, 1, 2, 3, 4], [0, 1, 2, 3, 4], [0, 1, 2, 3, 4], [0, 1, 2, 3, 4], [0, 1, 2, 3, 4], [0, 1, 2, 3, 4]]
42A;42A;[12526037, 12526090, 12526094, 12526041, 12526044, 12526098, 12526047, 12526101, 12526050, 12526104, 12526053, 12526056, 12526107, 12526110, 12526060, 12526114, 12526064, 12526118, 12526068, 12526122, 12526072];[07:51, 08:17, 08:38, 08:49, 09:42, 09:47, 10:42, 10:49, 11:42, 11:49, 13:11, 13:39, 13:40, 13:47, 14:42, 14:52, 15:44, 15:52, 16:44, 16:52, 18:15];[[0, 1, 2, 3, 4], [0, 1, 2, 3, 4], [0, 1, 2, 3, 4], [0, 1, 2, 3, 4], [0, 1, 2, 3, 4], [0, 1, 2, 3, 4], [0, 1, 2, 3, 4], [0, 1, 2, 3, 4], [0, 1, 2, 3, 4], [0, 1, 2, 3, 4], [0, 1, 2, 3, 4], [0, 1, 2, 3, 4], [0, 1, 2, 3, 4], [0, 1, 2, 3, 4], [0, 1, 2, 3, 4], [0, 1, 2, 3, 4], [0, 1, 2, 3, 4], [0, 1, 2, 3, 4], [0, 1, 2, 3, 4], [0, 1, 2, 3, 4], [0, 1, 2, 3, 4]]
43;43;[12563658, 12520663, 12523484, 12563722, 12563692, 12563659, 12520679, 12520788, 12523482, 12523485, 12563660, 12520680, 12520699, 12523440, 12523486, 12563619, 12563693, 12563618, 12563620, 12563723, 12520664, 12523487, 12563662, 12563621, 12520665, 12520701, 12523477, 12523488, 12563661, 12520681, 12523489, 12520702, 12523435, 12563694, 12563622, 12520682, 12563663, 12563623, 12520683, 12523491, 12523490, 12520704, 12523426, 12520703, 12523471, 12563664, 12520666, 12523492, 12563624, 12523493, 12563695, 12523479, 12520705, 12523455, 12563625, 12520668, 12523494, 12563626, 12563665, 12520684, 12523495, 12520708, 12523458, 12520707, 12563696, 12520669, 12523496, 12563666, 12563628, 12520695, 12523497, 12520667, 12520710, 12523463, 12523442, 12563627, 12520709, 12523447, 12520670, 12523498, 12563629, 12520671, 12523499, 12520706, 12520712, 12523439, 12520685, 12563630, 12520711, 12523421, 12563667, 12563697, 12520686, 12523501, 12563631, 12563668, 12520714, 12523502, 12520713, 12523474, 12523500, 12563632, 12563669, 12520672, 12523503, 12523423, 12523445, 12520688, 12523504, 12563633, 12520715, 12523473, 12520689, 12523505, 12520718, 12523449, 12563634, 12520687, 12563671, 12520696, 12523506, 12520717, 12523456, 12563672, 12520673, 12523507, 12520720, 12523441, 12520719, 12523428, 12520674, 12523508, 12563636, 12563673, 12520690, 12523509, 12520716, 12563674, 12520722, 12523438, 12563637, 12520721, 12523466, 12563670, 12563675, 12520675, 12523511, 12563638, 12520724, 12523434, 12520676, 12523512, 12563677, 12520723, 12523461, 12563700, 12520697, 12520691, 12523513, 12563676, 12523443, 12563635, 12563639, 12520692, 12523514, 12523510, 12520725, 12523430, 12563678, 12520693, 12523515, 12563701, 12520728, 12520677, 12523516, 12563680, 12520727, 12523454, 12563640, 12523517, 12520729, 12523452, 12563641, 12520734, 12523518, 12520678, 12520731, 12523453, 12520726, 12523451, 12563698, 12520757, 12523519, 12563642, 12520700, 12523432, 12520758, 12563681, 12520730, 12523431, 12563643, 12520759, 12523521, 12563682, 12520698, 12523480, 12563702, 12520760, 12523522, 12520733, 12523429, 12563679, 12563699, 12520761, 12523523, 12520735, 12523457, 12520762, 12523524, 12563683, 12563703, 12520732, 12523481, 12523520, 12520763, 12563684, 12563645, 12523448, 12520737, 12520764, 12523526, 12523525, 12520736, 12523462, 12563685, 12563646, 12523527, 12520739, 12523472, 12563644, 12520766, 12523528, 12563687, 12563647, 12563704, 12520738, 12523476, 12520767, 12523529, 12563686, 12563648, 12520741, 12523478, 12520768, 12523530, 12520740, 12523483, 12563649, 12520769, 12523531, 12520743, 12523450, 12563689, 12563650, 12520770, 12523532, 12520742, 12523467, 12520771, 12523533, 12563690, 12563651, 12520765, 12520745, 12523464, 12520772, 12523534, 12520744, 12523424, 12563691, 12563652, 12563688, 12520773, 12523535, 12520747, 12523437, 12523427, 12520774, 12523536, 12563710, 12520775, 12523537, 12563654, 12520749, 12563707, 12520748, 12523475, 12563653, 12563655, 12523538, 12563709, 12520776, 12563656, 12520746, 12563708, 12520777, 12523539, 12520750, 12523436, 12520751, 12523468, 12563717, 12563657, 12523470, 12520778, 12563718, 12563712, 12520752, 12523422, 12563719, 12563713, 12520779, 12523541, 12520753, 12523469, 12563720, 12563714, 12520780, 12523542, 12563721, 12520754, 12523459, 12563715, 12523540, 12563728, 12563716, 12520787, 12523543, 12520755, 12523446, 12563729, 12520781, 12523544, 12523444, 12563705, 12520756, 12563706, 12563726, 12520784, 12523545, 12563711, 12520694, 12523425, 12520790, 12523546, 12520782, 12523460, 12563731, 12563730, 12520786, 12523547, 12520783, 12563724, 12563727, 12523433, 12520789, 12523548, 12523465, 12563725, 12520785];[03:46, 03:59, 03:59, 04:03, 04:06, 04:26, 04:29, 04:29, 04:29, 04:29, 04:46, 04:59, 04:59, 04:59, 04:59, 05:03, 05:06, 05:21, 05:23, 05:23, 05:29, 05:29, 05:31, 05:39, 05:43, 05:43, 05:43, 05:43, 05:46, 05:49, 05:49, 05:56, 05:56, 05:58, 05:59, 06:03, 06:10, 06:19, 06:20, 06:20, 06:22, 06:23, 06:23, 06:26, 06:26, 06:30, 06:33, 06:33, 06:39, 06:48, 06:50, 06:54, 06:57, 06:57, 06:59, 07:03, 07:03, 07:08, 07:10, 07:18, 07:18, 07:22, 07:22, 07:29, 07:30, 07:33, 07:33, 07:47, 07:48, 07:48, 07:48, 07:52, 07:52, 07:52, 07:53, 07:55, 07:59, 07:59, 08:03, 08:03, 08:08, 08:12, 08:12, 08:17, 08:22, 08:22, 08:26, 08:28, 08:29, 08:29, 08:31, 08:37, 08:41, 08:41, 08:48, 08:51, 08:52, 08:56, 08:59, 08:59, 09:04, 09:08, 09:11, 09:11, 09:11, 09:21, 09:21, 09:26, 09:26, 09:28, 09:29, 09:29, 09:41, 09:41, 09:43, 09:43, 09:48, 09:48, 09:51, 09:56, 09:56, 09:58, 09:58, 10:11, 10:11, 10:11, 10:13, 10:13, 10:24, 10:24, 10:26, 10:26, 10:28, 10:31, 10:41, 10:41, 10:42, 10:43, 10:43, 10:43, 10:49, 10:54, 10:54, 10:57, 11:03, 11:04, 11:04, 11:09, 11:13, 11:13, 11:19, 11:19, 11:23, 11:24, 11:28, 11:29, 11:30, 11:34, 11:34, 11:43, 11:43, 11:47, 11:49, 11:49, 11:49, 11:51, 11:54, 11:54, 12:03, 12:04, 12:04, 12:09, 12:13, 12:19, 12:19, 12:23, 12:24, 12:24, 12:29, 12:34, 12:43, 12:43, 12:49, 12:49, 12:49, 12:50, 12:54, 12:54, 13:00, 13:00, 13:03, 13:04, 13:04, 13:09, 13:13, 13:13, 13:19, 13:23, 13:24, 13:24, 13:29, 13:34, 13:34, 13:43, 13:43, 13:43, 13:49, 13:49, 13:49, 13:54, 13:54, 14:01, 14:03, 14:04, 14:04, 14:13, 14:13, 14:19, 14:19, 14:20, 14:21, 14:24, 14:24, 14:33, 14:34, 14:40, 14:41, 14:43, 14:47, 14:49, 14:49, 14:50, 14:54, 14:54, 15:00, 15:01, 15:04, 15:13, 15:13, 15:15, 15:19, 15:19, 15:20, 15:21, 15:22, 15:24, 15:24, 15:34, 15:34, 15:40, 15:41, 15:47, 15:47, 15:49, 15:49, 15:54, 15:54, 16:01, 16:04, 16:12, 16:17, 16:17, 16:20, 16:21, 16:23, 16:23, 16:26, 16:26, 16:38, 16:38, 16:40, 16:41, 16:43, 16:47, 16:47, 16:53, 16:53, 16:56, 16:56, 17:00, 17:01, 17:01, 17:08, 17:08, 17:17, 17:17, 17:26, 17:27, 17:27, 17:31, 17:42, 17:42, 17:45, 17:45, 17:51, 17:56, 17:56, 18:00, 18:05, 18:07, 18:11, 18:12, 18:25, 18:30, 18:31, 18:32, 18:32, 18:40, 18:40, 18:47, 18:47, 18:51, 18:54, 18:54, 19:02, 19:13, 19:14, 19:17, 19:17, 19:33, 19:34, 19:39, 19:39, 19:47, 19:47, 19:53, 19:54, 20:09, 20:09, 20:13, 20:19, 20:19, 20:27, 20:31, 20:33, 20:34, 20:39, 20:39, 20:49, 20:49, 21:03, 21:09, 21:09, 21:20, 21:24, 21:24, 21:28, 21:33, 21:39, 21:39, 21:54, 21:55, 21:55, 22:08, 22:08, 22:25, 22:25, 22:28, 22:33, 23:20, 23:20, 23:25, 23:28, 23:45, 23:58, 24:15, 24:15, 24:25, 24:28, 24:37];[[0, 1, 2, 3, 4], [5], [6], [0, 1, 2, 3, 4], [0, 1, 2, 3, 4], [0, 1, 2, 3, 4], [5], [5], [6], [6], [0, 1, 2, 3, 4], [5], [5], [6], [6], [0, 1, 2, 3, 4], [0, 1, 2, 3, 4], [0, 1, 2, 3, 4], [0, 1, 2, 3, 4], [0, 1, 2, 3, 4], [5], [6], [0, 1, 2, 3, 4], [0, 1, 2, 3, 4], [5], [5], [6], [6], [0, 1, 2, 3, 4], [5], [6], [5], [6], [0, 1, 2, 3, 4], [0, 1, 2, 3, 4], [5], [0, 1, 2, 3, 4], [0, 1, 2, 3, 4], [5], [6], [6], [5], [6], [5], [6], [0, 1, 2, 3, 4], [5], [6], [0, 1, 2, 3, 4], [6], [0, 1, 2, 3, 4], [6], [5], [6], [0, 1, 2, 3, 4], [5], [6], [0, 1, 2, 3, 4], [0, 1, 2, 3, 4], [5], [6], [5], [6], [5], [0, 1, 2, 3, 4], [5], [6], [0, 1, 2, 3, 4], [0, 1, 2, 3, 4], [5], [6], [5], [5], [6], [6], [0, 1, 2, 3, 4], [5], [6], [5], [6], [0, 1, 2, 3, 4], [5], [6], [5], [5], [6], [5], [0, 1, 2, 3, 4], [5], [6], [0, 1, 2, 3, 4], [0, 1, 2, 3, 4], [5], [6], [0, 1, 2, 3, 4], [0, 1, 2, 3, 4], [5], [6], [5], [6], [6], [0, 1, 2, 3, 4], [0, 1, 2, 3, 4], [5], [6], [6], [6], [5], [6], [0, 1, 2, 3, 4], [5], [6], [5], [6], [5], [6], [0, 1, 2, 3, 4], [5], [0, 1, 2, 3, 4], [5], [6], [5], [6], [0, 1, 2, 3, 4], [5], [6], [5], [6], [5], [6], [5], [6], [0, 1, 2, 3, 4], [0, 1, 2, 3, 4], [5], [6], [5], [0, 1, 2, 3, 4], [5], [6], [0, 1, 2, 3, 4], [5], [6], [0, 1, 2, 3, 4], [0, 1, 2, 3, 4], [5], [6], [0, 1, 2, 3, 4], [5], [6], [5], [6], [0, 1, 2, 3, 4], [5], [6], [0, 1, 2, 3, 4], [5], [5], [6], [0, 1, 2, 3, 4], [6], [0, 1, 2, 3, 4], [0, 1, 2, 3, 4], [5], [6], [6], [5], [6], [0, 1, 2, 3, 4], [5], [6], [0, 1, 2, 3, 4], [5], [5], [6], [0, 1, 2, 3, 4], [5], [6], [0, 1, 2, 3, 4], [6], [5], [6], [0, 1, 2, 3, 4], [5], [6], [5], [5], [6], [5], [6], [0, 1, 2, 3, 4], [5], [6], [0, 1, 2, 3, 4], [5], [6], [5], [0, 1, 2, 3, 4], [5], [6], [0, 1, 2, 3, 4], [5], [6], [0, 1, 2, 3, 4], [5], [6], [0, 1, 2, 3, 4], [5], [6], [5], [6], [0, 1, 2, 3, 4], [0, 1, 2, 3, 4], [5], [6], [5], [6], [5], [6], [0, 1, 2, 3, 4], [0, 1, 2, 3, 4], [5], [6], [6], [5], [0, 1, 2, 3, 4], [0, 1, 2, 3, 4], [6], [5], [5], [6], [6], [5], [6], [0, 1, 2, 3, 4], [0, 1, 2, 3, 4], [6], [5], [6], [0, 1, 2, 3, 4], [5], [6], [0, 1, 2, 3, 4], [0, 1, 2, 3, 4], [0, 1, 2, 3, 4], [5], [6], [5], [6], [0, 1, 2, 3, 4], [0, 1, 2, 3, 4], [5], [6], [5], [6], [5], [6], [0, 1, 2, 3, 4], [5], [6], [5], [6], [0, 1, 2, 3, 4], [0, 1, 2, 3, 4], [5], [6], [5], [6], [5], [6], [0, 1, 2, 3, 4], [0, 1, 2, 3, 4], [5], [5], [6], [5], [6], [5], [6], [0, 1, 2, 3, 4], [0, 1, 2, 3, 4], [0, 1, 2, 3, 4], [5], [6], [5], [6], [6], [5], [6], [0, 1, 2, 3, 4], [5], [6], [0, 1, 2, 3, 4], [5], [0, 1, 2, 3, 4], [5], [6], [0, 1, 2, 3, 4], [0, 1, 2, 3, 4], [6], [0, 1, 2, 3, 4], [5], [0, 1, 2, 3, 4], [5], [0, 1, 2, 3, 4], [5], [6], [5], [6], [5], [6], [0, 1, 2, 3, 4], [0, 1, 2, 3, 4], [6], [5], [0, 1, 2, 3, 4], [0, 1, 2, 3, 4], [5], [6], [0, 1, 2, 3, 4], [0, 1, 2, 3, 4], [5], [6], [5], [6], [0, 1, 2, 3, 4], [0, 1, 2, 3, 4], [5], [6], [0, 1, 2, 3, 4], [5], [6], [0, 1, 2, 3, 4], [6], [0, 1, 2, 3, 4], [0, 1, 2, 3, 4], [5], [6], [5], [6], [0, 1, 2, 3, 4], [5], [6], [6], [0, 1, 2, 3, 4], [5], [0, 1, 2, 3, 4], [0, 1, 2, 3, 4], [5], [6], [0, 1, 2, 3, 4], [5], [6], [5], [6], [5], [6], [0, 1, 2, 3, 4], [0, 1, 2, 3, 4], [5], [6], [5], [0, 1, 2, 3, 4], [0, 1, 2, 3, 4], [6], [5], [6], [6], [0, 1, 2, 3, 4], [5]]
453;453;[12526202, 12526195, 12526196, 12526206, 12526205, 12526197, 12526198, 12526204, 12526207, 12526200, 12526199, 12526201, 12526203, 12526208];[05:34, 06:06, 06:36, 07:06, 07:34, 08:06, 08:36, 14:30, 15:02, 15:58, 16:31, 17:03, 17:29, 18:02];[[0, 1, 2, 3, 4], [0, 1, 2, 3, 4], [0, 1, 2, 3, 4], [0, 1, 2, 3, 4], [0, 1, 2, 3, 4], [0, 1, 2, 3, 4], [0, 1, 2, 3, 4], [0, 1, 2, 3, 4], [0, 1, 2, 3, 4], [0, 1, 2, 3, 4], [0, 1, 2, 3, 4], [0, 1, 2, 3, 4], [0, 1, 2, 3, 4], [0, 1, 2, 3, 4]]
46;46;[12562461, 12562441, 12562477, 12562421, 12562396, 12563363, 12563381, 12562462, 12563301, 12562422, 12562478, 12562397, 12563364, 12562463, 12562378, 12563382, 12562442, 12562423, 12562443, 12562479, 12562464, 12562379, 12563365, 12562398, 12563383, 12562444, 12562424, 12562480, 12562399, 12563366, 12562380, 12563384, 12562425, 12562445, 12562481, 12562400, 12563367, 12562381, 12563385, 12562466, 12562465, 12562426, 12562446, 12562401, 12562382, 12563386, 12562467, 12562482, 12562427, 12562447, 12562483, 12563368, 12562402, 12563369, 12563387, 12562468, 12562428, 12562448, 12562484, 12562384, 12562403, 12563370, 12563388, 12562469, 12562429, 12562383, 12562485, 12562470, 12562385, 12562404, 12563371, 12563389, 12562430, 12562450, 12562486, 12562471, 12563372, 12562386, 12562449, 12563390, 12562451, 12562431, 12562487, 12562472, 12562406, 12563373, 12562387, 12562405, 12563391, 12562452, 12562488, 12562432, 12562473, 12562407, 12563374, 12562388, 12563392, 12562453, 12562436, 12562389, 12562408, 12563393, 12562474, 12562489, 12562437, 12562454, 12562490, 12562409, 12563376, 12563394, 12562475, 12562438, 12562455, 12563375, 12562491, 12562410, 12563377, 12562391, 12563395, 12562476, 12562390, 12562419, 12562440, 12562460, 12562395, 12563378, 12562392, 12563396, 12562458, 12562420, 12562439, 12562459, 12563302, 12563379, 12562456, 12562393, 12563397, 12562457, 12562394, 12563380];[04:50, 05:07, 05:15, 05:32, 05:35, 05:35, 05:38, 05:45, 05:50, 05:58, 06:02, 06:32, 06:32, 06:37, 06:38, 06:38, 06:53, 06:57, 06:59, 07:02, 07:32, 07:32, 07:32, 07:51, 07:51, 07:54, 07:56, 08:07, 08:30, 08:30, 08:32, 08:32, 08:56, 08:58, 09:07, 09:28, 09:28, 09:30, 09:30, 09:37, 09:40, 09:56, 09:58, 10:27, 10:30, 10:30, 10:37, 10:50, 10:56, 10:58, 11:05, 11:21, 11:27, 11:27, 11:30, 11:35, 11:56, 11:58, 12:05, 12:27, 12:27, 12:27, 12:27, 12:35, 12:56, 13:00, 13:05, 13:27, 13:27, 13:27, 13:27, 13:27, 13:56, 13:56, 14:02, 14:25, 14:26, 14:27, 14:37, 14:46, 14:52, 14:54, 14:55, 15:25, 15:26, 15:26, 15:28, 15:28, 15:28, 15:52, 15:55, 15:56, 16:25, 16:27, 16:27, 16:28, 16:28, 16:54, 16:56, 17:28, 17:28, 17:28, 17:32, 17:52, 17:56, 17:56, 18:02, 18:28, 18:28, 18:29, 18:36, 18:56, 18:56, 19:00, 19:07, 19:28, 19:28, 19:34, 19:34, 19:37, 19:53, 19:57, 20:01, 20:05, 20:29, 20:29, 20:34, 20:34, 20:40, 20:57, 21:02, 21:10, 21:29, 21:29, 21:32, 21:36, 21:52, 22:13, 22:31, 22:31];[[0, 1, 2, 3, 4], [0, 1, 2, 3, 4], [0, 1, 2, 3, 4], [0, 1, 2, 3, 4], [5], [6], [6], [0, 1, 2, 3, 4], [5], [0, 1, 2, 3, 4], [0, 1, 2, 3, 4], [5], [6], [0, 1, 2, 3, 4], [5], [6], [0, 1, 2, 3, 4], [0, 1, 2, 3, 4], [0, 1, 2, 3, 4], [0, 1, 2, 3, 4], [0, 1, 2, 3, 4], [5], [6], [5], [6], [0, 1, 2, 3, 4], [0, 1, 2, 3, 4], [0, 1, 2, 3, 4], [5], [6], [5], [6], [0, 1, 2, 3, 4], [0, 1, 2, 3, 4], [0, 1, 2, 3, 4], [5], [6], [5], [6], [0, 1, 2, 3, 4], [0, 1, 2, 3, 4], [0, 1, 2, 3, 4], [0, 1, 2, 3, 4], [5], [5], [6], [0, 1, 2, 3, 4], [0, 1, 2, 3, 4], [0, 1, 2, 3, 4], [0, 1, 2, 3, 4], [0, 1, 2, 3, 4], [6], [5], [6], [6], [0, 1, 2, 3, 4], [0, 1, 2, 3, 4], [0, 1, 2, 3, 4], [0, 1, 2, 3, 4], [5], [5], [6], [6], [0, 1, 2, 3, 4], [0, 1, 2, 3, 4], [5], [0, 1, 2, 3, 4], [0, 1, 2, 3, 4], [5], [5], [6], [6], [0, 1, 2, 3, 4], [0, 1, 2, 3, 4], [0, 1, 2, 3, 4], [0, 1, 2, 3, 4], [6], [5], [0, 1, 2, 3, 4], [6], [0, 1, 2, 3, 4], [0, 1, 2, 3, 4], [0, 1, 2, 3, 4], [0, 1, 2, 3, 4], [5], [6], [5], [5], [6], [0, 1, 2, 3, 4], [0, 1, 2, 3, 4], [0, 1, 2, 3, 4], [0, 1, 2, 3, 4], [5], [6], [5], [6], [0, 1, 2, 3, 4], [0, 1, 2, 3, 4], [5], [5], [6], [0, 1, 2, 3, 4], [0, 1, 2, 3, 4], [0, 1, 2, 3, 4], [0, 1, 2, 3, 4], [0, 1, 2, 3, 4], [5], [6], [6], [0, 1, 2, 3, 4], [0, 1, 2, 3, 4], [0, 1, 2, 3, 4], [6], [0, 1, 2, 3, 4], [5], [6], [5], [6], [0, 1, 2, 3, 4], [5], [0, 1, 2, 3, 4], [0, 1, 2, 3, 4], [0, 1, 2, 3, 4], [5], [6], [5], [6], [0, 1, 2, 3, 4], [0, 1, 2, 3, 4], [0, 1, 2, 3, 4], [0, 1, 2, 3, 4], [5], [6], [0, 1, 2, 3, 4], [5], [6], [0, 1, 2, 3, 4], [5], [6]]
47;47;[12560462, 12560456, 12560464, 12560458, 12560465, 12523786, 12520955, 12523742, 12560459, 12560466, 12560457, 12560467, 12560460, 12560463, 12521013, 12520942, 12523743, 12560468, 12560461, 12520974, 12520975, 12523788, 12560469, 12560561, 12520956, 12523744, 12560507, 12523787, 12560471, 12560508, 12520990, 12523789, 12520943, 12523745, 12560472, 12560565, 12523790, 12523746, 12560473, 12560470, 12560574, 12520957, 12560474, 12560566, 12523747, 12560576, 12520944, 12520991, 12523791, 12560475, 12520958, 12560568, 12560575, 12520977, 12523792, 12560476, 12520945, 12523749, 12560577, 12560572, 12520976, 12560552, 12520978, 12560569, 12520959, 12523750, 12560573, 12523748, 12560509, 12560477, 12520992, 12523794, 12560510, 12520946, 12523751, 12560551, 12520993, 12523795, 12560567, 12520960, 12523752, 12560553, 12560511, 12520979, 12523796, 12521011, 12523753, 12560554, 12560512, 12521009, 12523797, 12560478, 12520961, 12560570, 12523793, 12520980, 12523798, 12560479, 12520948, 12523755, 12560513, 12560480, 12523799, 12560514, 12521010, 12523756, 12560481, 12520962, 12523757, 12560482, 12560516, 12520981, 12523801, 12520949, 12523758, 12523800, 12560517, 12520996, 12523802, 12560484, 12521012, 12523759, 12521008, 12560518, 12523754, 12520995, 12560485, 12520994, 12523803, 12560519, 12523760, 12560486, 12560520, 12520982, 12523804, 12560483, 12560487, 12560521, 12520997, 12523805, 12560488, 12560515, 12520964, 12523762, 12560489, 12520947, 12560523, 12520951, 12523763, 12523761, 12523807, 12560524, 12560490, 12520963, 12560522, 12520965, 12520983, 12523764, 12560491, 12520950, 12560492, 12560525, 12520998, 12523808, 12520952, 12523765, 12560526, 12560555, 12520984, 12523809, 12560527, 12520966, 12523766, 12523806, 12560545, 12520999, 12523810, 12520967, 12523767, 12560493, 12560529, 12520985, 12523811, 12560494, 12520953, 12523768, 12560530, 12560556, 12520986, 12520968, 12523769, 12560531, 12560558, 12521000, 12523813, 12520954, 12523770, 12560571, 12560495, 12560528, 12520987, 12560548, 12520969, 12523771, 12560532, 12560547, 12560533, 12560546, 12560497, 12521001, 12523815, 12523772, 12560549, 12560498, 12521016, 12523816, 12520971, 12523773, 12560535, 12520970, 12560499, 12521017, 12523817, 12560536, 12523812, 12520972, 12560500, 12521018, 12523818, 12560537, 12521007, 12523775, 12560501, 12560496, 12560562, 12521019, 12523819, 12523814, 12521006, 12523776, 12560502, 12521020, 12523820, 12523774, 12560564, 12521026, 12523777, 12523821, 12560503, 12560542, 12560534, 12560557, 12560504, 12521021, 12560538, 12520973, 12523778, 12520988, 12523822, 12560540, 12560505, 12560563, 12523779, 12523823, 12521002, 12560543, 12560559, 12521015, 12521022, 12523780, 12523824, 12560539, 12521028, 12523781, 12560506, 12521027, 12521003, 12523826, 12521023, 12523782, 12560541, 12520989, 12521005, 12523825, 12523827, 12521025, 12523783, 12560560, 12560597, 12521024, 12523784, 12521004, 12523828, 12523785, 12560578, 12560544, 12560550, 12560579, 12521014];[03:55, 04:11, 04:31, 04:51, 04:51, 04:59, 05:06, 05:06, 05:11, 05:11, 05:19, 05:25, 05:26, 05:28, 05:29, 05:36, 05:36, 05:45, 05:46, 05:56, 05:59, 05:59, 06:01, 06:02, 06:06, 06:06, 06:18, 06:18, 06:25, 06:26, 06:29, 06:29, 06:36, 06:36, 06:41, 06:42, 06:53, 06:56, 06:57, 06:59, 07:06, 07:07, 07:13, 07:14, 07:16, 07:22, 07:23, 07:23, 07:23, 07:29, 07:36, 07:38, 07:38, 07:43, 07:43, 07:45, 07:48, 07:48, 07:52, 07:54, 08:00, 08:01, 08:03, 08:08, 08:08, 08:08, 08:10, 08:10, 08:12, 08:22, 08:23, 08:23, 08:24, 08:28, 08:28, 08:35, 08:40, 08:40, 08:44, 08:46, 08:46, 08:51, 09:00, 09:00, 09:00, 09:06, 09:06, 09:08, 09:16, 09:20, 09:20, 09:24, 09:26, 09:33, 09:33, 09:39, 09:39, 09:40, 09:46, 09:46, 09:48, 09:56, 09:59, 10:04, 10:06, 10:06, 10:11, 10:26, 10:26, 10:27, 10:35, 10:38, 10:38, 10:40, 10:40, 10:48, 10:51, 10:58, 10:58, 10:59, 11:00, 11:00, 11:04, 11:07, 11:07, 11:12, 11:13, 11:18, 11:18, 11:19, 11:20, 11:29, 11:35, 11:37, 11:37, 11:41, 11:45, 11:51, 11:57, 11:57, 12:01, 12:02, 12:02, 12:02, 12:14, 12:17, 12:21, 12:22, 12:22, 12:32, 12:36, 12:37, 12:39, 12:40, 12:42, 12:42, 12:42, 12:42, 12:46, 12:51, 12:52, 12:53, 12:56, 12:56, 12:59, 12:59, 13:02, 13:08, 13:16, 13:16, 13:18, 13:19, 13:19, 13:21, 13:24, 13:35, 13:35, 13:39, 13:39, 13:40, 13:50, 13:55, 13:55, 13:56, 13:56, 13:59, 14:09, 14:12, 14:15, 14:16, 14:16, 14:25, 14:29, 14:35, 14:35, 14:36, 14:36, 14:41, 14:45, 14:50, 14:55, 14:56, 14:56, 14:56, 14:57, 15:04, 15:11, 15:12, 15:14, 15:15, 15:15, 15:20, 15:24, 15:28, 15:34, 15:34, 15:40, 15:40, 15:43, 15:43, 15:48, 15:54, 15:54, 15:59, 15:59, 16:00, 16:06, 16:14, 16:14, 16:15, 16:20, 16:20, 16:27, 16:32, 16:33, 16:34, 16:34, 16:36, 16:40, 16:40, 16:43, 16:54, 16:54, 17:02, 17:05, 17:13, 17:13, 17:14, 17:17, 17:21, 17:27, 17:35, 17:37, 17:41, 17:43, 17:43, 17:43, 17:44, 17:44, 17:59, 18:07, 18:13, 18:16, 18:16, 18:21, 18:22, 18:37, 18:46, 18:46, 18:46, 18:46, 18:52, 19:18, 19:18, 19:23, 19:31, 19:46, 19:46, 19:48, 19:48, 19:56, 19:57, 20:19, 20:19, 20:19, 20:20, 20:20, 20:27, 20:34, 20:50, 20:50, 21:00, 21:00, 21:25, 21:31, 22:15, 22:25, 22:31, 22:48];[[0, 1, 2, 3, 4], [0, 1, 2, 3, 4], [0, 1, 2, 3, 4], [0, 1, 2, 3, 4], [0, 1, 2, 3, 4], [6], [5], [6], [0, 1, 2, 3, 4], [0, 1, 2, 3, 4], [0, 1, 2, 3, 4], [0, 1, 2, 3, 4], [0, 1, 2, 3, 4], [0, 1, 2, 3, 4], [5], [5], [6], [0, 1, 2, 3, 4], [0, 1, 2, 3, 4], [5], [5], [6], [0, 1, 2, 3, 4], [0, 1, 2, 3, 4], [5], [6], [0, 1, 2, 3, 4], [6], [0, 1, 2, 3, 4], [0, 1, 2, 3, 4], [5], [6], [5], [6], [0, 1, 2, 3, 4], [0, 1, 2, 3, 4], [6], [6], [0, 1, 2, 3, 4], [0, 1, 2, 3, 4], [0, 1, 2, 3, 4], [5], [0, 1, 2, 3, 4], [0, 1, 2, 3, 4], [6], [0, 1, 2, 3, 4], [5], [5], [6], [0, 1, 2, 3, 4], [5], [0, 1, 2, 3, 4], [0, 1, 2, 3, 4], [5], [6], [0, 1, 2, 3, 4], [5], [6], [0, 1, 2, 3, 4], [0, 1, 2, 3, 4], [5], [0, 1, 2, 3, 4], [5], [0, 1, 2, 3, 4], [5], [6], [0, 1, 2, 3, 4], [6], [0, 1, 2, 3, 4], [0, 1, 2, 3, 4], [5], [6], [0, 1, 2, 3, 4], [5], [6], [0, 1, 2, 3, 4], [5], [6], [0, 1, 2, 3, 4], [5], [6], [0, 1, 2, 3, 4], [0, 1, 2, 3, 4], [5], [6], [5], [6], [0, 1, 2, 3, 4], [0, 1, 2, 3, 4], [5], [6], [0, 1, 2, 3, 4], [5], [0, 1, 2, 3, 4], [6], [5], [6], [0, 1, 2, 3, 4], [5], [6], [0, 1, 2, 3, 4], [0, 1, 2, 3, 4], [6], [0, 1, 2, 3, 4], [5], [6], [0, 1, 2, 3, 4], [5], [6], [0, 1, 2, 3, 4], [0, 1, 2, 3, 4], [5], [6], [5], [6], [6], [0, 1, 2, 3, 4], [5], [6], [0, 1, 2, 3, 4], [5], [6], [5], [0, 1, 2, 3, 4], [6], [5], [0, 1, 2, 3, 4], [5], [6], [0, 1, 2, 3, 4], [6], [0, 1, 2, 3, 4], [0, 1, 2, 3, 4], [5], [6], [0, 1, 2, 3, 4], [0, 1, 2, 3, 4], [0, 1, 2, 3, 4], [5], [6], [0, 1, 2, 3, 4], [0, 1, 2, 3, 4], [5], [6], [0, 1, 2, 3, 4], [5], [0, 1, 2, 3, 4], [5], [6], [6], [6], [0, 1, 2, 3, 4], [0, 1, 2, 3, 4], [5], [0, 1, 2, 3, 4], [5], [5], [6], [0, 1, 2, 3, 4], [5], [0, 1, 2, 3, 4], [0, 1, 2, 3, 4], [5], [6], [5], [6], [0, 1, 2, 3, 4], [0, 1, 2, 3, 4], [5], [6], [0, 1, 2, 3, 4], [5], [6], [6], [0, 1, 2, 3, 4], [5], [6], [5], [6], [0, 1, 2, 3, 4], [0, 1, 2, 3, 4], [5], [6], [0, 1, 2, 3, 4], [5], [6], [0, 1, 2, 3, 4], [0, 1, 2, 3, 4], [5], [5], [6], [0, 1, 2, 3, 4], [0, 1, 2, 3, 4], [5], [6], [5], [6], [0, 1, 2, 3, 4], [0, 1, 2, 3, 4], [0, 1, 2, 3, 4], [5], [0, 1, 2, 3, 4], [5], [6], [0, 1, 2, 3, 4], [0, 1, 2, 3, 4], [0, 1, 2, 3, 4], [0, 1, 2, 3, 4], [0, 1, 2, 3, 4], [5], [6], [6], [0, 1, 2, 3, 4], [0, 1, 2, 3, 4], [5], [6], [5], [6], [0, 1, 2, 3, 4], [5], [0, 1, 2, 3, 4], [5], [6], [0, 1, 2, 3, 4], [6], [5], [0, 1, 2, 3, 4], [5], [6], [0, 1, 2, 3, 4], [5], [6], [0, 1, 2, 3, 4], [0, 1, 2, 3, 4], [0, 1, 2, 3, 4], [5], [6], [6], [5], [6], [0, 1, 2, 3, 4], [5], [6], [6], [0, 1, 2, 3, 4], [5], [6], [6], [0, 1, 2, 3, 4], [0, 1, 2, 3, 4], [0, 1, 2, 3, 4], [0, 1, 2, 3, 4], [0, 1, 2, 3, 4], [5], [0, 1, 2, 3, 4], [5], [6], [5], [6], [0, 1, 2, 3, 4], [0, 1, 2, 3, 4], [0, 1, 2, 3, 4], [6], [6], [5], [0, 1, 2, 3, 4], [0, 1, 2, 3, 4], [5], [5], [6], [6], [0, 1, 2, 3, 4], [5], [6], [0, 1, 2, 3, 4], [5], [5], [6], [5], [6], [0, 1, 2, 3, 4], [5], [5], [6], [6], [5], [6], [0, 1, 2, 3, 4], [0, 1, 2, 3, 4], [5], [6], [5], [6], [6], [0, 1, 2, 3, 4], [0, 1, 2, 3, 4], [0, 1, 2, 3, 4], [0, 1, 2, 3, 4], [5]]
472;472;[12558386, 12558387, 12558388, 12558390, 12558389, 12558381, 12558382, 12558383, 12558384, 12558385];[06:23, 06:48, 07:23, 08:23, 08:44, 14:57, 15:30, 15:56, 16:33, 16:53];[[0, 1, 2, 3, 4], [0, 1, 2, 3, 4], [0, 1, 2, 3, 4], [0, 1, 2, 3, 4], [0, 1, 2, 3, 4], [0, 1, 2, 3, 4], [0, 1, 2, 3, 4], [0, 1, 2, 3, 4], [0, 1, 2, 3, 4], [0, 1, 2, 3, 4]]
473;473;[12558412, 12558413, 12558414, 12558415, 12558416, 12558418, 12558417, 12558420, 12558419, 12558407, 12558408, 12558409, 12558410, 12558411, 12558421];[06:23, 07:02, 07:23, 07:44, 08:44, 08:46, 09:23, 14:06, 15:02, 15:37, 16:02, 16:41, 16:59, 17:37, 18:03];[[0, 1, 2, 3, 4], [0, 1, 2, 3, 4], [0, 1, 2, 3, 4], [0, 1, 2, 3, 4], [0, 1, 2, 3, 4], [0, 1, 2, 3, 4], [0, 1, 2, 3, 4], [0, 1, 2, 3, 4], [0, 1, 2, 3, 4], [0, 1, 2, 3, 4], [0, 1, 2, 3, 4], [0, 1, 2, 3, 4], [0, 1, 2, 3, 4], [0, 1, 2, 3, 4], [0, 1, 2, 3, 4]]
47A;47A;[];[];[]
480;480;[12525806, 12525807, 12525808, 12525813, 12525809, 12525810, 12525811, 12525812];[06:15, 06:26, 07:26, 07:51, 08:26, 15:51, 16:51, 17:53];[[0, 1, 2, 3, 4], [0, 1, 2, 3, 4], [0, 1, 2, 3, 4], [0, 1, 2, 3, 4], [0, 1, 2, 3, 4], [0, 1, 2, 3, 4], [0, 1, 2, 3, 4], [0, 1, 2, 3, 4]]
50;50;[12545327, 12561528, 12561669, 12545291, 12545328, 12545292, 12561536, 12561698, 12545256, 12561548, 12561688, 12545293, 12545317, 12545294, 12561558, 12561695, 12561529, 12545295, 12545324, 12545258, 12545296, 12545257, 12561537, 12561549, 12561697, 12561700, 12545320, 12545297, 12545298, 12561699, 12545313, 12545299, 12545259, 12561530, 12561559, 12561690, 12561701, 12545300, 12545326, 12545301, 12545260, 12561550, 12561684, 12545323, 12561538, 12561702, 12545302, 12545261, 12545325, 12545319, 12561679, 12545303, 12545262, 12561531, 12561703, 12545290, 12545321, 12545338, 12545335, 12561560, 12545343, 12561539, 12561689, 12561704, 12545337, 12545350, 12545341, 12545336, 12545347, 12561532, 12561682, 12561551, 12561705, 12545322, 12545304, 12545263, 12561568, 12561569, 12561670, 12561561, 12561706, 12545312, 12545314, 12561671, 12545305, 12561540, 12561707, 12561552, 12545264, 12545306, 12561533, 12561562, 12561681, 12545318, 12561708, 12561541, 12561668, 12561570, 12561709, 12545307, 12545331, 12545329, 12561534, 12561687, 12545308, 12561563, 12561710, 12545266, 12545265, 12545330, 12561542, 12561571, 12561686, 12561711, 12545309, 12545267, 12561564, 12561692, 12561712, 12545268, 12545316, 12545270, 12545311, 12545315, 12561693, 12545269, 12561553, 12561713, 12545310, 12545271, 12561535, 12545289, 12545332, 12545272, 12561572, 12561685, 12561565, 12561714, 12545287, 12545255, 12545286, 12545273, 12545285, 12545247, 12561543, 12561554, 12561544, 12561715, 12561683, 12545251, 12545280, 12545243, 12545244, 12545281, 12545282, 12561566, 12561680, 12561574, 12545253, 12545339, 12545349, 12545334, 12561545, 12561694, 12561555, 12561717, 12545342, 12545345, 12561716, 12545344, 12545351, 12545348, 12545278, 12561573, 12561673, 12561567, 12561718, 12545279, 12545245, 12561556, 12561678, 12561546, 12561719, 12545333, 12545254, 12545277, 12545340, 12561547, 12561675, 12561557, 12561720, 12545249, 12545276, 12545250, 12561581, 12561696, 12561580, 12561721, 12545346, 12545241, 12561579, 12561722, 12545283, 12561582, 12561672, 12561578, 12561723, 12545246, 12545275, 12561583, 12545252, 12561575, 12545284, 12561584, 12561676, 12561674, 12561724, 12545248, 12561576, 12561725, 12545274, 12561691, 12561585, 12545242, 12561677, 12561577, 12545288, 12561586];[03:50, 03:58, 03:58, 04:00, 04:15, 04:28, 04:35, 04:35, 04:36, 04:38, 04:38, 04:48, 04:56, 05:08, 05:11, 05:11, 05:15, 05:28, 05:33, 05:39, 05:43, 05:48, 05:51, 05:51, 05:51, 05:51, 05:54, 05:58, 06:01, 06:07, 06:09, 06:22, 06:24, 06:31, 06:31, 06:31, 06:31, 06:32, 06:39, 06:47, 06:54, 07:04, 07:04, 07:09, 07:11, 07:11, 07:14, 07:25, 07:31, 07:35, 07:44, 07:46, 07:51, 07:51, 07:51, 07:57, 08:01, 08:07, 08:16, 08:16, 08:22, 08:24, 08:24, 08:28, 08:31, 08:37, 08:46, 08:52, 09:01, 09:04, 09:04, 09:08, 09:08, 09:09, 09:30, 09:37, 09:39, 09:43, 09:43, 09:47, 09:47, 09:58, 10:07, 10:23, 10:28, 10:28, 10:28, 10:35, 10:37, 10:58, 11:02, 11:03, 11:03, 11:07, 11:10, 11:40, 11:40, 11:43, 11:43, 11:52, 11:52, 12:07, 12:21, 12:21, 12:22, 12:22, 12:22, 12:37, 12:47, 12:52, 13:02, 13:02, 13:02, 13:02, 13:22, 13:37, 13:42, 13:42, 13:43, 13:52, 13:52, 14:07, 14:07, 14:15, 14:21, 14:22, 14:24, 14:24, 14:36, 14:37, 14:37, 14:51, 14:51, 14:52, 15:01, 15:01, 15:03, 15:03, 15:06, 15:07, 15:21, 15:22, 15:36, 15:37, 15:37, 15:41, 15:44, 15:44, 15:50, 15:52, 16:06, 16:07, 16:21, 16:21, 16:22, 16:22, 16:22, 16:24, 16:36, 16:42, 16:52, 16:57, 17:02, 17:02, 17:04, 17:04, 17:06, 17:12, 17:13, 17:21, 17:27, 17:36, 17:42, 17:43, 17:43, 17:44, 17:44, 17:57, 18:06, 18:23, 18:23, 18:24, 18:24, 18:27, 18:36, 18:57, 18:57, 19:03, 19:03, 19:04, 19:04, 19:15, 19:27, 19:41, 19:43, 19:43, 19:44, 19:44, 19:57, 20:11, 20:24, 20:24, 20:34, 20:35, 20:35, 21:04, 21:04, 21:11, 21:34, 21:37, 22:11, 22:15, 22:34, 22:35, 22:35, 22:41, 23:13, 23:14, 23:15, 23:15, 23:46, 24:08, 24:09, 24:16, 24:16, 24:23, 24:42, 24:46];[[0, 1, 2, 3, 4], [5], [6], [0, 1, 2, 3, 4], [0, 1, 2, 3, 4], [0, 1, 2, 3, 4], [5], [6], [0, 1, 2, 3, 4], [5], [6], [0, 1, 2, 3, 4], [0, 1, 2, 3, 4], [0, 1, 2, 3, 4], [5], [6], [5], [0, 1, 2, 3, 4], [0, 1, 2, 3, 4], [0, 1, 2, 3, 4], [0, 1, 2, 3, 4], [0, 1, 2, 3, 4], [5], [5], [6], [6], [0, 1, 2, 3, 4], [0, 1, 2, 3, 4], [0, 1, 2, 3, 4], [6], [0, 1, 2, 3, 4], [0, 1, 2, 3, 4], [0, 1, 2, 3, 4], [5], [5], [6], [6], [0, 1, 2, 3, 4], [0, 1, 2, 3, 4], [0, 1, 2, 3, 4], [0, 1, 2, 3, 4], [5], [6], [0, 1, 2, 3, 4], [5], [6], [0, 1, 2, 3, 4], [0, 1, 2, 3, 4], [0, 1, 2, 3, 4], [0, 1, 2, 3, 4], [6], [0, 1, 2, 3, 4], [0, 1, 2, 3, 4], [5], [6], [0, 1, 2, 3, 4], [0, 1, 2, 3, 4], [0, 1, 2, 3, 4], [0, 1, 2, 3, 4], [5], [0, 1, 2, 3, 4], [5], [6], [6], [0, 1, 2, 3, 4], [0, 1, 2, 3, 4], [0, 1, 2, 3, 4], [0, 1, 2, 3, 4], [0, 1, 2, 3, 4], [5], [6], [5], [6], [0, 1, 2, 3, 4], [0, 1, 2, 3, 4], [0, 1, 2, 3, 4], [5], [5], [6], [5], [6], [0, 1, 2, 3, 4], [0, 1, 2, 3, 4], [6], [0, 1, 2, 3, 4], [5], [6], [5], [0, 1, 2, 3, 4], [0, 1, 2, 3, 4], [5], [5], [6], [0, 1, 2, 3, 4], [6], [5], [6], [5], [6], [0, 1, 2, 3, 4], [0, 1, 2, 3, 4], [0, 1, 2, 3, 4], [5], [6], [0, 1, 2, 3, 4], [5], [6], [0, 1, 2, 3, 4], [0, 1, 2, 3, 4], [0, 1, 2, 3, 4], [5], [5], [6], [6], [0, 1, 2, 3, 4], [0, 1, 2, 3, 4], [5], [6], [6], [0, 1, 2, 3, 4], [0, 1, 2, 3, 4], [0, 1, 2, 3, 4], [0, 1, 2, 3, 4], [0, 1, 2, 3, 4], [6], [0, 1, 2, 3, 4], [5], [6], [0, 1, 2, 3, 4], [0, 1, 2, 3, 4], [5], [0, 1, 2, 3, 4], [0, 1, 2, 3, 4], [0, 1, 2, 3, 4], [5], [6], [5], [6], [0, 1, 2, 3, 4], [0, 1, 2, 3, 4], [0, 1, 2, 3, 4], [0, 1, 2, 3, 4], [0, 1, 2, 3, 4], [0, 1, 2, 3, 4], [5], [5], [5], [6], [6], [0, 1, 2, 3, 4], [0, 1, 2, 3, 4], [0, 1, 2, 3, 4], [0, 1, 2, 3, 4], [0, 1, 2, 3, 4], [0, 1, 2, 3, 4], [5], [6], [5], [0, 1, 2, 3, 4], [0, 1, 2, 3, 4], [0, 1, 2, 3, 4], [0, 1, 2, 3, 4], [5], [6], [5], [6], [0, 1, 2, 3, 4], [0, 1, 2, 3, 4], [6], [0, 1, 2, 3, 4], [0, 1, 2, 3, 4], [0, 1, 2, 3, 4], [0, 1, 2, 3, 4], [5], [6], [5], [6], [0, 1, 2, 3, 4], [0, 1, 2, 3, 4], [5], [6], [5], [6], [0, 1, 2, 3, 4], [0, 1, 2, 3, 4], [0, 1, 2, 3, 4], [0, 1, 2, 3, 4], [5], [6], [5], [6], [0, 1, 2, 3, 4], [0, 1, 2, 3, 4], [0, 1, 2, 3, 4], [5], [6], [5], [6], [0, 1, 2, 3, 4], [0, 1, 2, 3, 4], [5], [6], [0, 1, 2, 3, 4], [5], [6], [5], [6], [0, 1, 2, 3, 4], [0, 1, 2, 3, 4], [5], [0, 1, 2, 3, 4], [5], [0, 1, 2, 3, 4], [5], [6], [6], [6], [0, 1, 2, 3, 4], [5], [6], [0, 1, 2, 3, 4], [6], [5], [0, 1, 2, 3, 4], [6], [5], [0, 1, 2, 3, 4], [5]]
529;529;[12515526, 12515502, 12515528, 12515503, 12515527, 12515504, 12515530, 12515505, 12515529, 12515506, 12515508, 12515531, 12515507, 12515532, 12515509, 12515533, 12515534, 12515510, 12515535, 12515551, 12515536, 12515511, 12515537, 12515512, 12515538, 12515514, 12515539, 12515513, 12515540, 12515515, 12515542, 12515516, 12515517, 12515541, 12515519, 12515545, 12515518, 12515543, 12515523, 12515548, 12515520, 12515544, 12515547, 12515521, 12515546, 12515522, 12515524, 12515549, 12515525, 12515550, 12515552, 12515553];[06:00, 06:03, 06:30, 06:33, 07:00, 07:03, 07:27, 07:29, 07:57, 07:59, 08:29, 08:29, 08:59, 08:59, 09:29, 09:29, 09:58, 09:59, 10:28, 10:29, 10:58, 10:59, 11:28, 11:29, 11:58, 11:59, 12:28, 12:29, 12:58, 12:59, 13:27, 13:29, 13:57, 13:57, 14:27, 14:27, 14:57, 14:57, 15:27, 15:27, 15:55, 15:57, 16:27, 16:55, 16:57, 17:00, 17:22, 17:27, 17:52, 17:57, 18:26, 18:27];[[0, 1, 2, 3, 4], [0, 1, 2, 3, 4], [0, 1, 2, 3, 4], [0, 1, 2, 3, 4], [0, 1, 2, 3, 4], [0, 1, 2, 3, 4], [0, 1, 2, 3, 4], [0, 1, 2, 3, 4], [0, 1, 2, 3, 4], [0, 1, 2, 3, 4], [0, 1, 2, 3, 4], [0, 1, 2, 3, 4], [0, 1, 2, 3, 4], [0, 1, 2, 3, 4], [0, 1, 2, 3, 4], [0, 1, 2, 3, 4], [0, 1, 2, 3, 4], [0, 1, 2, 3, 4], [0, 1, 2, 3, 4], [0, 1, 2, 3, 4], [0, 1, 2, 3, 4], [0, 1, 2, 3, 4], [0, 1, 2, 3, 4], [0, 1, 2, 3, 4], [0, 1, 2, 3, 4], [0, 1, 2, 3, 4], [0, 1, 2, 3, 4], [0, 1, 2, 3, 4], [0, 1, 2, 3, 4], [0, 1, 2, 3, 4], [0, 1, 2, 3, 4], [0, 1, 2, 3, 4], [0, 1, 2, 3, 4], [0, 1, 2, 3, 4], [0, 1, 2, 3, 4], [0, 1, 2, 3, 4], [0, 1, 2, 3, 4], [0, 1, 2, 3, 4], [0, 1, 2, 3, 4], [0, 1, 2, 3, 4], [0, 1, 2, 3, 4], [0, 1, 2, 3, 4], [0, 1, 2, 3, 4], [0, 1, 2, 3, 4], [0, 1, 2, 3, 4], [0, 1, 2, 3, 4], [0, 1, 2, 3, 4], [0, 1, 2, 3, 4], [0, 1, 2, 3, 4], [0, 1, 2, 3, 4], [0, 1, 2, 3, 4], [0, 1, 2, 3, 4]]
53;53;[12549313, 12549225, 12549308, 12549226, 12549272, 12549227, 12549320, 12549228, 12549273, 12549229, 12519753, 12523857, 12523918, 12519754, 12549275, 12519844, 12523919, 12519855, 12523858, 12549230, 12519856, 12523859, 12549231, 12519845, 12523920, 12549276, 12549274, 12519846, 12523921, 12523860, 12519858, 12523861, 12549277, 12519847, 12523922, 12549232, 12519857, 12519859, 12523862, 12519860, 12523863, 12519848, 12523923, 12549278, 12549234, 12519849, 12549279, 12519861, 12523864, 12519862, 12523865, 12519850, 12523925, 12549233, 12549235, 12519851, 12523926, 12549280, 12523924, 12519863, 12523866, 12519864, 12523867, 12519852, 12523927, 12549281, 12549306, 12519853, 12523928, 12549259, 12519865, 12523868, 12519866, 12523869, 12519854, 12523929, 12549309, 12519820, 12523930, 12549304, 12519867, 12523870, 12519838, 12523931, 12549236, 12519781, 12523871, 12549237, 12519809, 12523932, 12549282, 12519778, 12523872, 12519790, 12523873, 12519837, 12523933, 12549283, 12549238, 12519843, 12523934, 12549239, 12519791, 12523874, 12519780, 12523875, 12519818, 12523935, 12549314, 12519819, 12523936, 12549284, 12549240, 12519779, 12523877, 12519841, 12523876, 12519817, 12523937, 12549241, 12549285, 12519806, 12519788, 12519789, 12523878, 12519808, 12523939, 12549286, 12549242, 12549243, 12519805, 12523940, 12519773, 12523881, 12549287, 12519787, 12523880, 12519834, 12523941, 12523879, 12523938, 12519807, 12523942, 12549288, 12549244, 12549245, 12519777, 12523883, 12519835, 12523882, 12519814, 12523943, 12549289, 12519815, 12523944, 12519775, 12523885, 12519774, 12523884, 12519816, 12523945, 12549290, 12549246, 12549247, 12519804, 12523946, 12549291, 12523887, 12519776, 12523886, 12519784, 12519802, 12523947, 12519801, 12523948, 12549292, 12549249, 12519786, 12523889, 12519785, 12523888, 12519800, 12523949, 12549293, 12519803, 12523950, 12519771, 12523891, 12519768, 12523890, 12549294, 12519813, 12523951, 12549248, 12549250, 12549251, 12523952, 12549295, 12519799, 12523893, 12519767, 12523892, 12519812, 12523953, 12519770, 12549296, 12519798, 12523954, 12549252, 12549253, 12519772, 12519769, 12523894, 12519794, 12523955, 12549297, 12549254, 12519793, 12523956, 12523895, 12549298, 12519757, 12523897, 12519763, 12523896, 12549255, 12519795, 12523957, 12519797, 12523958, 12549299, 12549256, 12519782, 12523899, 12519783, 12523898, 12519796, 12523959, 12549257, 12549300, 12519810, 12523960, 12519759, 12523901, 12519762, 12523900, 12523961, 12549301, 12519823, 12523962, 12549264, 12549302, 12519764, 12523903, 12519765, 12523902, 12519792, 12523963, 12519811, 12519761, 12523964, 12549324, 12549262, 12519836, 12523905, 12519766, 12523904, 12519832, 12523965, 12549323, 12549322, 12549325, 12519831, 12523966, 12519824, 12519821, 12523906, 12519833, 12523907, 12523967, 12549303, 12519825, 12523968, 12549310, 12549260, 12549261, 12523969, 12519839, 12523908, 12519827, 12549311, 12519756, 12523909, 12519826, 12523970, 12549321, 12549265, 12519829, 12523971, 12519822, 12523910, 12549263, 12523911, 12549258, 12519840, 12523972, 12519830, 12523973, 12549266, 12519755, 12523912, 12549312, 12519760, 12523913, 12519828, 12523974, 12519842, 12549267, 12549307, 12519748, 12523975, 12519758, 12523914, 12519752, 12523976, 12549268, 12549305, 12519747, 12523915, 12549269, 12519749, 12523977, 12549270, 12549315, 12549316, 12519745, 12523916, 12549271, 12549317, 12519750, 12523978, 12549318, 12519746, 12523917, 12549326, 12519751, 12523979, 12549319];[04:03, 04:22, 04:23, 04:40, 04:43, 05:00, 05:03, 05:18, 05:23, 05:40, 05:40, 05:40, 05:50, 06:01, 06:03, 06:05, 06:05, 06:07, 06:07, 06:09, 06:10, 06:10, 06:17, 06:20, 06:20, 06:25, 06:31, 06:35, 06:35, 06:37, 06:40, 06:40, 06:47, 06:50, 06:50, 06:53, 06:57, 07:02, 07:02, 07:04, 07:04, 07:05, 07:05, 07:09, 07:16, 07:20, 07:30, 07:32, 07:32, 07:34, 07:34, 07:35, 07:35, 07:36, 07:38, 07:50, 07:50, 07:54, 08:01, 08:02, 08:02, 08:04, 08:04, 08:05, 08:05, 08:16, 08:20, 08:20, 08:20, 08:23, 08:32, 08:32, 08:34, 08:34, 08:35, 08:35, 08:38, 08:48, 08:48, 09:00, 09:02, 09:02, 09:03, 09:03, 09:04, 09:04, 09:04, 09:09, 09:18, 09:18, 09:21, 09:31, 09:31, 09:32, 09:32, 09:33, 09:33, 09:43, 09:45, 09:48, 09:48, 09:50, 10:01, 10:01, 10:02, 10:02, 10:03, 10:03, 10:05, 10:18, 10:18, 10:27, 10:29, 10:29, 10:29, 10:31, 10:31, 10:33, 10:33, 10:34, 10:46, 10:48, 10:59, 11:01, 11:01, 11:03, 11:03, 11:08, 11:12, 11:17, 11:18, 11:18, 11:29, 11:29, 11:30, 11:31, 11:31, 11:33, 11:33, 11:38, 11:44, 11:48, 11:48, 11:52, 11:56, 11:59, 11:59, 11:59, 12:01, 12:01, 12:03, 12:03, 12:16, 12:18, 12:18, 12:29, 12:29, 12:31, 12:31, 12:33, 12:33, 12:35, 12:39, 12:43, 12:48, 12:48, 12:57, 12:59, 13:01, 13:01, 13:03, 13:03, 13:03, 13:18, 13:18, 13:19, 13:27, 13:29, 13:29, 13:31, 13:31, 13:33, 13:33, 13:41, 13:48, 13:48, 13:59, 13:59, 14:01, 14:01, 14:03, 14:03, 14:03, 14:06, 14:06, 14:10, 14:18, 14:25, 14:28, 14:30, 14:31, 14:31, 14:33, 14:33, 14:43, 14:47, 14:48, 14:48, 14:50, 14:50, 15:00, 15:01, 15:01, 15:03, 15:03, 15:08, 15:12, 15:18, 15:18, 15:21, 15:30, 15:30, 15:30, 15:31, 15:31, 15:33, 15:33, 15:33, 15:48, 15:48, 15:52, 15:55, 16:00, 16:00, 16:01, 16:01, 16:03, 16:03, 16:14, 16:14, 16:18, 16:18, 16:30, 16:30, 16:31, 16:31, 16:33, 16:36, 16:48, 16:48, 16:59, 17:00, 17:00, 17:00, 17:01, 17:01, 17:03, 17:03, 17:16, 17:18, 17:18, 17:22, 17:28, 17:30, 17:30, 17:31, 17:31, 17:33, 17:33, 17:43, 17:44, 17:44, 17:48, 17:48, 18:03, 18:06, 18:06, 18:10, 18:10, 18:12, 18:17, 18:23, 18:23, 18:29, 18:33, 18:43, 18:44, 18:46, 18:46, 18:48, 18:51, 18:59, 18:59, 19:04, 19:04, 19:14, 19:20, 19:24, 19:24, 19:32, 19:32, 19:36, 19:40, 19:44, 19:44, 19:44, 20:04, 20:04, 20:06, 20:12, 20:12, 20:14, 20:19, 20:19, 20:24, 20:24, 20:29, 20:36, 20:44, 20:45, 20:45, 20:52, 20:52, 21:05, 21:05, 21:13, 21:14, 21:39, 21:39, 21:43, 22:05, 22:05, 22:13, 22:14, 22:16, 22:39, 22:39, 22:43, 22:46, 23:05, 23:05, 23:16, 23:39, 23:39, 23:43, 24:05, 24:05, 24:16];[[0, 1, 2, 3, 4], [0, 1, 2, 3, 4], [0, 1, 2, 3, 4], [0, 1, 2, 3, 4], [0, 1, 2, 3, 4], [0, 1, 2, 3, 4], [0, 1, 2, 3, 4], [0, 1, 2, 3, 4], [0, 1, 2, 3, 4], [0, 1, 2, 3, 4], [5], [6], [6], [5], [0, 1, 2, 3, 4], [5], [6], [5], [6], [0, 1, 2, 3, 4], [5], [6], [0, 1, 2, 3, 4], [5], [6], [0, 1, 2, 3, 4], [0, 1, 2, 3, 4], [5], [6], [6], [5], [6], [0, 1, 2, 3, 4], [5], [6], [0, 1, 2, 3, 4], [5], [5], [6], [5], [6], [5], [6], [0, 1, 2, 3, 4], [0, 1, 2, 3, 4], [5], [0, 1, 2, 3, 4], [5], [6], [5], [6], [5], [6], [0, 1, 2, 3, 4], [0, 1, 2, 3, 4], [5], [6], [0, 1, 2, 3, 4], [6], [5], [6], [5], [6], [5], [6], [0, 1, 2, 3, 4], [0, 1, 2, 3, 4], [5], [6], [0, 1, 2, 3, 4], [5], [6], [5], [6], [5], [6], [0, 1, 2, 3, 4], [5], [6], [0, 1, 2, 3, 4], [5], [6], [5], [6], [0, 1, 2, 3, 4], [5], [6], [0, 1, 2, 3, 4], [5], [6], [0, 1, 2, 3, 4], [5], [6], [5], [6], [5], [6], [0, 1, 2, 3, 4], [0, 1, 2, 3, 4], [5], [6], [0, 1, 2, 3, 4], [5], [6], [5], [6], [5], [6], [0, 1, 2, 3, 4], [5], [6], [0, 1, 2, 3, 4], [0, 1, 2, 3, 4], [5], [6], [5], [6], [5], [6], [0, 1, 2, 3, 4], [0, 1, 2, 3, 4], [5], [5], [5], [6], [5], [6], [0, 1, 2, 3, 4], [0, 1, 2, 3, 4], [0, 1, 2, 3, 4], [5], [6], [5], [6], [0, 1, 2, 3, 4], [5], [6], [5], [6], [6], [6], [5], [6], [0, 1, 2, 3, 4], [0, 1, 2, 3, 4], [0, 1, 2, 3, 4], [5], [6], [5], [6], [5], [6], [0, 1, 2, 3, 4], [5], [6], [5], [6], [5], [6], [5], [6], [0, 1, 2, 3, 4], [0, 1, 2, 3, 4], [0, 1, 2, 3, 4], [5], [6], [0, 1, 2, 3, 4], [6], [5], [6], [5], [5], [6], [5], [6], [0, 1, 2, 3, 4], [0, 1, 2, 3, 4], [5], [6], [5], [6], [5], [6], [0, 1, 2, 3, 4], [5], [6], [5], [6], [5], [6], [0, 1, 2, 3, 4], [5], [6], [0, 1, 2, 3, 4], [0, 1, 2, 3, 4], [0, 1, 2, 3, 4], [6], [0, 1, 2, 3, 4], [5], [6], [5], [6], [5], [6], [5], [0, 1, 2, 3, 4], [5], [6], [0, 1, 2, 3, 4], [0, 1, 2, 3, 4], [5], [5], [6], [5], [6], [0, 1, 2, 3, 4], [0, 1, 2, 3, 4], [5], [6], [6], [0, 1, 2, 3, 4], [5], [6], [5], [6], [0, 1, 2, 3, 4], [5], [6], [5], [6], [0, 1, 2, 3, 4], [0, 1, 2, 3, 4], [5], [6], [5], [6], [5], [6], [0, 1, 2, 3, 4], [0, 1, 2, 3, 4], [5], [6], [5], [6], [5], [6], [6], [0, 1, 2, 3, 4], [5], [6], [0, 1, 2, 3, 4], [0, 1, 2, 3, 4], [5], [6], [5], [6], [5], [6], [5], [5], [6], [0, 1, 2, 3, 4], [0, 1, 2, 3, 4], [5], [6], [5], [6], [5], [6], [0, 1, 2, 3, 4], [0, 1, 2, 3, 4], [0, 1, 2, 3, 4], [5], [6], [5], [5], [6], [5], [6], [6], [0, 1, 2, 3, 4], [5], [6], [0, 1, 2, 3, 4], [0, 1, 2, 3, 4], [0, 1, 2, 3, 4], [6], [5], [6], [5], [0, 1, 2, 3, 4], [5], [6], [5], [6], [0, 1, 2, 3, 4], [0, 1, 2, 3, 4], [5], [6], [5], [6], [0, 1, 2, 3, 4], [6], [0, 1, 2, 3, 4], [5], [6], [5], [6], [0, 1, 2, 3, 4], [5], [6], [0, 1, 2, 3, 4], [5], [6], [5], [6], [5], [0, 1, 2, 3, 4], [0, 1, 2, 3, 4], [5], [6], [5], [6], [5], [6], [0, 1, 2, 3, 4], [0, 1, 2, 3, 4], [5], [6], [0, 1, 2, 3, 4], [5], [6], [0, 1, 2, 3, 4], [0, 1, 2, 3, 4], [0, 1, 2, 3, 4], [5], [6], [0, 1, 2, 3, 4], [0, 1, 2, 3, 4], [5], [6], [0, 1, 2, 3, 4], [5], [6], [0, 1, 2, 3, 4], [5], [6], [0, 1, 2, 3, 4]]
54;54;[12563566, 12563570, 12563568, 12563581, 12563583, 12532970, 12563567, 12532949, 12532930, 12563584, 12563582, 12533056, 12532983, 12563563, 12532932, 12563569, 12533002, 12563573, 12533055, 12563585, 12532950, 12563562, 12532929, 12533014, 12533054, 12563574, 12563575, 12532951, 12532977, 12533024, 12563515, 12533003, 12563531, 12532952, 12532931, 12563579, 12533034, 12533015, 12563540, 12563516, 12532953, 12532971, 12533044, 12563541, 12533025, 12563517, 12532954, 12532933, 12533004, 12563542, 12533035, 12563518, 12532955, 12532978, 12533016, 12533045, 12563519, 12532984, 12532934, 12533026, 12563544, 12533005, 12563520, 12532956, 12532935, 12563543, 12533036, 12563545, 12533017, 12563521, 12532936, 12533046, 12563546, 12533027, 12563522, 12532958, 12532937, 12533006, 12563539, 12563523, 12533037, 12532959, 12532957, 12533018, 12563547, 12563524, 12532960, 12533047, 12532939, 12563548, 12533028, 12532938, 12563525, 12532985, 12532979, 12533007, 12563549, 12533038, 12563526, 12532940, 12532961, 12533019, 12563550, 12533048, 12563529, 12532941, 12532962, 12533029, 12563551, 12563527, 12533008, 12563586, 12532942, 12532963, 12533039, 12563528, 12532964, 12532943, 12533049, 12533020, 12563587, 12563577, 12533030, 12563553, 12532965, 12563530, 12532944, 12563561, 12563588, 12563552, 12533040, 12563578, 12532945, 12533021, 12563554, 12533009, 12533050, 12563589, 12563572, 12532980, 12533031, 12532986, 12533010, 12563533, 12563555, 12532967, 12532946, 12532966, 12533022, 12563532, 12563580, 12532947, 12532968, 12533051, 12533032, 12563576, 12533041, 12563556, 12532969, 12533011, 12533042, 12563557, 12532987, 12533023, 12532972, 12563534, 12532948, 12563558, 12532975, 12533033, 12563535, 12533058, 12533052, 12563559, 12532988, 12533057, 12532981, 12563536, 12532976, 12563560, 12532982, 12563537, 12532973, 12533012, 12533043, 12563538, 12532974, 12563571, 12533053, 12533013, 12563564, 12563565];[04:46, 05:03, 05:16, 05:51, 05:51, 05:58, 06:02, 06:14, 06:15, 06:16, 06:25, 06:29, 06:44, 06:45, 06:45, 06:46, 06:57, 07:00, 07:06, 07:14, 07:14, 07:18, 07:25, 07:27, 07:36, 07:40, 07:42, 07:44, 07:45, 07:57, 08:00, 08:06, 08:12, 08:14, 08:15, 08:20, 08:20, 08:36, 08:37, 08:40, 08:44, 08:45, 08:50, 09:02, 09:06, 09:10, 09:10, 09:14, 09:21, 09:29, 09:36, 09:40, 09:40, 09:44, 09:51, 10:06, 10:09, 10:10, 10:11, 10:23, 10:29, 10:36, 10:39, 10:40, 10:41, 10:51, 10:53, 10:59, 11:06, 11:09, 11:11, 11:23, 11:29, 11:36, 11:39, 11:40, 11:41, 11:53, 11:59, 12:09, 12:09, 12:10, 12:23, 12:25, 12:29, 12:39, 12:39, 12:39, 12:40, 12:51, 12:55, 12:59, 13:09, 13:09, 13:10, 13:10, 13:22, 13:26, 13:39, 13:39, 13:39, 13:40, 13:51, 13:56, 14:05, 14:09, 14:09, 14:10, 14:11, 14:25, 14:26, 14:29, 14:39, 14:39, 14:41, 14:59, 15:08, 15:09, 15:12, 15:13, 15:15, 15:20, 15:27, 15:35, 15:38, 15:39, 15:39, 15:43, 15:55, 15:58, 15:58, 16:05, 16:11, 16:12, 16:15, 16:21, 16:28, 16:30, 16:34, 16:41, 16:52, 16:55, 16:59, 17:04, 17:06, 17:08, 17:12, 17:28, 17:29, 17:34, 17:42, 17:42, 17:43, 17:44, 17:59, 18:08, 18:08, 18:12, 18:13, 18:13, 18:29, 18:42, 18:43, 18:43, 18:45, 18:48, 19:10, 19:12, 19:12, 19:13, 19:16, 19:30, 19:39, 19:42, 19:43, 19:44, 19:45, 19:46, 19:55, 20:12, 20:15, 20:16, 20:28, 20:29, 20:41, 20:46, 21:00, 21:21, 21:31, 21:38, 21:43, 21:46];[[0, 1, 2, 3, 4], [0, 1, 2, 3, 4], [0, 1, 2, 3, 4], [0, 1, 2, 3, 4], [0, 1, 2, 3, 4], [5], [0, 1, 2, 3, 4], [5], [5], [0, 1, 2, 3, 4], [0, 1, 2, 3, 4], [6], [5], [0, 1, 2, 3, 4], [5], [0, 1, 2, 3, 4], [6], [0, 1, 2, 3, 4], [6], [0, 1, 2, 3, 4], [5], [0, 1, 2, 3, 4], [5], [6], [6], [0, 1, 2, 3, 4], [0, 1, 2, 3, 4], [5], [5], [6], [0, 1, 2, 3, 4], [6], [0, 1, 2, 3, 4], [5], [5], [0, 1, 2, 3, 4], [6], [6], [0, 1, 2, 3, 4], [0, 1, 2, 3, 4], [5], [5], [6], [0, 1, 2, 3, 4], [6], [0, 1, 2, 3, 4], [5], [5], [6], [0, 1, 2, 3, 4], [6], [0, 1, 2, 3, 4], [5], [5], [6], [6], [0, 1, 2, 3, 4], [5], [5], [6], [0, 1, 2, 3, 4], [6], [0, 1, 2, 3, 4], [5], [5], [0, 1, 2, 3, 4], [6], [0, 1, 2, 3, 4], [6], [0, 1, 2, 3, 4], [5], [6], [0, 1, 2, 3, 4], [6], [0, 1, 2, 3, 4], [5], [5], [6], [0, 1, 2, 3, 4], [0, 1, 2, 3, 4], [6], [5], [5], [6], [0, 1, 2, 3, 4], [0, 1, 2, 3, 4], [5], [6], [5], [0, 1, 2, 3, 4], [6], [5], [0, 1, 2, 3, 4], [5], [5], [6], [0, 1, 2, 3, 4], [6], [0, 1, 2, 3, 4], [5], [5], [6], [0, 1, 2, 3, 4], [6], [0, 1, 2, 3, 4], [5], [5], [6], [0, 1, 2, 3, 4], [0, 1, 2, 3, 4], [6], [0, 1, 2, 3, 4], [5], [5], [6], [0, 1, 2, 3, 4], [5], [5], [6], [6], [0, 1, 2, 3, 4], [0, 1, 2, 3, 4], [6], [0, 1, 2, 3, 4], [5], [0, 1, 2, 3, 4], [5], [0, 1, 2, 3, 4], [0, 1, 2, 3, 4], [0, 1, 2, 3, 4], [6], [0, 1, 2, 3, 4], [5], [6], [0, 1, 2, 3, 4], [6], [6], [0, 1, 2, 3, 4], [0, 1, 2, 3, 4], [5], [6], [5], [6], [0, 1, 2, 3, 4], [0, 1, 2, 3, 4], [5], [5], [5], [6], [0, 1, 2, 3, 4], [0, 1, 2, 3, 4], [5], [5], [6], [6], [0, 1, 2, 3, 4], [6], [0, 1, 2, 3, 4], [5], [6], [6], [0, 1, 2, 3, 4], [5], [6], [5], [0, 1, 2, 3, 4], [5], [0, 1, 2, 3, 4], [5], [6], [0, 1, 2, 3, 4], [6], [6], [0, 1, 2, 3, 4], [5], [6], [5], [0, 1, 2, 3, 4], [5], [0, 1, 2, 3, 4], [5], [0, 1, 2, 3, 4], [5], [6], [6], [0, 1, 2, 3, 4], [5], [0, 1, 2, 3, 4], [6], [6], [0, 1, 2, 3, 4], [0, 1, 2, 3, 4]]
543;543;[12516093, 12516084, 12516094, 12516085, 12516095, 12516086, 12516096, 12516083, 12516090, 12516029, 12516056, 12516030, 12516057, 12516031, 12516058, 12516032, 12516059, 12516033, 12516060, 12516034, 12516061, 12516035, 12516062, 12516036, 12516063, 12516037, 12516064, 12516038, 12516065, 12516039, 12516066, 12516040, 12516067, 12516041, 12516068, 12516042, 12516069, 12516043, 12516070, 12516044, 12516071, 12516045, 12516072, 12516046, 12516073, 12516047, 12516074, 12516048, 12516075, 12516049, 12516076, 12516050, 12516077, 12516078, 12516052, 12516079, 12516053, 12516051, 12516080, 12516054, 12516081, 12516055, 12516082, 12516087, 12516088, 12516091, 12516089, 12516104, 12516101, 12516092, 12516097, 12516105, 12516098, 12516100, 12516103, 12516099, 12516106, 12516102, 12516108, 12516113, 12516107, 12516112, 12516114, 12516109, 12516111, 12516110];[04:57, 05:10, 05:17, 05:30, 05:37, 05:50, 05:57, 06:10, 06:17, 06:30, 06:37, 06:50, 06:57, 07:10, 07:17, 07:30, 07:37, 07:50, 07:57, 08:09, 08:17, 08:29, 08:37, 08:49, 08:57, 09:09, 09:17, 09:29, 09:37, 09:49, 09:57, 10:09, 10:17, 10:29, 10:37, 10:49, 10:56, 11:09, 11:16, 11:29, 11:36, 11:46, 11:56, 12:06, 12:16, 12:26, 12:36, 12:46, 12:55, 13:06, 13:15, 13:26, 13:35, 13:55, 14:06, 14:15, 14:26, 14:34, 14:35, 14:45, 14:55, 15:05, 15:15, 15:25, 15:45, 15:55, 16:05, 16:16, 16:25, 16:26, 16:36, 16:45, 16:56, 17:05, 17:16, 17:25, 17:36, 17:45, 17:56, 18:05, 18:16, 18:25, 18:36, 18:45, 18:56, 19:07];[[0, 1, 2, 3, 4], [0, 1, 2, 3, 4], [0, 1, 2, 3, 4], [0, 1, 2, 3, 4], [0, 1, 2, 3, 4], [0, 1, 2, 3, 4], [0, 1, 2, 3, 4], [0, 1, 2, 3, 4], [0, 1, 2, 3, 4], [0, 1, 2, 3, 4], [0, 1, 2, 3, 4], [0, 1, 2, 3, 4], [0, 1, 2, 3, 4], [0, 1, 2, 3, 4], [0, 1, 2, 3, 4], [0, 1, 2, 3, 4], [0, 1, 2, 3, 4], [0, 1, 2, 3, 4], [0, 1, 2, 3, 4], [0, 1, 2, 3, 4], [0, 1, 2, 3, 4], [0, 1, 2, 3, 4], [0, 1, 2, 3, 4], [0, 1, 2, 3, 4], [0, 1, 2, 3, 4], [0, 1, 2, 3, 4], [0, 1, 2, 3, 4], [0, 1, 2, 3, 4], [0, 1, 2, 3, 4], [0, 1, 2, 3, 4], [0, 1, 2, 3, 4], [0, 1, 2, 3, 4], [0, 1, 2, 3, 4], [0, 1, 2, 3, 4], [0, 1, 2, 3, 4], [0, 1, 2, 3, 4], [0, 1, 2, 3, 4], [0, 1, 2, 3, 4], [0, 1, 2, 3, 4], [0, 1, 2, 3, 4], [0, 1, 2, 3, 4], [0, 1, 2, 3, 4], [0, 1, 2, 3, 4], [0, 1, 2, 3, 4], [0, 1, 2, 3, 4], [0, 1, 2, 3, 4], [0, 1, 2, 3, 4], [0, 1, 2, 3, 4], [0, 1, 2, 3, 4], [0, 1, 2, 3, 4], [0, 1, 2, 3, 4], [0, 1, 2, 3, 4], [0, 1, 2, 3, 4], [0, 1, 2, 3, 4], [0, 1, 2, 3, 4], [0, 1, 2, 3, 4], [0, 1, 2, 3, 4], [0, 1, 2, 3, 4], [0, 1, 2, 3, 4], [0, 1, 2, 3, 4], [0, 1, 2, 3, 4], [0, 1, 2, 3, 4], [0, 1, 2, 3, 4], [0, 1, 2, 3, 4], [0, 1, 2, 3, 4], [0, 1, 2, 3, 4], [0, 1, 2, 3, 4], [0, 1, 2, 3, 4], [0, 1, 2, 3, 4], [0, 1, 2, 3, 4], [0, 1, 2, 3, 4], [0, 1, 2, 3, 4], [0, 1, 2, 3, 4], [0, 1, 2, 3, 4], [0, 1, 2, 3, 4], [0, 1, 2, 3, 4], [0, 1, 2, 3, 4], [0, 1, 2, 3, 4], [0, 1, 2, 3, 4], [0, 1, 2, 3, 4], [0, 1, 2, 3, 4], [0, 1, 2, 3, 4], [0, 1, 2, 3, 4], [0, 1, 2, 3, 4], [0, 1, 2, 3, 4], [0, 1, 2, 3, 4]]
55;55;[12516734, 12516737, 12516666, 12520613, 12523372, 12516738, 12516667, 12516700, 12520624, 12520610, 12523338, 12516668, 12516669, 12516735, 12520614, 12523374, 12520612, 12523340, 12520611, 12523339, 12523373, 12516702, 12516670, 12516701, 12520625, 12523375, 12520590, 12523341, 12516671, 12516703, 12516745, 12520615, 12523376, 12520580, 12523342, 12516672, 12516704, 12516673, 12520626, 12523377, 12520591, 12523343, 12516746, 12516705, 12523344, 12520616, 12523378, 12520581, 12516706, 12520592, 12520627, 12523379, 12516675, 12516707, 12520582, 12523346, 12523345, 12520617, 12523380, 12516676, 12520593, 12523347, 12523381, 12516674, 12516677, 12516709, 12520601, 12523348, 12520618, 12523382, 12516708, 12516710, 12516678, 12520583, 12523349, 12520628, 12523383, 12516711, 12516679, 12520594, 12523350, 12520636, 12520637, 12523384, 12516712, 12516680, 12523351, 12520619, 12523385, 12516713, 12520584, 12520602, 12520629, 12516714, 12516682, 12523353, 12520638, 12523387, 12516681, 12523352, 12516683, 12520595, 12520603, 12523354, 12520620, 12523388, 12516716, 12523386, 12516684, 12520585, 12523355, 12523389, 12516715, 12516717, 12516685, 12520596, 12520630, 12523356, 12520639, 12523390, 12516742, 12516718, 12516743, 12520604, 12523357, 12520621, 12523391, 12516719, 12516687, 12520586, 12523358, 12516720, 12520631, 12523392, 12516686, 12516721, 12516688, 12520597, 12520640, 12523393, 12516689, 12520646, 12523360, 12520632, 12523394, 12516744, 12516723, 12516690, 12523359, 12520605, 12523361, 12520641, 12523395, 12516724, 12516691, 12516722, 12520598, 12523362, 12520622, 12523396, 12516692, 12520606, 12520633, 12523397, 12523363, 12516693, 12516725, 12523398, 12520587, 12523364, 12516726, 12516736, 12520644, 12520607, 12523365, 12520643, 12516695, 12516727, 12520645, 12523400, 12516696, 12516694, 12516728, 12520588, 12520634, 12523401, 12520599, 12523367, 12516697, 12520642, 12523402, 12523399, 12523366, 12520608, 12523368, 12516698, 12523403, 12516730, 12520589, 12523369, 12516699, 12516729, 12520635, 12523404, 12516731, 12520600, 12523370, 12516739, 12520623, 12516732, 12523371, 12516740, 12516733, 12520609, 12516741];[04:14, 04:25, 04:40, 04:40, 04:40, 04:46, 05:00, 05:16, 05:25, 05:36, 05:36, 05:38, 05:40, 05:53, 05:55, 05:55, 05:58, 05:58, 06:06, 06:06, 06:09, 06:12, 06:13, 06:14, 06:25, 06:25, 06:28, 06:28, 06:33, 06:42, 06:48, 06:55, 06:55, 06:58, 06:58, 07:03, 07:12, 07:21, 07:23, 07:23, 07:28, 07:28, 07:41, 07:42, 07:50, 07:53, 07:53, 08:02, 08:12, 08:20, 08:22, 08:22, 08:38, 08:42, 08:48, 08:48, 08:55, 08:56, 09:05, 09:11, 09:18, 09:18, 09:22, 09:38, 09:41, 09:42, 09:48, 09:48, 09:52, 09:52, 09:53, 10:02, 10:11, 10:18, 10:18, 10:22, 10:22, 10:33, 10:41, 10:48, 10:48, 10:49, 10:52, 10:52, 11:02, 11:11, 11:18, 11:22, 11:22, 11:32, 11:48, 11:49, 11:52, 11:59, 12:11, 12:18, 12:22, 12:22, 12:24, 12:34, 12:41, 12:42, 12:45, 12:45, 12:52, 12:52, 12:58, 13:08, 13:09, 13:15, 13:15, 13:22, 13:27, 13:29, 13:39, 13:46, 13:46, 13:46, 13:52, 13:52, 13:55, 13:59, 14:05, 14:16, 14:16, 14:22, 14:22, 14:24, 14:39, 14:46, 14:46, 14:49, 14:52, 14:52, 15:07, 15:11, 15:13, 15:16, 15:22, 15:22, 15:39, 15:50, 15:50, 15:52, 15:52, 15:55, 16:06, 16:09, 16:11, 16:20, 16:20, 16:22, 16:22, 16:36, 16:39, 16:46, 16:50, 16:50, 16:52, 16:52, 17:09, 17:20, 17:22, 17:22, 17:24, 17:39, 17:46, 17:54, 17:55, 17:55, 18:16, 18:16, 18:24, 18:30, 18:30, 18:37, 18:41, 18:46, 18:54, 18:54, 19:18, 19:22, 19:23, 19:24, 19:24, 19:24, 19:39, 19:39, 19:48, 19:55, 19:55, 19:56, 20:05, 20:09, 20:09, 20:22, 20:25, 20:27, 20:39, 20:39, 20:51, 20:52, 20:55, 20:55, 20:57, 21:09, 21:09, 21:21, 21:24, 21:27, 21:39, 21:52, 21:59, 22:16, 22:22];[[0, 1, 2, 3, 4], [0, 1, 2, 3, 4], [0, 1, 2, 3, 4], [5], [6], [0, 1, 2, 3, 4], [0, 1, 2, 3, 4], [0, 1, 2, 3, 4], [5], [5], [6], [0, 1, 2, 3, 4], [0, 1, 2, 3, 4], [0, 1, 2, 3, 4], [5], [6], [5], [6], [5], [6], [6], [0, 1, 2, 3, 4], [0, 1, 2, 3, 4], [0, 1, 2, 3, 4], [5], [6], [5], [6], [0, 1, 2, 3, 4], [0, 1, 2, 3, 4], [0, 1, 2, 3, 4], [5], [6], [5], [6], [0, 1, 2, 3, 4], [0, 1, 2, 3, 4], [0, 1, 2, 3, 4], [5], [6], [5], [6], [0, 1, 2, 3, 4], [0, 1, 2, 3, 4], [6], [5], [6], [5], [0, 1, 2, 3, 4], [5], [5], [6], [0, 1, 2, 3, 4], [0, 1, 2, 3, 4], [5], [6], [6], [5], [6], [0, 1, 2, 3, 4], [5], [6], [6], [0, 1, 2, 3, 4], [0, 1, 2, 3, 4], [0, 1, 2, 3, 4], [5], [6], [5], [6], [0, 1, 2, 3, 4], [0, 1, 2, 3, 4], [0, 1, 2, 3, 4], [5], [6], [5], [6], [0, 1, 2, 3, 4], [0, 1, 2, 3, 4], [5], [6], [5], [5], [6], [0, 1, 2, 3, 4], [0, 1, 2, 3, 4], [6], [5], [6], [0, 1, 2, 3, 4], [5], [5], [5], [0, 1, 2, 3, 4], [0, 1, 2, 3, 4], [6], [5], [6], [0, 1, 2, 3, 4], [6], [0, 1, 2, 3, 4], [5], [5], [6], [5], [6], [0, 1, 2, 3, 4], [6], [0, 1, 2, 3, 4], [5], [6], [6], [0, 1, 2, 3, 4], [0, 1, 2, 3, 4], [0, 1, 2, 3, 4], [5], [5], [6], [5], [6], [1, 2, 3, 4], [0, 1, 2, 3, 4], [0], [5], [6], [5], [6], [0, 1, 2, 3, 4], [0, 1, 2, 3, 4], [5], [6], [0, 1, 2, 3, 4], [5], [6], [0, 1, 2, 3, 4], [0, 1, 2, 3, 4], [0, 1, 2, 3, 4], [5], [5], [6], [0, 1, 2, 3, 4], [5], [6], [5], [6], [0, 1, 2, 3, 4], [0, 1, 2, 3, 4], [0, 1, 2, 3, 4], [6], [5], [6], [5], [6], [0, 1, 2, 3, 4], [0, 1, 2, 3, 4], [0, 1, 2, 3, 4], [5], [6], [5], [6], [0, 1, 2, 3, 4], [5], [5], [6], [6], [0, 1, 2, 3, 4], [0, 1, 2, 3, 4], [6], [5], [6], [0, 1, 2, 3, 4], [0, 1, 2, 3, 4], [5], [5], [6], [5], [0, 1, 2, 3, 4], [0, 1, 2, 3, 4], [5], [6], [0, 1, 2, 3, 4], [0, 1, 2, 3, 4], [0, 1, 2, 3, 4], [5], [5], [6], [5], [6], [0, 1, 2, 3, 4], [5], [6], [6], [6], [5], [6], [0, 1, 2, 3, 4], [6], [0, 1, 2, 3, 4], [5], [6], [0, 1, 2, 3, 4], [0, 1, 2, 3, 4], [5], [6], [0, 1, 2, 3, 4], [5], [6], [0, 1, 2, 3, 4], [5], [0, 1, 2, 3, 4], [6], [0, 1, 2, 3, 4], [0, 1, 2, 3, 4], [5], [0, 1, 2, 3, 4]]
553;553;[12514977, 12514978, 12514940, 12514941, 12514979, 12514942, 12514980, 12514943, 12514981, 12514944, 12514982, 12514945, 12514983, 12514946, 12514984, 12514947, 12514985, 12514948, 12514986, 12514949, 12514987, 12514950, 12514988, 12514951, 12514989, 12514952, 12514990, 12514953, 12514991, 12514954, 12514992, 12514955, 12514993, 12514956, 12514994, 12514957, 12514995, 12514958, 12514996, 12514959, 12514997, 12514960, 12514998, 12514999, 12514962, 12514961, 12515000, 12514963, 12515001, 12514964, 12515002, 12514965, 12515003, 12514966, 12515004, 12514967, 12515005, 12514968, 12515006, 12514969, 12515007, 12514970, 12515008, 12514971, 12515009, 12514972, 12515010, 12514975, 12515011, 12514974, 12515012, 12514976, 12515013, 12515014, 12514973];[05:32, 05:54, 05:57, 06:14, 06:16, 06:36, 06:36, 06:58, 06:58, 07:20, 07:20, 07:41, 07:42, 08:04, 08:04, 08:25, 08:26, 08:47, 08:48, 09:09, 09:10, 09:31, 09:32, 09:52, 09:54, 10:14, 10:16, 10:36, 10:40, 10:58, 11:08, 11:20, 11:24, 11:42, 11:46, 12:04, 12:08, 12:25, 12:30, 12:47, 12:52, 13:09, 13:14, 13:36, 13:53, 13:54, 13:58, 14:15, 14:20, 14:37, 14:42, 14:52, 15:03, 15:14, 15:25, 15:36, 15:47, 15:58, 16:09, 16:18, 16:31, 16:40, 16:53, 17:02, 17:15, 17:24, 17:37, 17:46, 17:59, 18:17, 18:21, 18:39, 18:43, 19:01, 19:03];[[0, 1, 2, 3, 4], [0, 1, 2, 3, 4], [0, 1, 2, 3, 4], [0, 1, 2, 3, 4], [0, 1, 2, 3, 4], [0, 1, 2, 3, 4], [0, 1, 2, 3, 4], [0, 1, 2, 3, 4], [0, 1, 2, 3, 4], [0, 1, 2, 3, 4], [0, 1, 2, 3, 4], [0, 1, 2, 3, 4], [0, 1, 2, 3, 4], [0, 1, 2, 3, 4], [0, 1, 2, 3, 4], [0, 1, 2, 3, 4], [0, 1, 2, 3, 4], [0, 1, 2, 3, 4], [0, 1, 2, 3, 4], [0, 1, 2, 3, 4], [0, 1, 2, 3, 4], [0, 1, 2, 3, 4], [0, 1, 2, 3, 4], [0, 1, 2, 3, 4], [0, 1, 2, 3, 4], [0, 1, 2, 3, 4], [0, 1, 2, 3, 4], [0, 1, 2, 3, 4], [0, 1, 2, 3, 4], [0, 1, 2, 3, 4], [0, 1, 2, 3, 4], [0, 1, 2, 3, 4], [0, 1, 2, 3, 4], [0, 1, 2, 3, 4], [0, 1, 2, 3, 4], [0, 1, 2, 3, 4], [0, 1, 2, 3, 4], [0, 1, 2, 3, 4], [0, 1, 2, 3, 4], [0, 1, 2, 3, 4], [0, 1, 2, 3, 4], [0, 1, 2, 3, 4], [0, 1, 2, 3, 4], [0, 1, 2, 3, 4], [0, 1, 2, 3, 4], [0, 1, 2, 3, 4], [0, 1, 2, 3, 4], [0, 1, 2, 3, 4], [0, 1, 2, 3, 4], [0, 1, 2, 3, 4], [0, 1, 2, 3, 4], [0, 1, 2, 3, 4], [0, 1, 2, 3, 4], [0, 1, 2, 3, 4], [0, 1, 2, 3, 4], [0, 1, 2, 3, 4], [0, 1, 2, 3, 4], [0, 1, 2, 3, 4], [0, 1, 2, 3, 4], [0, 1, 2, 3, 4], [0, 1, 2, 3, 4], [0, 1, 2, 3, 4], [0, 1, 2, 3, 4], [0, 1, 2, 3, 4], [0, 1, 2, 3, 4], [0, 1, 2, 3, 4], [0, 1, 2, 3, 4], [0, 1, 2, 3, 4], [0, 1, 2, 3, 4], [0, 1, 2, 3, 4], [0, 1, 2, 3, 4], [0, 1, 2, 3, 4], [0, 1, 2, 3, 4], [0, 1, 2, 3, 4], [0, 1, 2, 3, 4]]
56;56;[12553034, 12553010, 12553005, 12553011, 12553008, 12553012, 12553018, 12553003, 12553013, 12520548, 12523646, 12553014, 12520537, 12523643, 12552667, 12553015, 12520560, 12523647, 12553006, 12552986, 12520549, 12523635, 12552668, 12552987, 12520538, 12523648, 12520561, 12523645, 12552669, 12553016, 12520550, 12523649, 12552670, 12553017, 12523642, 12552671, 12552988, 12523650, 12552672, 12523636, 12520562, 12553007, 12520539, 12520551, 12520540, 12552989, 12520563, 12523630, 12552673, 12552674, 12523651, 12552990, 12520552, 12523652, 12520541, 12523637, 12552976, 12552977, 12520564, 12523653, 12520553, 12523638, 12552992, 12552991, 12552978, 12552993, 12520542, 12523654, 12520565, 12523631, 12552979, 12552994, 12520554, 12523655, 12520543, 12523633, 12552995, 12552981, 12552980, 12552996, 12520566, 12523656, 12520555, 12523632, 12552982, 12552997, 12552983, 12520544, 12523657, 12520567, 12523639, 12552998, 12552984, 12552999, 12520556, 12523658, 12520545, 12523634, 12552985, 12553000, 12553004, 12520568, 12523659, 12553001, 12520557, 12523641, 12553009, 12520546, 12523660, 12520569, 12553002, 12553020, 12553019, 12553028, 12520558, 12523661, 12520559, 12523644, 12553022, 12523629, 12553029, 12553023, 12520570, 12523662, 12520547, 12523640, 12553030, 12553024, 12553031, 12520571, 12553025, 12553032, 12553026, 12523663, 12553033, 12553027, 12553021];[04:25, 04:55, 05:10, 05:25, 05:38, 05:55, 06:08, 06:38, 06:42, 06:44, 06:44, 06:47, 07:05, 07:05, 07:07, 07:15, 07:34, 07:34, 07:37, 07:45, 07:45, 07:45, 08:07, 08:18, 08:19, 08:19, 08:35, 08:35, 08:37, 08:48, 09:01, 09:01, 09:07, 09:17, 09:20, 09:36, 09:47, 09:51, 10:06, 10:10, 10:13, 10:17, 10:17, 10:20, 10:38, 10:47, 10:50, 10:50, 10:58, 11:06, 11:09, 11:17, 11:28, 11:28, 11:30, 11:30, 11:37, 12:07, 12:13, 12:13, 12:15, 12:15, 12:17, 12:30, 12:37, 12:47, 12:58, 12:58, 13:00, 13:00, 13:07, 13:17, 13:42, 13:42, 13:44, 13:44, 13:45, 14:06, 14:07, 14:15, 14:28, 14:28, 14:29, 14:29, 14:36, 14:45, 15:07, 15:13, 15:13, 15:14, 15:14, 15:15, 15:37, 15:45, 15:58, 15:58, 15:59, 15:59, 16:07, 16:14, 16:37, 16:43, 16:43, 16:44, 16:44, 16:44, 17:07, 17:28, 17:28, 17:29, 17:30, 17:38, 17:51, 18:06, 18:11, 18:11, 18:19, 18:19, 18:20, 18:34, 18:36, 18:48, 18:59, 18:59, 19:04, 19:04, 19:07, 19:36, 19:37, 19:44, 19:50, 20:08, 20:20, 20:29, 20:38, 20:50, 21:08];[[0, 1, 2, 3, 4], [0, 1, 2, 3, 4], [0, 1, 2, 3, 4], [0, 1, 2, 3, 4], [0, 1, 2, 3, 4], [0, 1, 2, 3, 4], [0, 1, 2, 3, 4], [0, 1, 2, 3, 4], [0, 1, 2, 3, 4], [5], [6], [0, 1, 2, 3, 4], [5], [6], [0, 1, 2, 3, 4], [0, 1, 2, 3, 4], [5], [6], [0, 1, 2, 3, 4], [0, 1, 2, 3, 4], [5], [6], [0, 1, 2, 3, 4], [0, 1, 2, 3, 4], [5], [6], [5], [6], [0, 1, 2, 3, 4], [0, 1, 2, 3, 4], [5], [6], [0, 1, 2, 3, 4], [0, 1, 2, 3, 4], [6], [0, 1, 2, 3, 4], [0, 1, 2, 3, 4], [6], [0, 1, 2, 3, 4], [6], [5], [0, 1, 2, 3, 4], [5], [5], [5], [0, 1, 2, 3, 4], [5], [6], [0, 1, 2, 3, 4], [0, 1, 2, 3, 4], [6], [0, 1, 2, 3, 4], [5], [6], [5], [6], [0, 1, 2, 3, 4], [0, 1, 2, 3, 4], [5], [6], [5], [6], [0, 1, 2, 3, 4], [0, 1, 2, 3, 4], [0, 1, 2, 3, 4], [0, 1, 2, 3, 4], [5], [6], [5], [6], [0, 1, 2, 3, 4], [0, 1, 2, 3, 4], [5], [6], [5], [6], [0, 1, 2, 3, 4], [0, 1, 2, 3, 4], [0, 1, 2, 3, 4], [0, 1, 2, 3, 4], [5], [6], [5], [6], [0, 1, 2, 3, 4], [0, 1, 2, 3, 4], [0, 1, 2, 3, 4], [5], [6], [5], [6], [0, 1, 2, 3, 4], [0, 1, 2, 3, 4], [0, 1, 2, 3, 4], [5], [6], [5], [6], [0, 1, 2, 3, 4], [0, 1, 2, 3, 4], [0, 1, 2, 3, 4], [5], [6], [0, 1, 2, 3, 4], [5], [6], [0, 1, 2, 3, 4], [5], [6], [5], [0, 1, 2, 3, 4], [0, 1, 2, 3, 4], [0, 1, 2, 3, 4], [0, 1, 2, 3, 4], [5], [6], [5], [6], [0, 1, 2, 3, 4], [6], [0, 1, 2, 3, 4], [0, 1, 2, 3, 4], [5], [6], [5], [6], [0, 1, 2, 3, 4], [0, 1, 2, 3, 4], [0, 1, 2, 3, 4], [5], [0, 1, 2, 3, 4], [0, 1, 2, 3, 4], [0, 1, 2, 3, 4], [6], [0, 1, 2, 3, 4], [0, 1, 2, 3, 4], [0, 1, 2, 3, 4]]
560;560;[12516491, 12516468, 12516492, 12516469, 12516493, 12516470, 12516494, 12516471, 12516495, 12516472, 12516496, 12516473, 12516497, 12516474, 12516498, 12516475, 12516534, 12516526, 12516535, 12516527, 12516533, 12516525, 12516532, 12516476, 12516499, 12516477, 12516500, 12516478, 12516501, 12516479, 12516480, 12516503, 12516502, 12516481, 12516504, 12516482, 12516505, 12516483, 12516506, 12516484, 12516507, 12516485, 12516508, 12516486, 12516509, 12516487, 12516544, 12516542, 12516545, 12516543, 12516541, 12516539, 12516540, 12516488, 12516510, 12516489, 12516511, 12516490, 12516512, 12516513, 12516515, 12516514, 12516523, 12516516, 12516518, 12516524, 12516519, 12516517, 12516520, 12516530, 12516522, 12516531, 12516536, 12516528, 12516537, 12516529, 12516538, 12516521];[05:47, 06:00, 06:07, 06:20, 06:27, 06:37, 06:47, 06:57, 07:04, 07:17, 07:24, 07:37, 07:44, 07:57, 08:04, 08:20, 08:24, 08:40, 08:44, 09:00, 09:04, 09:20, 09:24, 09:40, 09:44, 10:00, 10:04, 10:20, 10:24, 10:40, 11:00, 11:04, 11:10, 11:20, 11:24, 11:40, 11:44, 12:00, 12:04, 12:20, 12:24, 12:40, 12:44, 12:59, 13:04, 13:19, 13:24, 13:39, 13:44, 13:59, 14:04, 14:19, 14:23, 14:39, 14:43, 14:59, 15:03, 15:19, 15:23, 15:39, 15:40, 15:59, 16:00, 16:19, 16:20, 16:39, 16:40, 16:59, 17:00, 17:19, 17:20, 17:39, 17:40, 17:59, 18:00, 18:19, 18:21, 18:39];[[0, 1, 2, 3, 4], [0, 1, 2, 3, 4], [0, 1, 2, 3, 4], [0, 1, 2, 3, 4], [0, 1, 2, 3, 4], [0, 1, 2, 3, 4], [0, 1, 2, 3, 4], [0, 1, 2, 3, 4], [0, 1, 2, 3, 4], [0, 1, 2, 3, 4], [0, 1, 2, 3, 4], [0, 1, 2, 3, 4], [0, 1, 2, 3, 4], [0, 1, 2, 3, 4], [0, 1, 2, 3, 4], [0, 1, 2, 3, 4], [0, 1, 2, 3, 4], [0, 1, 2, 3, 4], [0, 1, 2, 3, 4], [0, 1, 2, 3, 4], [0, 1, 2, 3, 4], [0, 1, 2, 3, 4], [0, 1, 2, 3, 4], [0, 1, 2, 3, 4], [0, 1, 2, 3, 4], [0, 1, 2, 3, 4], [0, 1, 2, 3, 4], [0, 1, 2, 3, 4], [0, 1, 2, 3, 4], [0, 1, 2, 3, 4], [0, 1, 2, 3, 4], [0, 1, 2, 3, 4], [0, 1, 2, 3, 4], [0, 1, 2, 3, 4], [0, 1, 2, 3, 4], [0, 1, 2, 3, 4], [0, 1, 2, 3, 4], [0, 1, 2, 3, 4], [0, 1, 2, 3, 4], [0, 1, 2, 3, 4], [0, 1, 2, 3, 4], [0, 1, 2, 3, 4], [0, 1, 2, 3, 4], [0, 1, 2, 3, 4], [0, 1, 2, 3, 4], [0, 1, 2, 3, 4], [0, 1, 2, 3, 4], [0, 1, 2, 3, 4], [0, 1, 2, 3, 4], [0, 1, 2, 3, 4], [0, 1, 2, 3, 4], [0, 1, 2, 3, 4], [0, 1, 2, 3, 4], [0, 1, 2, 3, 4], [0, 1, 2, 3, 4], [0, 1, 2, 3, 4], [0, 1, 2, 3, 4], [0, 1, 2, 3, 4], [0, 1, 2, 3, 4], [0, 1, 2, 3, 4], [0, 1, 2, 3, 4], [0, 1, 2, 3, 4], [0, 1, 2, 3, 4], [0, 1, 2, 3, 4], [0, 1, 2, 3, 4], [0, 1, 2, 3, 4], [0, 1, 2, 3, 4], [0, 1, 2, 3, 4], [0, 1, 2, 3, 4], [0, 1, 2, 3, 4], [0, 1, 2, 3, 4], [0, 1, 2, 3, 4], [0, 1, 2, 3, 4], [0, 1, 2, 3, 4], [0, 1, 2, 3, 4], [0, 1, 2, 3, 4], [0, 1, 2, 3, 4], [0, 1, 2, 3, 4]]
57;57;[12562906, 12562896, 12519936, 12522785, 12519887, 12522732, 12562836, 12562905, 12519937, 12522733, 12519888, 12522818, 12519938, 12562781, 12522734, 12522786, 12562839, 12562837, 12519993, 12562782, 12522735, 12562898, 12519890, 12562841, 12562840, 12519889, 12562897, 12522787, 12562899, 12519940, 12522819, 12519891, 12562842, 12522736, 12562784, 12562783, 12562838, 12519941, 12522820, 12562844, 12522788, 12562843, 12519994, 12522737, 12562785, 12562901, 12562788, 12519892, 12562845, 12519942, 12522821, 12522738, 12522789, 12519893, 12562786, 12562902, 12562920, 12562921, 12519943, 12562787, 12519894, 12522739, 12522790, 12562900, 12562903, 12522822, 12562846, 12519996, 12562895, 12562916, 12519895, 12519939, 12562904, 12519944, 12562848, 12522823, 12562789, 12562847, 12519897, 12522741, 12562850, 12519986, 12519945, 12522791, 12562849, 12522740, 12519995, 12562791, 12522824, 12522792, 12562790, 12522742, 12519898, 12562852, 12562851, 12519966, 12562793, 12562917, 12562792, 12522825, 12522793, 12519896, 12562854, 12522743, 12522767, 12519899, 12562853, 12562795, 12519967, 12519947, 12519919, 12522826, 12522794, 12562855, 12522744, 12522768, 12562797, 12519900, 12519920, 12562796, 12562794, 12519946, 12519948, 12522827, 12522795, 12562858, 12562856, 12562857, 12562799, 12522769, 12522745, 12562798, 12519901, 12519921, 12519969, 12519949, 12519968, 12562860, 12522828, 12562859, 12522796, 12562801, 12522770, 12562800, 12522746, 12519902, 12519922, 12519970, 12562862, 12519950, 12562861, 12522829, 12522797, 12562802, 12519903, 12562864, 12519923, 12562805, 12519951, 12519971, 12562863, 12562804, 12522830, 12562807, 12522772, 12562866, 12522748, 12519924, 12519952, 12519972, 12522798, 12562806, 12562865, 12562803, 12522831, 12522799, 12562809, 12562868, 12522771, 12522773, 12562867, 12522749, 12519904, 12519905, 12519925, 12562808, 12519973, 12522747, 12562811, 12562893, 12562870, 12522832, 12522800, 12562869, 12522750, 12522774, 12562810, 12519906, 12519926, 12519954, 12519974, 12562872, 12562813, 12562871, 12522833, 12522801, 12522751, 12522775, 12519907, 12562815, 12519927, 12519953, 12519955, 12519975, 12562873, 12562894, 12522834, 12562814, 12562876, 12522802, 12522752, 12522776, 12562817, 12562874, 12562875, 12519908, 12519928, 12519956, 12519976, 12562878, 12562816, 12562819, 12522835, 12562877, 12522803, 12562812, 12522753, 12522777, 12519909, 12562880, 12519929, 12562818, 12519957, 12519977, 12562879, 12522836, 12562923, 12522804, 12562823, 12562820, 12522754, 12522778, 12562881, 12519910, 12519930, 12519958, 12519978, 12562882, 12562822, 12562825, 12562924, 12522837, 12522779, 12522805, 12562884, 12519959, 12562824, 12519979, 12562918, 12562883, 12519931, 12522755, 12522806, 12522838, 12562913, 12562919, 12522756, 12522780, 12562885, 12519912, 12519932, 12562827, 12519980, 12562821, 12562826, 12562922, 12522807, 12522839, 12562915, 12522757, 12519913, 12522781, 12562914, 12519933, 12519961, 12519911, 12562828, 12562829, 12522840, 12522808, 12519960, 12519981, 12522758, 12522782, 12519934, 12562925, 12519963, 12519982, 12522809, 12562830, 12562911, 12519914, 12522810, 12519997, 12562886, 12522759, 12519983, 12522811, 12562887, 12519935, 12519962, 12562910, 12519915, 12522784, 12519984, 12562888, 12522812, 12522760, 12522783, 12562912, 12519916, 12522813, 12519965, 12562907, 12522761, 12562909, 12519917, 12519964, 12522814, 12562908, 12562831, 12522762, 12562832, 12519918, 12519985, 12562889, 12522763, 12522815, 12562833, 12519989, 12519990, 12522764, 12522816, 12562834, 12562891, 12519991, 12519988, 12562890, 12522765, 12522817, 12562835, 12562892, 12519992, 12519987, 12522766];[03:52, 03:58, 04:00, 04:00, 04:03, 04:10, 04:23, 04:27, 04:30, 04:30, 04:33, 04:46, 04:56, 04:57, 04:59, 05:00, 05:18, 05:21, 05:26, 05:27, 05:29, 05:30, 05:33, 05:35, 05:40, 05:42, 05:46, 05:48, 05:52, 05:56, 05:57, 05:58, 05:59, 05:59, 06:04, 06:10, 06:11, 06:16, 06:20, 06:21, 06:24, 06:28, 06:28, 06:29, 06:34, 06:43, 06:46, 06:48, 06:51, 06:56, 06:56, 06:59, 07:00, 07:03, 07:05, 07:05, 07:07, 07:15, 07:16, 07:17, 07:23, 07:29, 07:29, 07:30, 07:30, 07:30, 07:33, 07:36, 07:39, 07:41, 07:43, 07:47, 07:54, 07:56, 08:00, 08:04, 08:13, 08:17, 08:22, 08:24, 08:30, 08:30, 08:32, 08:34, 08:35, 08:35, 08:37, 08:40, 08:40, 08:41, 08:48, 08:54, 08:57, 09:02, 09:04, 09:06, 09:10, 09:12, 09:16, 09:16, 09:17, 09:29, 09:30, 09:30, 09:30, 09:33, 09:34, 09:40, 09:40, 09:41, 09:50, 09:52, 09:53, 10:04, 10:06, 10:06, 10:08, 10:09, 10:12, 10:16, 10:17, 10:18, 10:18, 10:27, 10:28, 10:30, 10:33, 10:34, 10:36, 10:37, 10:38, 10:44, 10:45, 10:48, 10:52, 10:53, 10:54, 10:59, 11:03, 11:04, 11:04, 11:06, 11:13, 11:14, 11:14, 11:17, 11:22, 11:28, 11:29, 11:29, 11:34, 11:39, 11:40, 11:44, 11:53, 11:57, 11:57, 12:00, 12:01, 12:01, 12:03, 12:11, 12:15, 12:25, 12:26, 12:27, 12:27, 12:33, 12:37, 12:37, 12:38, 12:41, 12:43, 12:49, 12:51, 12:52, 12:55, 12:57, 12:57, 13:02, 13:03, 13:03, 13:04, 13:05, 13:09, 13:10, 13:13, 13:15, 13:23, 13:26, 13:27, 13:27, 13:28, 13:33, 13:33, 13:36, 13:38, 13:41, 13:45, 13:49, 13:49, 13:52, 13:54, 14:00, 14:03, 14:04, 14:09, 14:12, 14:15, 14:19, 14:21, 14:21, 14:25, 14:25, 14:27, 14:28, 14:39, 14:40, 14:40, 14:40, 14:45, 14:48, 14:49, 14:50, 14:51, 14:51, 14:57, 15:01, 15:01, 15:03, 15:08, 15:13, 15:15, 15:16, 15:16, 15:20, 15:21, 15:24, 15:27, 15:28, 15:33, 15:34, 15:37, 15:37, 15:39, 15:51, 15:52, 15:52, 15:58, 15:59, 16:00, 16:00, 16:03, 16:03, 16:09, 16:13, 16:13, 16:16, 16:23, 16:24, 16:27, 16:27, 16:38, 16:39, 16:40, 16:46, 16:47, 16:49, 16:53, 16:56, 17:01, 17:03, 17:03, 17:03, 17:05, 17:12, 17:12, 17:14, 17:15, 17:16, 17:21, 17:23, 17:25, 17:36, 17:36, 17:39, 17:39, 17:39, 17:48, 17:49, 17:52, 17:52, 17:56, 17:57, 18:01, 18:03, 18:06, 18:07, 18:15, 18:17, 18:18, 18:27, 18:27, 18:28, 18:33, 18:36, 18:39, 18:39, 18:39, 18:44, 18:52, 18:54, 18:59, 19:00, 19:05, 19:07, 19:16, 19:29, 19:30, 19:30, 19:30, 19:53, 19:57, 19:58, 20:00, 20:03, 20:03, 20:05, 20:09, 20:22, 20:25, 20:29, 20:32, 20:33, 20:48, 20:52, 20:55, 21:03, 21:04, 21:06, 21:07, 21:18, 21:22, 21:25, 21:30, 21:33, 21:48, 22:04, 22:09, 22:29, 22:46, 22:48, 23:07, 23:18, 23:25, 23:36, 23:37, 23:39, 23:48, 24:08, 24:17, 24:25, 24:36, 24:37, 24:50];[[0, 1, 2, 3, 4], [0, 1, 2, 3, 4], [5], [6], [5], [6], [0, 1, 2, 3, 4], [0, 1, 2, 3, 4], [5], [6], [5], [6], [5], [0, 1, 2, 3, 4], [6], [6], [0, 1, 2, 3, 4], [0, 1, 2, 3, 4], [5], [0, 1, 2, 3, 4], [6], [0, 1, 2, 3, 4], [5], [0, 1, 2, 3, 4], [0, 1, 2, 3, 4], [5], [0, 1, 2, 3, 4], [6], [0, 1, 2, 3, 4], [5], [6], [5], [0, 1, 2, 3, 4], [6], [0, 1, 2, 3, 4], [0, 1, 2, 3, 4], [0, 1, 2, 3, 4], [5], [6], [0, 1, 2, 3, 4], [6], [0, 1, 2, 3, 4], [5], [6], [0, 1, 2, 3, 4], [0, 1, 2, 3, 4], [0, 1, 2, 3, 4], [5], [0, 1, 2, 3, 4], [5], [6], [6], [6], [5], [0, 1, 2, 3, 4], [0, 1, 2, 3, 4], [0, 1, 2, 3, 4], [0, 1, 2, 3, 4], [5], [0, 1, 2, 3, 4], [5], [6], [6], [0, 1, 2, 3, 4], [0, 1, 2, 3, 4], [6], [0, 1, 2, 3, 4], [5], [0, 1, 2, 3, 4], [0, 1, 2, 3, 4], [5], [5], [0, 1, 2, 3, 4], [5], [0, 1, 2, 3, 4], [6], [0, 1, 2, 3, 4], [0, 1, 2, 3, 4], [5], [6], [0, 1, 2, 3, 4], [5], [5], [6], [0, 1, 2, 3, 4], [6], [5], [0, 1, 2, 3, 4], [6], [6], [0, 1, 2, 3, 4], [6], [5], [0, 1, 2, 3, 4], [0, 1, 2, 3, 4], [5], [0, 1, 2, 3, 4], [0, 1, 2, 3, 4], [0, 1, 2, 3, 4], [6], [6], [5], [0, 1, 2, 3, 4], [6], [6], [5], [0, 1, 2, 3, 4], [0, 1, 2, 3, 4], [5], [5], [5], [6], [6], [0, 1, 2, 3, 4], [6], [6], [0, 1, 2, 3, 4], [5], [5], [0, 1, 2, 3, 4], [0, 1, 2, 3, 4], [5], [5], [6], [6], [0, 1, 2, 3, 4], [0, 1, 2, 3, 4], [0, 1, 2, 3, 4], [0, 1, 2, 3, 4], [6], [6], [0, 1, 2, 3, 4], [5], [5], [5], [5], [5], [0, 1, 2, 3, 4], [6], [0, 1, 2, 3, 4], [6], [0, 1, 2, 3, 4], [6], [0, 1, 2, 3, 4], [6], [5], [5], [5], [0, 1, 2, 3, 4], [5], [0, 1, 2, 3, 4], [6], [6], [0, 1, 2, 3, 4], [5], [0, 1, 2, 3, 4], [5], [0, 1, 2, 3, 4], [5], [5], [0, 1, 2, 3, 4], [0, 1, 2, 3, 4], [6], [0, 1, 2, 3, 4], [6], [0, 1, 2, 3, 4], [6], [5], [5], [5], [6], [0, 1, 2, 3, 4], [0, 1, 2, 3, 4], [0, 1, 2, 3, 4], [6], [6], [0, 1, 2, 3, 4], [0, 1, 2, 3, 4], [6], [6], [0, 1, 2, 3, 4], [6], [5], [5], [5], [0, 1, 2, 3, 4], [5], [6], [0, 1, 2, 3, 4], [2], [0, 1, 2, 3, 4], [6], [6], [0, 1, 2, 3, 4], [6], [6], [0, 1, 2, 3, 4], [5], [5], [5], [5], [0, 1, 2, 3, 4], [0, 1, 2, 3, 4], [0, 1, 2, 3, 4], [6], [6], [6], [6], [5], [0, 1, 2, 3, 4], [5], [5], [5], [5], [0, 1, 2, 3, 4], [0, 1, 3, 4], [6], [0, 1, 2, 3, 4], [0, 1, 2, 3, 4], [6], [6], [6], [0, 1, 2, 3, 4], [0, 1, 2, 3, 4], [0, 1, 2, 3, 4], [5], [5], [5], [5], [0, 1, 2, 3, 4], [0, 1, 2, 3, 4], [0, 1, 2, 3, 4], [6], [0, 1, 2, 3, 4], [6], [0, 1, 2, 3, 4], [6], [6], [5], [0, 1, 2, 3, 4], [5], [0, 1, 2, 3, 4], [5], [5], [0, 1, 2, 3, 4], [6], [0, 1, 2, 3, 4], [6], [0, 1, 2, 3, 4], [0, 1, 2, 3, 4], [6], [6], [0, 1, 2, 3, 4], [5], [5], [5], [5], [0, 1, 2, 3, 4], [0, 1, 2, 3, 4], [0, 1, 2, 3, 4], [0, 1, 2, 3, 4], [6], [6], [6], [0, 1, 2, 3, 4], [5], [0, 1, 2, 3, 4], [5], [0, 1, 2, 3, 4], [0, 1, 2, 3, 4], [5], [6], [6], [6], [0, 1, 2, 3, 4], [0, 1, 2, 3, 4], [6], [6], [0, 1, 2, 3, 4], [5], [5], [0, 1, 2, 3, 4], [5], [0, 1, 2, 3, 4], [0, 1, 2, 3, 4], [0, 1, 2, 3, 4], [6], [6], [0, 1, 2, 3, 4], [6], [5], [6], [0, 1, 2, 3, 4], [5], [5], [5], [0, 1, 2, 3, 4], [0, 1, 2, 3, 4], [6], [6], [5], [5], [6], [6], [5], [0, 1, 2, 3, 4], [5], [5], [6], [0, 1, 2, 3, 4], [0, 1, 2, 3, 4], [5], [6], [5], [0, 1, 2, 3, 4], [6], [5], [6], [0, 1, 2, 3, 4], [5], [5], [0, 1, 2, 3, 4], [5], [6], [5], [0, 1, 2, 3, 4], [6], [6], [6], [0, 1, 2, 3, 4], [5], [6], [5], [0, 1, 2, 3, 4], [6], [0, 1, 2, 3, 4], [5], [5], [6], [0, 1, 2, 3, 4], [0, 1, 2, 3, 4], [6], [0, 1, 2, 3, 4], [5], [5], [0, 1, 2, 3, 4], [6], [6], [0, 1, 2, 3, 4], [5], [5], [6], [6], [0, 1, 2, 3, 4], [0, 1, 2, 3, 4], [5], [5], [0, 1, 2, 3, 4], [6], [6], [0, 1, 2, 3, 4], [0, 1, 2, 3, 4], [5], [5], [6]]
59;59;[12525382, 12525419, 12525384, 12525420, 12525385, 12525421, 12525386, 12529484, 12525422, 12525387, 12527849, 12529466, 12525423, 12529485, 12525388, 12527850, 12525424, 12525389, 12529465, 12525425, 12525390, 12527867, 12529486, 12527870, 12525426, 12525391, 12527863, 12527871, 12529467, 12527851, 12529483, 12525392, 12525428, 12527872, 12529468, 12525393, 12527864, 12529487, 12525429, 12527873, 12525427, 12525430, 12525395, 12527869, 12529488, 12525431, 12527874, 12529470, 12525396, 12525432, 12525394, 12527855, 12529469, 12525397, 12525433, 12527875, 12525398, 12527852, 12529490, 12529471, 12525399, 12529489, 12525435, 12527876, 12529472, 12525400, 12525434, 12527861, 12529491, 12525436, 12525401, 12525437, 12529473, 12527877, 12525402, 12527858, 12529492, 12525438, 12525403, 12525439, 12527878, 12529474, 12525404, 12527860, 12529493, 12525455, 12525405, 12525441, 12527879, 12529475, 12525406, 12529494, 12525442, 12525456, 12527857, 12527880, 12525443, 12527865, 12529495, 12525408, 12529476, 12525444, 12525440, 12527881, 12529477, 12525409, 12525445, 12527853, 12525410, 12529496, 12525446, 12525407, 12527882, 12529478, 12525411, 12527859, 12529497, 12525412, 12529479, 12525448, 12525413, 12527854, 12529498, 12525449, 12525447, 12527884, 12529480, 12525414, 12527883, 12525450, 12527868, 12529499, 12525415, 12525451, 12527866, 12529481, 12525416, 12525452, 12527862, 12529500, 12525417, 12525453, 12527856, 12525383, 12525418, 12525454, 12529482];[04:12, 04:29, 04:42, 04:54, 05:12, 05:34, 05:38, 05:39, 05:43, 06:04, 06:08, 06:08, 06:17, 06:29, 06:34, 06:39, 06:47, 06:56, 07:02, 07:11, 07:20, 07:23, 07:23, 07:39, 07:41, 07:50, 07:55, 07:56, 07:56, 08:15, 08:15, 08:26, 08:41, 08:43, 08:43, 08:56, 09:03, 09:03, 09:11, 09:37, 09:41, 09:41, 09:56, 09:57, 09:57, 10:11, 10:23, 10:23, 10:24, 10:37, 10:42, 10:46, 10:47, 10:54, 11:07, 11:23, 11:24, 11:40, 11:40, 11:49, 11:54, 12:03, 12:07, 12:11, 12:11, 12:24, 12:26, 12:34, 12:34, 12:37, 12:54, 13:02, 13:05, 13:13, 13:22, 13:28, 13:28, 13:32, 13:52, 13:57, 14:05, 14:05, 14:22, 14:22, 14:22, 14:45, 14:45, 14:57, 14:59, 14:59, 15:15, 15:16, 15:22, 15:28, 15:50, 15:53, 15:54, 16:10, 16:10, 16:20, 16:23, 16:24, 16:40, 16:47, 16:47, 16:50, 16:54, 17:04, 17:20, 17:24, 17:33, 17:37, 17:41, 17:41, 18:00, 18:04, 18:04, 18:30, 18:40, 18:43, 19:01, 19:02, 19:02, 19:14, 19:24, 19:34, 19:34, 19:37, 19:43, 19:44, 19:56, 19:56, 20:07, 20:18, 20:28, 20:28, 20:37, 20:48, 20:54, 20:54, 21:07, 21:22, 21:30, 21:37, 21:52, 22:22, 22:49];[[0, 1, 2, 3, 4], [0, 1, 2, 3, 4], [0, 1, 2, 3, 4], [0, 1, 2, 3, 4], [0, 1, 2, 3, 4], [0, 1, 2, 3, 4], [0, 1, 2, 3, 4], [6], [0, 1, 2, 3, 4], [0, 1, 2, 3, 4], [5], [6], [0, 1, 2, 3, 4], [6], [0, 1, 2, 3, 4], [5], [0, 1, 2, 3, 4], [0, 1, 2, 3, 4], [6], [0, 1, 2, 3, 4], [0, 1, 2, 3, 4], [5], [6], [5], [0, 1, 2, 3, 4], [0, 1, 2, 3, 4], [5], [5], [6], [5], [6], [0, 1, 2, 3, 4], [0, 1, 2, 3, 4], [5], [6], [0, 1, 2, 3, 4], [5], [6], [0, 1, 2, 3, 4], [5], [0, 1, 2, 3, 4], [0, 1, 2, 3, 4], [0, 1, 2, 3, 4], [5], [6], [0, 1, 2, 3, 4], [5], [6], [0, 1, 2, 3, 4], [0, 1, 2, 3, 4], [0, 1, 2, 3, 4], [5], [6], [0, 1, 2, 3, 4], [0, 1, 2, 3, 4], [5], [0, 1, 2, 3, 4], [5], [6], [6], [0, 1, 2, 3, 4], [6], [0, 1, 2, 3, 4], [5], [6], [0, 1, 2, 3, 4], [0, 1, 2, 3, 4], [5], [6], [0, 1, 2, 3, 4], [0, 1, 2, 3, 4], [0, 1, 2, 3, 4], [6], [5], [0, 1, 2, 3, 4], [5], [6], [0, 1, 2, 3, 4], [0, 1, 2, 3, 4], [0, 1, 2, 3, 4], [5], [6], [0, 1, 2, 3, 4], [5], [6], [0, 1, 3, 4], [0, 1, 2, 3, 4], [0, 1, 2, 3, 4], [5], [6], [0, 1, 2, 3, 4], [6], [0, 1, 2, 3, 4], [1, 2, 3, 4], [5], [5], [0, 1, 2, 3, 4], [5], [6], [0, 1, 2, 3, 4], [6], [0, 1, 2, 3, 4], [0, 1, 2, 3, 4], [5], [6], [0, 1, 2, 3, 4], [0, 1, 2, 3, 4], [5], [0, 1, 2, 3, 4], [6], [0, 1, 2, 3, 4], [0, 1, 2, 3, 4], [5], [6], [0, 1, 2, 3, 4], [5], [6], [0, 1, 2, 3, 4], [6], [0, 1, 2, 3, 4], [0, 1, 2, 3, 4], [5], [6], [0, 1, 2, 3, 4], [0, 1, 2, 3, 4], [5], [6], [0, 1, 2, 3, 4], [5], [0, 1, 2, 3, 4], [5], [6], [0, 1, 2, 3, 4], [0, 1, 2, 3, 4], [5], [6], [0, 1, 2, 3, 4], [0, 1, 2, 3, 4], [5], [6], [0, 1, 2, 3, 4], [0, 1, 2, 3, 4], [5], [0, 1, 2, 3, 4], [0, 1, 2, 3, 4], [0, 1, 2, 3, 4], [6]]
60;60;[12561180, 12561209, 12561394, 12549845, 12549805, 12561210, 12561395, 12561168, 12561385, 12561365, 12549846, 12549804, 12549806, 12561163, 12561362, 12561211, 12561396, 12549807, 12561197, 12561369, 12561397, 12549848, 12549808, 12549849, 12561213, 12561398, 12549809, 12561179, 12561342, 12549850, 12561212, 12549810, 12549847, 12561178, 12561214, 12561358, 12561399, 12549851, 12549881, 12549852, 12549811, 12561380, 12561190, 12561215, 12561400, 12549853, 12561157, 12561383, 12561401, 12561216, 12549854, 12549816, 12549855, 12561189, 12561338, 12561217, 12561402, 12549817, 12549813, 12561170, 12561391, 12549856, 12561218, 12549818, 12561403, 12549857, 12561219, 12561404, 12561172, 12561354, 12561167, 12561378, 12561220, 12561405, 12549906, 12549908, 12549907, 12561221, 12561406, 12549909, 12561161, 12561351, 12561353, 12561407, 12549819, 12561223, 12561408, 12549858, 12561224, 12561409, 12549820, 12561162, 12561343, 12561222, 12561158, 12561377, 12549859, 12549821, 12561225, 12561410, 12561226, 12561411, 12561350, 12549860, 12561191, 12561355, 12561155, 12561227, 12561412, 12549861, 12561228, 12549822, 12549823, 12561199, 12561370, 12561174, 12561175, 12549862, 12549824, 12561229, 12561375, 12561414, 12561230, 12561415, 12561160, 12561335, 12549863, 12561340, 12549825, 12561413, 12561231, 12561416, 12549864, 12561417, 12549826, 12561188, 12561393, 12561164, 12561360, 12549865, 12561203, 12549827, 12561233, 12561418, 12561234, 12561419, 12561364, 12561207, 12561368, 12549828, 12549866, 12561235, 12561420, 12549867, 12561236, 12561421, 12549829, 12561151, 12561352, 12561171, 12561389, 12561232, 12549868, 12561237, 12561422, 12561238, 12561423, 12561192, 12561381, 12549869, 12561194, 12561345, 12549831, 12561239, 12549917, 12561240, 12561425, 12549913, 12561424, 12561193, 12561208, 12561357, 12561166, 12561359, 12549918, 12561241, 12561426, 12549830, 12561242, 12561427, 12549916, 12561204, 12561392, 12561187, 12561349, 12549915, 12549870, 12561428, 12561244, 12561429, 12549832, 12561206, 12561379, 12561149, 12549833, 12549880, 12561243, 12561245, 12561430, 12561246, 12561431, 12549871, 12561186, 12561361, 12549834, 12561200, 12561363, 12549914, 12549898, 12549885, 12561247, 12561432, 12561248, 12561384, 12561433, 12549886, 12561202, 12561339, 12561181, 12561348, 12549890, 12561249, 12549899, 12561250, 12561435, 12549891, 12561156, 12561386, 12561150, 12561334, 12549889, 12549884, 12549887, 12561251, 12561436, 12549888, 12561252, 12561437, 12561205, 12561388, 12561373, 12561434, 12549895, 12549893, 12561253, 12561438, 12561165, 12561439, 12549896, 12561177, 12561390, 12549894, 12561254, 12549910, 12561255, 12561356, 12561440, 12561256, 12561441, 12561159, 12561341, 12561201, 12561336, 12549911, 12549912, 12561184, 12561257, 12561442, 12561258, 12561443, 12549897, 12561176, 12561372, 12549904, 12561198, 12561366, 12549883, 12549905, 12561259, 12561444, 12561173, 12561371, 12549835, 12549872, 12561260, 12561445, 12549892, 12561185, 12561382, 12549836, 12549873, 12561261, 12561446, 12561195, 12549837, 12561262, 12561447, 12549874, 12561169, 12561347, 12549838, 12561448, 12561346, 12549875, 12561152, 12561367, 12561264, 12561449, 12549876, 12549839, 12549840, 12561154, 12561344, 12561263, 12549877, 12561265, 12561450, 12549841, 12561196, 12561376, 12561266, 12561451, 12549878, 12561153, 12549842, 12561267, 12561452, 12549879, 12561337, 12549882, 12549815, 12549843, 12561182, 12561387, 12561268, 12561453, 12549814, 12561183, 12561374, 12549844, 12561269, 12549812, 12561454];[03:56, 03:58, 04:02, 04:04, 04:23, 04:25, 04:25, 04:26, 04:26, 04:33, 04:34, 04:46, 04:48, 04:53, 04:53, 04:55, 04:55, 05:05, 05:23, 05:23, 05:24, 05:29, 05:30, 05:46, 05:49, 05:49, 05:50, 05:53, 05:53, 06:08, 06:08, 06:10, 06:14, 06:19, 06:19, 06:19, 06:19, 06:22, 06:28, 06:42, 06:43, 06:48, 06:49, 06:49, 06:49, 06:57, 07:10, 07:10, 07:15, 07:16, 07:17, 07:23, 07:37, 07:40, 07:40, 07:43, 07:43, 07:44, 07:45, 07:55, 07:55, 07:57, 07:58, 08:04, 08:09, 08:19, 08:21, 08:21, 08:25, 08:25, 08:26, 08:26, 08:28, 08:28, 08:30, 08:37, 08:44, 08:51, 08:51, 08:57, 08:57, 08:57, 08:58, 08:58, 09:04, 09:15, 09:15, 09:17, 09:21, 09:21, 09:23, 09:25, 09:25, 09:28, 09:29, 09:29, 09:37, 09:43, 09:45, 09:45, 09:51, 09:51, 09:55, 09:57, 09:58, 09:58, 10:05, 10:15, 10:15, 10:17, 10:21, 10:22, 10:23, 10:25, 10:25, 10:28, 10:28, 10:37, 10:43, 10:45, 10:45, 10:45, 10:51, 10:51, 10:55, 10:55, 10:57, 10:58, 11:03, 11:14, 11:15, 11:15, 11:17, 11:21, 11:23, 11:25, 11:25, 11:28, 11:28, 11:37, 11:39, 11:43, 11:45, 11:45, 11:51, 11:51, 11:55, 11:58, 11:58, 12:03, 12:05, 12:15, 12:15, 12:17, 12:21, 12:21, 12:23, 12:25, 12:25, 12:28, 12:28, 12:31, 12:37, 12:45, 12:45, 12:51, 12:51, 12:55, 12:55, 12:57, 12:58, 12:58, 13:03, 13:15, 13:17, 13:21, 13:21, 13:22, 13:22, 13:25, 13:25, 13:25, 13:28, 13:28, 13:37, 13:45, 13:45, 13:51, 13:51, 13:51, 13:54, 13:56, 13:56, 13:58, 13:58, 14:02, 14:14, 14:15, 14:21, 14:21, 14:22, 14:26, 14:26, 14:28, 14:33, 14:34, 14:44, 14:45, 14:45, 14:51, 14:51, 14:54, 14:56, 14:56, 14:58, 14:58, 14:58, 15:05, 15:06, 15:14, 15:15, 15:15, 15:21, 15:21, 15:21, 15:22, 15:26, 15:26, 15:28, 15:28, 15:34, 15:45, 15:48, 15:51, 15:51, 15:54, 15:56, 15:56, 15:58, 15:58, 16:02, 16:03, 16:14, 16:15, 16:15, 16:22, 16:23, 16:23, 16:26, 16:26, 16:28, 16:30, 16:34, 16:42, 16:48, 16:48, 16:52, 16:53, 16:54, 16:56, 16:58, 17:02, 17:02, 17:15, 17:18, 17:18, 17:18, 17:23, 17:23, 17:27, 17:27, 17:28, 17:28, 17:35, 17:42, 17:42, 17:48, 17:48, 17:53, 17:53, 17:55, 18:00, 18:00, 18:02, 18:13, 18:13, 18:22, 18:22, 18:23, 18:23, 18:43, 18:43, 18:48, 18:50, 18:53, 18:54, 18:56, 19:13, 19:13, 19:18, 19:21, 19:23, 19:23, 19:43, 19:48, 19:53, 19:53, 19:57, 20:13, 20:13, 20:19, 20:23, 20:25, 20:38, 20:50, 20:50, 20:53, 20:53, 20:56, 21:10, 21:18, 21:20, 21:20, 21:22, 21:27, 21:29, 21:29, 21:48, 21:50, 21:50, 21:53, 21:53, 21:57, 22:20, 22:24, 22:29, 22:29, 22:32, 22:44, 22:53, 23:03, 23:25, 23:26, 23:26, 23:29, 23:29, 23:34, 24:26, 24:26, 24:28, 24:35, 24:36, 24:40];[[5], [5], [6], [0, 1, 2, 3, 4], [0, 1, 2, 3, 4], [5], [6], [5], [6], [6], [0, 1, 2, 3, 4], [0, 1, 2, 3, 4], [0, 1, 2, 3, 4], [5], [6], [5], [6], [0, 1, 2, 3, 4], [5], [6], [6], [0, 1, 2, 3, 4], [0, 1, 2, 3, 4], [0, 1, 2, 3, 4], [5], [6], [0, 1, 2, 3, 4], [5], [6], [0, 1, 2, 3, 4], [5], [0, 1, 2, 3, 4], [0, 1, 2, 3, 4], [5], [5], [6], [6], [0, 1, 2, 3, 4], [0, 1, 2, 3, 4], [0, 1, 2, 3, 4], [0, 1, 2, 3, 4], [6], [5], [5], [6], [0, 1, 2, 3, 4], [5], [6], [6], [5], [0, 1, 2, 3, 4], [0, 1, 2, 3, 4], [0, 1, 2, 3, 4], [5], [6], [5], [6], [0, 1, 2, 3, 4], [0, 1, 2, 3, 4], [5], [6], [0, 1, 2, 3, 4], [5], [0, 1, 2, 3, 4], [6], [0, 1, 2, 3, 4], [5], [6], [5], [6], [5], [6], [5], [6], [0, 1, 2, 3, 4], [0, 1, 2, 3, 4], [0, 1, 2, 3, 4], [5], [6], [0, 1, 2, 3, 4], [5], [6], [6], [6], [0, 1, 2, 3, 4], [5], [6], [0, 1, 2, 3, 4], [5], [6], [0, 1, 2, 3, 4], [5], [6], [5], [5], [6], [0, 1, 2, 3, 4], [0, 1, 2, 3, 4], [5], [6], [5], [6], [6], [0, 1, 2, 3, 4], [5], [6], [5], [5], [6], [0, 1, 2, 3, 4], [5], [0, 1, 2, 3, 4], [0, 1, 2, 3, 4], [5], [6], [5], [5], [0, 1, 2, 3, 4], [0, 1, 2, 3, 4], [5], [6], [6], [5], [6], [5], [6], [0, 1, 2, 3, 4], [6], [0, 1, 2, 3, 4], [6], [5], [6], [0, 1, 2, 3, 4], [6], [0, 1, 2, 3, 4], [5], [6], [5], [6], [0, 1, 2, 3, 4], [5], [0, 1, 2, 3, 4], [5], [6], [5], [6], [6], [5], [6], [0, 1, 2, 3, 4], [0, 1, 2, 3, 4], [5], [6], [0, 1, 2, 3, 4], [5], [6], [0, 1, 2, 3, 4], [5], [6], [5], [6], [5], [0, 1, 2, 3, 4], [5], [6], [5], [6], [5], [6], [0, 1, 2, 3, 4], [5], [6], [0, 1, 2, 3, 4], [5], [0, 1, 2, 3, 4], [5], [6], [0, 1, 2, 3, 4], [6], [5], [5], [6], [5], [6], [0, 1, 2, 3, 4], [5], [6], [0, 1, 2, 3, 4], [5], [6], [0, 1, 2, 3, 4], [5], [6], [5], [6], [0, 1, 2, 3, 4], [0, 1, 2, 3, 4], [6], [5], [6], [0, 1, 2, 3, 4], [5], [6], [5], [0, 1, 2, 3, 4], [0, 1, 2, 3, 4], [5], [5], [6], [5], [6], [0, 1, 2, 3, 4], [5], [6], [0, 1, 2, 3, 4], [5], [6], [0, 1, 2, 3, 4], [0, 1, 2, 3, 4], [0, 1, 2, 3, 4], [5], [6], [5], [6], [6], [0, 1, 2, 3, 4], [5], [6], [5], [6], [0, 1, 2, 3, 4], [5], [0, 1, 3, 4], [5], [6], [0, 1, 2, 3, 4], [5], [6], [5], [6], [0, 1, 2, 3, 4], [0, 1, 2, 3, 4], [0, 1, 2, 3, 4], [5], [6], [0, 1, 2, 3, 4], [5], [6], [5], [6], [6], [6], [0, 1, 2, 3, 4], [0, 1, 2, 3, 4], [5], [6], [5], [6], [0, 1, 2, 3, 4], [5], [6], [0, 1, 2, 3, 4], [5], [0, 1, 2, 3, 4], [5], [6], [6], [5], [6], [5], [6], [5], [6], [0, 1, 2, 3, 4], [0, 1, 2, 3, 4], [5], [5], [6], [5], [6], [0, 1, 2, 3, 4], [5], [6], [0, 1, 2, 3, 4], [5], [6], [0, 1, 2, 3, 4], [0, 1, 2, 3, 4], [5], [6], [5], [6], [0, 1, 2, 3, 4], [0, 1, 2, 3, 4], [5], [6], [0, 1, 2, 3, 4], [5], [6], [0, 1, 2, 3, 4], [0, 1, 2, 3, 4], [5], [6], [5], [0, 1, 2, 3, 4], [5], [6], [0, 1, 2, 3, 4], [5], [6], [0, 1, 2, 3, 4], [6], [6], [0, 1, 2, 3, 4], [5], [6], [5], [6], [0, 1, 2, 3, 4], [0, 1, 2, 3, 4], [0, 1, 2, 3, 4], [5], [6], [5], [0, 1, 2, 3, 4], [5], [6], [0, 1, 2, 3, 4], [5], [6], [5], [6], [0, 1, 2, 3, 4], [5], [0, 1, 2, 3, 4], [5], [6], [0, 1, 2, 3, 4], [6], [0, 1, 2, 3, 4], [0, 1, 2, 3, 4], [0, 1, 2, 3, 4], [5], [6], [5], [6], [0, 1, 2, 3, 4], [5], [6], [0, 1, 2, 3, 4], [5], [0, 1, 2, 3, 4], [6]]
64;64;[12516904, 12516913, 12516901, 12516900, 12520324, 12520327, 12523079, 12516899, 12516783, 12523082, 12520220, 12516785, 12520215, 12516910, 12522964, 12520270, 12523074, 12516786, 12516784, 12516898, 12520271, 12522965, 12522963, 12516789, 12520224, 12516883, 12516788, 12520272, 12516897, 12522966, 12516790, 12516791, 12520225, 12520223, 12516787, 12516793, 12522975, 12520273, 12522967, 12516884, 12516792, 12516896, 12520226, 12522976, 12516797, 12520274, 12516794, 12522968, 12516795, 12520227, 12516798, 12520275, 12522977, 12522969, 12516796, 12516799, 12520228, 12516895, 12520276, 12522970, 12516800, 12516803, 12520229, 12516889, 12516802, 12520277, 12516801, 12522979, 12522978, 12522971, 12516807, 12516804, 12520216, 12520278, 12522980, 12516779, 12516809, 12522972, 12520230, 12516781, 12516780, 12522981, 12522973, 12516805, 12516782, 12520231, 12520279, 12522982, 12516808, 12520280, 12516806, 12522974, 12520232, 12522983, 12516810, 12516813, 12520281, 12523023, 12520233, 12522984, 12516816, 12516814, 12520282, 12523024, 12520234, 12516815, 12516811, 12520283, 12523025, 12520235, 12522986, 12516817, 12516812, 12520284, 12523026, 12520236, 12522987, 12516818, 12516820, 12520285, 12523027, 12522988, 12516819, 12516821, 12520286, 12522985, 12523028, 12520238, 12522989, 12516823, 12516824, 12520287, 12523029, 12520239, 12522990, 12516822, 12516827, 12520288, 12520240, 12523030, 12522991, 12516826, 12520289, 12520241, 12523031, 12520237, 12520290, 12516825, 12516832, 12523032, 12520242, 12522993, 12516829, 12516828, 12516831, 12520291, 12522992, 12520243, 12522994, 12516830, 12516833, 12523034, 12520244, 12522995, 12516835, 12516836, 12520293, 12523035, 12520292, 12520245, 12522996, 12516834, 12516839, 12520294, 12523033, 12523036, 12520246, 12522997, 12516837, 12516840, 12520295, 12523037, 12520247, 12522998, 12516838, 12516843, 12520296, 12523038, 12520248, 12522999, 12516894, 12516844, 12520297, 12523039, 12520249, 12523000, 12516847, 12520298, 12523040, 12520250, 12523001, 12516893, 12516849, 12520299, 12523041, 12523002, 12516842, 12516888, 12520300, 12523042, 12520252, 12523003, 12516846, 12516848, 12520301, 12523043, 12520253, 12523004, 12516845, 12516852, 12520302, 12516841, 12523044, 12520254, 12523005, 12516853, 12520303, 12516851, 12523045, 12520251, 12520255, 12520304, 12516891, 12516892, 12516887, 12520256, 12523007, 12516850, 12516857, 12523006, 12523047, 12520257, 12523008, 12516890, 12520306, 12516855, 12516886, 12523048, 12516854, 12520258, 12523009, 12516860, 12520305, 12520307, 12516856, 12523049, 12523046, 12520259, 12516861, 12523010, 12520308, 12516858, 12523050, 12520260, 12516864, 12523011, 12516859, 12520309, 12516865, 12523051, 12520261, 12523012, 12516862, 12520310, 12516866, 12523052, 12520262, 12516863, 12523013, 12520311, 12516885, 12523053, 12516867, 12520263, 12516868, 12523014, 12520312, 12516906, 12523054, 12516872, 12520319, 12523015, 12516905, 12523055, 12520313, 12520264, 12516917, 12516874, 12520314, 12523056, 12516916, 12523016, 12516908, 12520320, 12516907, 12523057, 12516909, 12523017, 12516875, 12520315, 12516870, 12523058, 12520221, 12523018, 12516914, 12520316, 12516871, 12516877, 12520265, 12520317, 12523059, 12520222, 12523019, 12516869, 12516878, 12523060, 12516873, 12520266, 12520318, 12520217, 12523020, 12516880, 12523061, 12523021, 12520267, 12516876, 12520219, 12516943, 12523062, 12520268, 12523065, 12516879, 12520218, 12516915, 12523063, 12520269, 12516939, 12516954, 12523022, 12520321, 12516881, 12523064, 12520322, 12516882, 12516955, 12516947, 12523072, 12523071, 12516902, 12516903, 12520328, 12520325, 12523083, 12516912, 12516911];[04:23, 04:25, 04:48, 04:50, 04:53, 05:05, 05:06, 05:08, 05:10, 05:10, 05:15, 05:27, 05:27, 05:28, 05:36, 05:37, 05:40, 05:47, 05:48, 05:59, 05:59, 06:06, 06:10, 06:11, 06:11, 06:12, 06:18, 06:21, 06:23, 06:24, 06:30, 06:30, 06:33, 06:38, 06:41, 06:42, 06:42, 06:43, 06:49, 06:53, 06:54, 06:54, 06:55, 07:02, 07:05, 07:05, 07:06, 07:11, 07:17, 07:17, 07:18, 07:23, 07:24, 07:28, 07:29, 07:30, 07:38, 07:42, 07:45, 07:50, 07:52, 07:54, 07:58, 08:04, 08:06, 08:06, 08:08, 08:08, 08:11, 08:12, 08:17, 08:18, 08:19, 08:28, 08:28, 08:29, 08:30, 08:32, 08:36, 08:41, 08:42, 08:45, 08:52, 08:53, 08:54, 08:56, 09:00, 09:01, 09:06, 09:06, 09:08, 09:09, 09:15, 09:16, 09:21, 09:23, 09:24, 09:25, 09:30, 09:31, 09:36, 09:38, 09:39, 09:41, 09:45, 09:51, 09:53, 09:54, 09:57, 10:00, 10:00, 10:04, 10:08, 10:09, 10:12, 10:15, 10:15, 10:19, 10:19, 10:24, 10:27, 10:30, 10:34, 10:34, 10:39, 10:39, 10:42, 10:43, 10:45, 10:49, 10:49, 10:53, 10:57, 10:58, 10:59, 11:03, 11:04, 11:07, 11:13, 11:13, 11:14, 11:18, 11:21, 11:28, 11:28, 11:29, 11:32, 11:33, 11:34, 11:40, 11:43, 11:44, 11:48, 11:49, 11:49, 11:49, 11:57, 11:58, 11:59, 12:02, 12:04, 12:10, 12:13, 12:14, 12:17, 12:18, 12:19, 12:25, 12:27, 12:28, 12:29, 12:33, 12:33, 12:34, 12:38, 12:40, 12:43, 12:44, 12:48, 12:48, 12:50, 12:55, 12:56, 12:59, 13:03, 13:03, 13:05, 13:10, 13:13, 13:14, 13:18, 13:19, 13:20, 13:25, 13:28, 13:29, 13:34, 13:35, 13:40, 13:43, 13:44, 13:45, 13:50, 13:50, 13:55, 13:59, 14:00, 14:05, 14:05, 14:10, 14:13, 14:14, 14:15, 14:20, 14:20, 14:25, 14:28, 14:29, 14:30, 14:35, 14:35, 14:38, 14:40, 14:43, 14:44, 14:50, 14:50, 14:55, 14:55, 14:58, 14:58, 15:05, 15:07, 15:08, 15:14, 15:14, 15:14, 15:19, 15:26, 15:27, 15:27, 15:29, 15:29, 15:31, 15:35, 15:38, 15:38, 15:42, 15:43, 15:46, 15:47, 15:50, 15:50, 15:50, 15:55, 15:57, 15:58, 16:00, 16:02, 16:02, 16:05, 16:07, 16:12, 16:13, 16:14, 16:17, 16:19, 16:20, 16:26, 16:27, 16:28, 16:32, 16:33, 16:35, 16:38, 16:42, 16:43, 16:45, 16:47, 16:50, 16:51, 16:57, 16:59, 16:59, 17:03, 17:03, 17:05, 17:11, 17:12, 17:14, 17:14, 17:25, 17:26, 17:26, 17:27, 17:29, 17:35, 17:39, 17:42, 17:46, 17:47, 17:47, 17:51, 17:57, 17:59, 18:07, 18:08, 18:09, 18:14, 18:15, 18:21, 18:27, 18:29, 18:33, 18:34, 18:35, 18:41, 18:54, 18:55, 18:55, 18:57, 18:59, 19:00, 19:08, 19:24, 19:27, 19:31, 19:31, 19:49, 19:50, 19:55, 19:56, 20:01, 20:02, 20:03, 20:05, 20:20, 20:26, 20:31, 20:33, 20:33, 20:40, 20:50, 20:52, 21:01, 21:03, 21:15, 21:22, 21:33, 21:50, 21:52, 21:54, 22:00, 22:24, 22:26, 22:28, 22:30, 22:54, 22:58, 23:00, 23:03, 23:05, 23:30, 23:58, 24:00];[[0, 1, 2, 3, 4], [0, 1, 2, 3, 4], [0, 1, 2, 3, 4], [0, 1, 2, 3, 4], [5], [5], [6], [0, 1, 2, 3, 4], [0, 1, 2, 3, 4], [6], [5], [0, 1, 2, 3, 4], [5], [0, 1, 2, 3, 4], [6], [5], [6], [0, 1, 2, 3, 4], [0, 1, 2, 3, 4], [0, 1, 2, 3, 4], [5], [6], [6], [0, 1, 2, 3, 4], [5], [0, 1, 2, 3, 4], [0, 1, 2, 3, 4], [5], [0, 1, 2, 3, 4], [6], [0, 1, 2, 3, 4], [0, 1, 2, 3, 4], [5], [5], [0, 1, 2, 3, 4], [0, 1, 2, 3, 4], [6], [5], [6], [0, 1, 2, 3, 4], [0, 1, 2, 3, 4], [0, 1, 2, 3, 4], [5], [6], [0, 1, 2, 3, 4], [5], [0, 1, 2, 3, 4], [6], [0, 1, 2, 3, 4], [5], [0, 1, 2, 3, 4], [5], [6], [6], [0, 1, 2, 3, 4], [0, 1, 2, 3, 4], [5], [0, 1, 2, 3, 4], [5], [6], [0, 1, 2, 3, 4], [0, 1, 2, 3, 4], [5], [0, 1, 2, 3, 4], [0, 1, 2, 3, 4], [5], [0, 1, 2, 3, 4], [6], [6], [6], [0, 1, 2, 3, 4], [0, 1, 2, 3, 4], [5], [5], [6], [0, 1, 2, 3, 4], [0, 1, 2, 3, 4], [6], [5], [0, 1, 2, 3, 4], [0, 1, 2, 3, 4], [6], [6], [0, 1, 2, 3, 4], [0, 1, 2, 3, 4], [5], [5], [6], [0, 1, 2, 3, 4], [5], [0, 1, 2, 3, 4], [6], [5], [6], [0, 1, 2, 3, 4], [0, 1, 2, 3, 4], [5], [6], [5], [6], [0, 1, 2, 3, 4], [0, 1, 2, 3, 4], [5], [6], [5], [0, 1, 2, 3, 4], [0, 1, 2, 3, 4], [5], [6], [5], [6], [0, 1, 2, 3, 4], [0, 1, 2, 3, 4], [5], [6], [5], [6], [0, 1, 2, 3, 4], [0, 1, 2, 3, 4], [5], [6], [6], [0, 1, 2, 3, 4], [0, 1, 2, 3, 4], [5], [6], [6], [5], [6], [0, 1, 2, 3, 4], [0, 1, 2, 3, 4], [5], [6], [5], [6], [0, 1, 2, 3, 4], [0, 1, 2, 3, 4], [5], [5], [6], [6], [0, 1, 2, 3, 4], [5], [5], [6], [5], [5], [0, 1, 2, 3, 4], [0, 1, 2, 3, 4], [6], [5], [6], [0, 1, 2, 3, 4], [0, 1, 2, 3, 4], [0, 1, 2, 3, 4], [5], [6], [5], [6], [0, 1, 2, 3, 4], [0, 1, 2, 3, 4], [6], [5], [6], [0, 1, 2, 3, 4], [0, 1, 2, 3, 4], [5], [6], [5], [5], [6], [0, 1, 2, 3, 4], [0, 1, 2, 3, 4], [5], [6], [6], [5], [6], [0, 1, 2, 3, 4], [0, 1, 2, 3, 4], [5], [6], [5], [6], [0, 1, 2, 3, 4], [0, 1, 2, 3, 4], [5], [6], [5], [6], [0, 1, 2, 3, 4], [0, 1, 2, 3, 4], [5], [6], [5], [6], [0, 1, 2, 3, 4], [5], [6], [5], [6], [0, 1, 2, 3, 4], [0, 1, 2, 3, 4], [5], [6], [6], [0, 1, 2, 3, 4], [0, 1, 2, 3, 4], [5], [6], [5], [6], [0, 1, 2, 3, 4], [0, 1, 2, 3, 4], [5], [6], [5], [6], [0, 1, 2, 3, 4], [0, 1, 2, 3, 4], [5], [0, 1, 2, 3, 4], [6], [5], [6], [0, 1, 2, 3, 4], [5], [0, 1, 2, 3, 4], [6], [5], [5], [5], [0, 1, 2, 3, 4], [0, 1, 2, 3, 4], [0, 1, 2, 3, 4], [5], [6], [0, 1, 2, 3, 4], [0, 1, 2, 3, 4], [6], [6], [5], [6], [0, 1, 2, 3, 4], [5], [0, 1, 2, 3, 4], [0, 1, 2, 3, 4], [6], [0, 1, 2, 3, 4], [5], [6], [0, 1, 2, 3, 4], [5], [5], [0, 1, 2, 3, 4], [6], [6], [5], [0, 1, 2, 3, 4], [6], [5], [0, 1, 2, 3, 4], [6], [5], [0, 1, 2, 3, 4], [6], [0, 1, 2, 3, 4], [5], [0, 1, 2, 3, 4], [6], [5], [6], [0, 1, 2, 3, 4], [5], [0, 1, 2, 3, 4], [6], [5], [0, 1, 2, 3, 4], [6], [5], [0, 1, 2, 3, 4], [6], [0, 1, 2, 3, 4], [5], [0, 1, 2, 3, 4], [6], [5], [0, 1, 2, 3, 4], [6], [0, 1, 2, 3, 4], [5], [6], [0, 1, 2, 3, 4], [6], [5], [5], [0, 1, 2, 3, 4], [0, 1, 2, 3, 4], [5], [6], [0, 1, 2, 3, 4], [6], [0, 1, 2, 3, 4], [5], [0, 1, 2, 3, 4], [6], [0, 1, 2, 3, 4], [6], [0, 1, 2, 3, 4], [5], [0, 1, 2, 3, 4], [6], [5], [6], [0, 1, 2, 3, 4], [5], [0, 1, 2, 3, 4], [0, 1, 2, 3, 4], [5], [5], [6], [5], [6], [0, 1, 2, 3, 4], [0, 1, 2, 3, 4], [6], [0, 1, 2, 3, 4], [5], [5], [5], [6], [0, 1, 2, 3, 4], [6], [6], [5], [0, 1, 2, 3, 4], [5], [0, 1, 2, 3, 4], [6], [5], [6], [0, 1, 2, 3, 4], [5], [0, 1, 2, 3, 4], [6], [5], [0, 1, 2, 3, 4], [0, 1, 2, 3, 4], [6], [5], [0, 1, 2, 3, 4], [6], [5], [0, 1, 2, 3, 4], [0, 1, 2, 3, 4], [0, 1, 2, 3, 4], [6], [6], [0, 1, 2, 3, 4], [0, 1, 2, 3, 4], [5], [5], [6], [0, 1, 2, 3, 4], [0, 1, 2, 3, 4]]
66;66;[12515424, 12515427, 12515434, 12515326, 12519237, 12522271, 12522217, 12515465, 12519220, 12519226, 12522272, 12515327, 12515385, 12515328, 12519221, 12522256, 12519233, 12519227, 12522274, 12515428, 12515373, 12515374, 12515386, 12515329, 12515330, 12515432, 12515334, 12519273, 12519321, 12522225, 12522275, 12519298, 12522276, 12515430, 12522273, 12515375, 12515431, 12515433, 12519251, 12522239, 12515331, 12515376, 12522278, 12519322, 12522277, 12515335, 12519274, 12522254, 12515387, 12515332, 12515429, 12515377, 12519252, 12522268, 12515336, 12515388, 12519300, 12522280, 12519323, 12522279, 12519275, 12522230, 12515453, 12515439, 12515456, 12519299, 12515436, 12519253, 12522262, 12519301, 12522282, 12515454, 12519324, 12522281, 12519276, 12522228, 12515455, 12515435, 12519254, 12522263, 12519302, 12522284, 12515441, 12519325, 12515451, 12515452, 12522226, 12515333, 12515437, 12519303, 12522286, 12519255, 12522266, 12515378, 12515440, 12515344, 12522285, 12515389, 12522283, 12519278, 12522238, 12519326, 12519277, 12515337, 12519304, 12522288, 12519256, 12522231, 12515379, 12519327, 12522287, 12515345, 12515390, 12519279, 12522269, 12515338, 12519305, 12522290, 12519257, 12522219, 12515457, 12515346, 12519328, 12522289, 12515391, 12519280, 12522223, 12515339, 12519306, 12522292, 12519258, 12522236, 12515380, 12515347, 12519329, 12522291, 12515458, 12519281, 12522221, 12515340, 12519307, 12522294, 12515348, 12519330, 12515392, 12522293, 12519259, 12519282, 12522257, 12515341, 12522296, 12515382, 12519260, 12522218, 12515349, 12519331, 12522295, 12515393, 12519308, 12519283, 12522258, 12515342, 12519309, 12522298, 12515383, 12519261, 12522265, 12515350, 12519245, 12522297, 12515394, 12515381, 12522224, 12519284, 12522227, 12519310, 12522300, 12515384, 12519262, 12515449, 12519246, 12522299, 12515395, 12515343, 12519285, 12522250, 12515448, 12515397, 12519311, 12519263, 12522246, 12515396, 12515450, 12519240, 12522301, 12519286, 12522243, 12515447, 12515459, 12519312, 12522304, 12519264, 12515405, 12515446, 12519242, 12522235, 12522255, 12522303, 12519287, 12522261, 12515351, 12515398, 12519313, 12522306, 12519265, 12522259, 12522302, 12515360, 12519247, 12522305, 12519288, 12522270, 12515352, 12515399, 12519266, 12519314, 12522249, 12515361, 12515406, 12522307, 12519239, 12515460, 12519289, 12515400, 12519315, 12522240, 12522310, 12515407, 12515438, 12519249, 12522309, 12519290, 12522247, 12515354, 12515362, 12522308, 12519268, 12522242, 12515408, 12522220, 12519241, 12522311, 12515402, 12515355, 12519291, 12522244, 12515353, 12515363, 12515409, 12519317, 12522314, 12519269, 12515403, 12522312, 12519267, 12515356, 12519238, 12519316, 12522313, 12522245, 12519292, 12522232, 12515364, 12515410, 12515404, 12519318, 12522316, 12515401, 12519270, 12522267, 12515357, 12519243, 12522315, 12515365, 12519293, 12522222, 12515413, 12515358, 12519271, 12519319, 12522251, 12522318, 12522317, 12515366, 12515412, 12519294, 12522248, 12515464, 12515359, 12519272, 12519320, 12522320, 12515367, 12515461, 12519248, 12522319, 12515463, 12515411, 12519250, 12519295, 12522233, 12515442, 12515462, 12519228, 12522322, 12519296, 12522253, 12522264, 12519297, 12515444, 12515418, 12515414, 12519225, 12522252, 12515443, 12519231, 12522323, 12519230, 12522324, 12515445, 12519222, 12522241, 12522321, 12515415, 12515371, 12515419, 12519224, 12522234, 12522325, 12519235, 12522326, 12519234, 12522237, 12515368, 12519229, 12515416, 12515420, 12515372, 12519244, 12522327, 12519223, 12522229, 12519332, 12522328, 12515369, 12519232, 12522329, 12515417, 12519236, 12522260, 12515370, 12515423, 12515421, 12515422, 12515426, 12515425];[04:07, 04:23, 04:25, 04:27, 04:30, 04:30, 04:45, 04:47, 04:54, 04:57, 04:57, 05:07, 05:08, 05:22, 05:30, 05:30, 05:35, 05:36, 05:36, 05:37, 05:41, 05:45, 05:45, 05:51, 06:02, 06:07, 06:14, 06:15, 06:15, 06:15, 06:15, 06:16, 06:16, 06:18, 06:21, 06:30, 06:31, 06:38, 06:40, 06:40, 06:50, 06:52, 06:52, 06:55, 06:55, 06:58, 07:00, 07:00, 07:04, 07:10, 07:14, 07:17, 07:20, 07:20, 07:22, 07:28, 07:32, 07:32, 07:33, 07:33, 07:40, 07:40, 07:42, 07:46, 07:54, 07:54, 08:00, 08:01, 08:01, 08:02, 08:02, 08:04, 08:08, 08:08, 08:16, 08:16, 08:18, 08:24, 08:29, 08:29, 08:32, 08:32, 08:36, 08:38, 08:41, 08:42, 08:44, 08:50, 08:51, 08:56, 08:56, 08:59, 08:59, 09:00, 09:01, 09:05, 09:07, 09:09, 09:10, 09:14, 09:14, 09:16, 09:17, 09:21, 09:24, 09:24, 09:29, 09:29, 09:30, 09:35, 09:35, 09:36, 09:40, 09:44, 09:44, 09:51, 09:56, 09:56, 09:59, 09:59, 10:00, 10:05, 10:05, 10:05, 10:09, 10:14, 10:14, 10:20, 10:26, 10:26, 10:29, 10:29, 10:30, 10:35, 10:35, 10:35, 10:40, 10:44, 10:44, 10:50, 10:56, 10:56, 11:05, 11:05, 11:07, 11:08, 11:12, 11:14, 11:14, 11:20, 11:24, 11:26, 11:29, 11:29, 11:35, 11:35, 11:35, 11:36, 11:38, 11:44, 11:44, 11:50, 11:54, 11:54, 11:56, 11:59, 11:59, 12:05, 12:05, 12:05, 12:06, 12:09, 12:09, 12:14, 12:14, 12:22, 12:22, 12:26, 12:29, 12:35, 12:35, 12:35, 12:36, 12:39, 12:44, 12:44, 12:50, 12:55, 12:56, 12:59, 12:59, 13:05, 13:05, 13:05, 13:05, 13:14, 13:14, 13:20, 13:25, 13:26, 13:26, 13:29, 13:35, 13:35, 13:35, 13:35, 13:35, 13:35, 13:44, 13:44, 13:50, 13:53, 13:56, 13:56, 13:59, 13:59, 13:59, 14:05, 14:05, 14:05, 14:14, 14:14, 14:20, 14:23, 14:26, 14:26, 14:26, 14:31, 14:35, 14:35, 14:48, 14:51, 14:51, 14:53, 14:56, 14:56, 14:56, 15:01, 15:01, 15:05, 15:05, 15:11, 15:11, 15:13, 15:25, 15:25, 15:27, 15:27, 15:29, 15:34, 15:35, 15:35, 15:36, 15:37, 15:42, 15:42, 15:45, 15:53, 15:53, 15:56, 15:56, 15:57, 16:00, 16:01, 16:03, 16:04, 16:05, 16:05, 16:05, 16:11, 16:12, 16:12, 16:17, 16:18, 16:23, 16:26, 16:26, 16:28, 16:29, 16:29, 16:31, 16:35, 16:35, 16:43, 16:44, 16:44, 16:50, 16:55, 16:59, 16:59, 16:59, 16:59, 17:05, 17:07, 17:09, 17:14, 17:14, 17:16, 17:19, 17:29, 17:29, 17:29, 17:31, 17:33, 17:35, 17:35, 17:40, 17:44, 17:44, 17:44, 17:44, 17:51, 17:57, 17:58, 17:58, 17:59, 17:59, 18:03, 18:05, 18:13, 18:23, 18:24, 18:29, 18:29, 18:33, 18:38, 18:38, 18:45, 18:45, 18:53, 18:59, 18:59, 19:04, 19:18, 19:23, 19:23, 19:28, 19:28, 19:38, 19:45, 19:45, 19:56, 19:56, 19:57, 20:12, 20:18, 20:26, 20:27, 20:38, 20:38, 20:40, 20:40, 20:45, 20:45, 21:00, 21:15, 21:15, 21:20, 21:26, 21:26, 21:30, 22:00, 22:15, 22:21, 22:30, 22:37];[[0, 1, 2, 3, 4], [0, 1, 2, 3, 4], [0, 1, 2, 3, 4], [0, 1, 2, 3, 4], [5], [6], [6], [0, 1, 2, 3, 4], [5], [5], [6], [0, 1, 2, 3, 4], [0, 1, 2, 3, 4], [0, 1, 2, 3, 4], [5], [6], [5], [5], [6], [0, 1, 2, 3, 4], [0, 1, 2, 3, 4], [0, 1, 2, 3, 4], [0, 1, 2, 3, 4], [0, 1, 2, 3, 4], [0, 1, 2, 3, 4], [0, 1, 2, 3, 4], [0, 1, 2, 3, 4], [5], [5], [6], [6], [5], [6], [0, 1, 2, 3, 4], [6], [0, 1, 2, 3, 4], [0, 1, 2, 3, 4], [0, 1, 2, 3, 4], [5], [6], [0, 1, 2, 3, 4], [0, 1, 2, 3, 4], [6], [5], [6], [0, 1, 2, 3, 4], [5], [6], [0, 1, 2, 3, 4], [0, 1, 2, 3, 4], [0, 1, 2, 3, 4], [0, 1, 2, 3, 4], [5], [6], [0, 1, 2, 3, 4], [0, 1, 2, 3, 4], [5], [6], [5], [6], [5], [6], [0, 1, 2, 3, 4], [0, 1, 2, 3, 4], [0, 1, 2, 3, 4], [5], [0, 1, 2, 3, 4], [5], [6], [5], [6], [0, 1, 2, 3, 4], [5], [6], [5], [6], [0, 1, 2, 3, 4], [0, 1, 2, 3, 4], [5], [6], [5], [6], [0, 1, 2, 3, 4], [5], [0, 1, 2, 3, 4], [0, 1, 2, 3, 4], [6], [0, 1, 2, 3, 4], [0, 1, 2, 3, 4], [5], [6], [5], [6], [0, 1, 2, 3, 4], [0, 1, 2, 3, 4], [0, 1, 2, 3, 4], [6], [0, 1, 2, 3, 4], [6], [5], [6], [5], [5], [0, 1, 2, 3, 4], [5], [6], [5], [6], [0, 1, 2, 3, 4], [5], [6], [0, 1, 2, 3, 4], [0, 1, 2, 3, 4], [5], [6], [0, 1, 2, 3, 4], [5], [6], [5], [6], [0, 1, 2, 3, 4], [0, 1, 2, 3, 4], [5], [6], [0, 1, 2, 3, 4], [5], [6], [0, 1, 2, 3, 4], [5], [6], [5], [6], [0, 1, 2, 3, 4], [0, 1, 2, 3, 4], [5], [6], [0, 1, 2, 3, 4], [5], [6], [0, 1, 2, 3, 4], [5], [6], [0, 1, 2, 3, 4], [5], [0, 1, 2, 3, 4], [6], [5], [5], [6], [0, 1, 2, 3, 4], [6], [0, 1, 2, 3, 4], [5], [6], [0, 1, 2, 3, 4], [5], [6], [0, 1, 2, 3, 4], [5], [5], [6], [0, 1, 2, 3, 4], [5], [6], [0, 1, 2, 3, 4], [5], [6], [0, 1, 2, 3, 4], [5], [6], [0, 1, 2, 3, 4], [0, 1, 2, 3, 4], [6], [5], [6], [5], [6], [0, 1, 2, 3, 4], [5], [0, 1, 2, 3, 4], [5], [6], [0, 1, 2, 3, 4], [0, 1, 2, 3, 4], [5], [6], [0, 1, 2, 3, 4], [0, 1, 2, 3, 4], [5], [5], [6], [0, 1, 2, 3, 4], [0, 1, 2, 3, 4], [5], [6], [5], [6], [0, 1, 2, 3, 4], [0, 1, 2, 3, 4], [5], [6], [5], [0, 1, 2, 3, 4], [0, 1, 2, 3, 4], [5], [6], [6], [6], [5], [6], [0, 1, 2, 3, 4], [0, 1, 2, 3, 4], [5], [6], [5], [6], [6], [0, 1, 2, 3, 4], [5], [6], [5], [6], [0, 1, 2, 3, 4], [0, 1, 2, 3, 4], [5], [5], [6], [0, 1, 2, 3, 4], [0, 1, 2, 3, 4], [6], [5], [0, 1, 2, 3, 4], [5], [0, 1, 2, 3, 4], [5], [6], [6], [0, 1, 2, 3, 4], [0, 1, 2, 3, 4], [5], [6], [5], [6], [0, 1, 2, 3, 4], [0, 1, 2, 3, 4], [6], [5], [6], [0, 1, 2, 3, 4], [6], [5], [6], [0, 1, 2, 3, 4], [0, 1, 2, 3, 4], [5], [6], [0, 1, 2, 3, 4], [0, 1, 2, 3, 4], [0, 1, 2, 3, 4], [5], [6], [5], [0, 1, 2, 3, 4], [6], [5], [0, 1, 2, 3, 4], [5], [5], [6], [6], [5], [6], [0, 1, 2, 3, 4], [0, 1, 2, 3, 4], [0, 1, 2, 3, 4], [5], [6], [0, 1, 2, 3, 4], [5], [6], [0, 1, 2, 3, 4], [5], [6], [0, 1, 2, 3, 4], [5], [6], [0, 1, 2, 3, 4], [0, 1, 2, 3, 4], [5], [5], [6], [6], [6], [0, 1, 2, 3, 4], [0, 1, 2, 3, 4], [5], [6], [0, 1, 2, 3, 4], [0, 1, 2, 3, 4], [5], [5], [6], [0, 1, 2, 3, 4], [0, 1, 2, 3, 4], [5], [6], [0, 1, 2, 3, 4], [0, 1, 2, 3, 4], [5], [5], [6], [0, 1, 2, 3, 4], [0, 1, 2, 3, 4], [5], [6], [5], [6], [6], [5], [0, 1, 2, 3, 4], [0, 1, 2, 3, 4], [0, 1, 2, 3, 4], [5], [6], [0, 1, 2, 3, 4], [5], [6], [5], [6], [0, 1, 2, 3, 4], [5], [6], [6], [0, 1, 2, 3, 4], [0, 1, 2, 3, 4], [0, 1, 2, 3, 4], [5], [6], [6], [5], [6], [5], [6], [0, 1, 2, 3, 4], [5], [0, 1, 2, 3, 4], [0, 1, 2, 3, 4], [0, 1, 2, 3, 4], [5], [6], [5], [6], [5], [6], [0, 1, 2, 3, 4], [5], [6], [0, 1, 2, 3, 4], [5], [6], [0, 1, 2, 3, 4], [0, 1, 2, 3, 4], [0, 1, 2, 3, 4], [0, 1, 2, 3, 4], [0, 1, 2, 3, 4], [0, 1, 2, 3, 4]]
70;70;[12526859, 12526858, 12526866, 12528188, 12528175, 12529828, 12526828, 12526787, 12526827, 12526789, 12529855, 12526786, 12528189, 12529856, 12528214, 12529829, 12526855, 12526790, 12526861, 12526792, 12526856, 12528190, 12529857, 12528176, 12529830, 12526793, 12526830, 12526795, 12526832, 12528191, 12529858, 12529831, 12526796, 12528215, 12526860, 12526891, 12526797, 12526834, 12528192, 12529859, 12529832, 12526798, 12526833, 12526799, 12526837, 12528193, 12529860, 12528216, 12529833, 12528177, 12526836, 12526801, 12526800, 12526838, 12528194, 12529861, 12528178, 12529834, 12526802, 12526839, 12526803, 12526841, 12528195, 12529862, 12528217, 12526804, 12529835, 12526840, 12526805, 12526843, 12528179, 12529836, 12526806, 12529863, 12526842, 12526807, 12526845, 12528196, 12528197, 12529864, 12528218, 12529837, 12526808, 12526844, 12526809, 12526847, 12528198, 12529865, 12528180, 12529838, 12526810, 12526846, 12526849, 12528199, 12529866, 12528219, 12529839, 12526854, 12526867, 12526848, 12526811, 12526852, 12528200, 12529867, 12528181, 12529840, 12526812, 12526850, 12526857, 12526853, 12528201, 12529868, 12528220, 12529841, 12526865, 12526851, 12526814, 12526813, 12528202, 12529869, 12526815, 12528182, 12529842, 12526829, 12526816, 12526831, 12528203, 12529870, 12528221, 12529843, 12526817, 12526835, 12526819, 12526870, 12528204, 12529871, 12528183, 12526820, 12526821, 12526822, 12529844, 12526791, 12528222, 12529845, 12526823, 12526794, 12526818, 12526824, 12526862, 12529872, 12528206, 12529873, 12528184, 12529846, 12526825, 12528205, 12526788, 12528207, 12529874, 12528223, 12529847, 12526864, 12526868, 12526863, 12526869, 12526871, 12528185, 12529848, 12528208, 12529875, 12526826, 12526876, 12526881, 12526872, 12529849, 12528209, 12529876, 12526877, 12528224, 12528186, 12529850, 12528210, 12529877, 12526873, 12526878, 12528225, 12529851, 12528211, 12529878, 12526874, 12526886, 12529852, 12528212, 12529879, 12528187, 12526884, 12528227, 12528213, 12529880, 12526885, 12526875, 12528230, 12529854, 12529853, 12528226, 12526879, 12526882, 12529881, 12526880, 12526883];[04:06, 04:23, 04:26, 05:00, 05:02, 05:02, 05:03, 05:06, 05:14, 05:26, 05:29, 05:34, 05:40, 05:40, 05:42, 05:42, 05:43, 05:46, 05:54, 06:03, 06:15, 06:20, 06:20, 06:22, 06:22, 06:26, 06:34, 06:46, 06:55, 07:00, 07:00, 07:02, 07:04, 07:10, 07:14, 07:15, 07:25, 07:35, 07:40, 07:40, 07:42, 07:46, 07:54, 08:06, 08:17, 08:20, 08:20, 08:22, 08:22, 08:27, 08:37, 08:46, 08:53, 08:55, 09:00, 09:00, 09:02, 09:02, 09:06, 09:16, 09:26, 09:35, 09:40, 09:40, 09:42, 09:46, 09:48, 09:56, 10:06, 10:11, 10:22, 10:22, 10:26, 10:28, 10:36, 10:46, 10:51, 10:51, 11:00, 11:00, 11:02, 11:02, 11:06, 11:16, 11:26, 11:31, 11:40, 11:40, 11:42, 11:42, 11:46, 11:56, 12:11, 12:20, 12:20, 12:22, 12:22, 12:23, 12:26, 12:36, 12:46, 12:51, 13:00, 13:00, 13:02, 13:02, 13:06, 13:16, 13:23, 13:30, 13:40, 13:40, 13:42, 13:42, 13:44, 13:54, 14:05, 14:11, 14:20, 14:20, 14:22, 14:22, 14:22, 14:35, 14:42, 14:47, 15:00, 15:00, 15:02, 15:02, 15:05, 15:12, 15:23, 15:24, 15:40, 15:40, 15:42, 15:46, 15:54, 16:06, 16:08, 16:14, 16:22, 16:22, 16:26, 16:37, 16:44, 16:49, 16:55, 16:55, 17:00, 17:00, 17:02, 17:02, 17:06, 17:17, 17:18, 17:40, 17:40, 17:42, 17:42, 17:43, 17:46, 18:00, 18:16, 18:22, 18:22, 18:22, 18:24, 18:24, 18:36, 18:42, 18:46, 19:02, 19:02, 19:04, 19:04, 19:12, 19:32, 19:42, 19:42, 19:44, 19:44, 19:46, 20:14, 20:22, 20:22, 20:24, 20:24, 20:27, 20:46, 21:02, 21:04, 21:04, 21:07, 21:23, 21:42, 21:44, 21:44, 21:46, 22:13, 22:22, 22:22, 22:23, 22:24, 22:46, 23:03, 23:09, 23:46, 24:02];[[0, 1, 2, 3, 4], [0, 1, 2, 3, 4], [0, 1, 2, 3, 4], [5], [5], [6], [0, 1, 2, 3, 4], [0, 1, 2, 3, 4], [0, 1, 2, 3, 4], [0, 1, 2, 3, 4], [6], [0, 1, 2, 3, 4], [5], [6], [5], [6], [0, 1, 2, 3, 4], [0, 1, 2, 3, 4], [0, 1, 2, 3, 4], [0, 1, 2, 3, 4], [0, 1, 2, 3, 4], [5], [6], [5], [6], [0, 1, 2, 3, 4], [0, 1, 2, 3, 4], [0, 1, 2, 3, 4], [0, 1, 2, 3, 4], [5], [6], [6], [0, 1, 2, 3, 4], [5], [0, 1, 2, 3, 4], [0, 1, 2, 3, 4], [0, 1, 2, 3, 4], [0, 1, 2, 3, 4], [5], [6], [6], [0, 1, 2, 3, 4], [0, 1, 2, 3, 4], [0, 1, 2, 3, 4], [0, 1, 2, 3, 4], [5], [6], [5], [6], [5], [0, 1, 2, 3, 4], [0, 1, 2, 3, 4], [0, 1, 2, 3, 4], [0, 1, 2, 3, 4], [5], [6], [5], [6], [0, 1, 2, 3, 4], [0, 1, 2, 3, 4], [0, 1, 2, 3, 4], [0, 1, 2, 3, 4], [5], [6], [5], [0, 1, 2, 3, 4], [6], [0, 1, 2, 3, 4], [0, 1, 2, 3, 4], [0, 1, 2, 3, 4], [5], [6], [0, 1, 2, 3, 4], [6], [0, 1, 2, 3, 4], [0, 1, 2, 3, 4], [0, 1, 2, 3, 4], [5], [5], [6], [5], [6], [0, 1, 2, 3, 4], [0, 1, 2, 3, 4], [0, 1, 2, 3, 4], [0, 1, 2, 3, 4], [5], [6], [5], [6], [0, 1, 2, 3, 4], [0, 1, 2, 3, 4], [0, 1, 2, 3, 4], [5], [6], [5], [6], [0, 1, 2, 3, 4], [0, 1, 2, 3, 4], [0, 1, 2, 3, 4], [0, 1, 2, 3, 4], [0, 1, 2, 3, 4], [5], [6], [5], [6], [0, 1, 2, 3, 4], [0, 1, 2, 3, 4], [0, 1, 2, 3, 4], [0, 1, 2, 3, 4], [5], [6], [5], [6], [0, 1, 2, 3, 4], [0, 1, 2, 3, 4], [0, 1, 2, 3, 4], [0, 1, 2, 3, 4], [5], [6], [0, 1, 2, 3, 4], [5], [6], [0, 1, 2, 3, 4], [0, 1, 2, 3, 4], [0, 1, 2, 3, 4], [5], [6], [5], [6], [0, 1, 2, 3, 4], [0, 1, 2, 3, 4], [0, 1, 2, 3, 4], [0, 1, 2, 3, 4], [5], [6], [5], [0, 1, 2, 3, 4], [0, 1, 2, 3, 4], [0, 1, 2, 3, 4], [6], [0, 1, 2, 3, 4], [5], [6], [0, 1, 2, 3, 4], [0, 1, 2, 3, 4], [0, 1, 2, 3, 4], [0, 1, 2, 3, 4], [0, 1, 2, 3, 4], [6], [5], [6], [5], [6], [0, 1, 2, 3, 4], [5], [0, 1, 2, 3, 4], [5], [6], [5], [6], [0, 1, 2, 3, 4], [0, 1, 2, 3, 4], [0, 1, 2, 3, 4], [0, 1, 2, 3, 4], [0, 1, 2, 3, 4], [5], [6], [5], [6], [0, 1, 2, 3, 4], [0, 1, 2, 3, 4], [0, 1, 2, 3, 4], [0, 1, 2, 3, 4], [6], [5], [6], [0, 1, 2, 3, 4], [5], [5], [6], [5], [6], [0, 1, 2, 3, 4], [0, 1, 2, 3, 4], [5], [6], [5], [6], [0, 1, 2, 3, 4], [0, 1, 2, 3, 4], [6], [5], [6], [5], [0, 1, 2, 3, 4], [5], [5], [6], [0, 1, 2, 3, 4], [0, 1, 2, 3, 4], [5], [6], [6], [5], [0, 1, 2, 3, 4], [0, 1, 2, 3, 4], [6], [0, 1, 2, 3, 4], [0, 1, 2, 3, 4]]
71;71;[12553312, 12559586, 12559745, 12553280, 12553290, 12553289, 12559587, 12559764, 12559593, 12559746, 12553298, 12553281, 12559608, 12559765, 12559590, 12559747, 12553291, 12553306, 12559609, 12559766, 12559600, 12553299, 12553313, 12559610, 12559767, 12559748, 12559749, 12553307, 12553282, 12559611, 12559768, 12553314, 12559592, 12559750, 12553292, 12559612, 12553283, 12559751, 12553300, 12559605, 12559770, 12559613, 12553293, 12559769, 12559595, 12559752, 12559614, 12559771, 12559598, 12559588, 12559753, 12559615, 12559772, 12553284, 12553309, 12553308, 12559601, 12559754, 12553301, 12559616, 12559773, 12553316, 12559594, 12553315, 12553302, 12553285, 12559617, 12559774, 12559755, 12559589, 12559756, 12553294, 12553310, 12553295, 12559618, 12559775, 12559604, 12559757, 12553317, 12553303, 12559619, 12559606, 12559758, 12553286, 12553311, 12559777, 12559596, 12559759, 12559620, 12553296, 12559776, 12559621, 12559778, 12559602, 12559760, 12553304, 12553287, 12559622, 12559779, 12559599, 12559761, 12553319, 12553288, 12553297, 12559623, 12559780, 12559597, 12553320, 12553322, 12559607, 12559781, 12559762, 12559603, 12559763, 12553321, 12553323, 12559782, 12553318, 12553324, 12559591, 12553305];[05:23, 05:38, 05:38, 05:57, 05:59, 06:03, 06:08, 06:08, 06:27, 06:27, 06:40, 06:42, 06:57, 06:57, 07:14, 07:14, 07:24, 07:25, 07:41, 07:41, 08:00, 08:08, 08:13, 08:28, 08:28, 08:35, 08:49, 08:53, 08:58, 09:16, 09:16, 09:38, 09:38, 09:38, 09:43, 10:05, 10:23, 10:26, 10:28, 10:28, 10:54, 11:01, 11:08, 11:08, 11:15, 11:15, 11:41, 11:41, 12:02, 12:04, 12:04, 12:30, 12:30, 12:37, 12:37, 12:49, 12:53, 12:53, 13:14, 13:19, 13:19, 13:22, 13:40, 13:49, 14:03, 14:07, 14:08, 14:08, 14:25, 14:29, 14:29, 14:38, 14:44, 14:52, 14:57, 14:57, 15:20, 15:20, 15:31, 15:34, 15:48, 16:09, 16:09, 16:19, 16:19, 16:37, 16:58, 16:58, 16:59, 17:04, 17:05, 17:26, 17:26, 17:48, 17:48, 17:59, 18:04, 18:15, 18:15, 18:37, 18:37, 18:44, 18:46, 18:46, 19:09, 19:09, 19:28, 19:29, 19:31, 20:00, 20:00, 20:14, 20:18, 20:18, 20:20, 20:29, 20:49, 21:05, 21:09, 21:55, 21:57];[[0, 1, 2, 3, 4], [5], [6], [0, 1, 2, 3, 4], [0, 1, 2, 3, 4], [0, 1, 2, 3, 4], [5], [6], [5], [6], [0, 1, 2, 3, 4], [0, 1, 2, 3, 4], [5], [6], [5], [6], [0, 1, 2, 3, 4], [0, 1, 2, 3, 4], [5], [6], [5], [0, 1, 2, 3, 4], [0, 1, 2, 3, 4], [5], [6], [6], [6], [0, 1, 2, 3, 4], [0, 1, 2, 3, 4], [5], [6], [0, 1, 2, 3, 4], [5], [6], [0, 1, 2, 3, 4], [5], [0, 1, 2, 3, 4], [6], [0, 1, 2, 3, 4], [5], [6], [5], [0, 1, 2, 3, 4], [6], [5], [6], [5], [6], [5], [5], [6], [5], [6], [0, 1, 2, 3, 4], [0, 1, 2, 3, 4], [0, 1, 2, 3, 4], [5], [6], [0, 1, 2, 3, 4], [5], [6], [0, 1, 2, 3, 4], [5], [0, 1, 2, 3, 4], [0, 1, 2, 3, 4], [0, 1, 2, 3, 4], [5], [6], [6], [5], [6], [0, 1, 2, 3, 4], [0, 1, 2, 3, 4], [0, 1, 2, 3, 4], [5], [6], [5], [6], [0, 1, 2, 3, 4], [0, 1, 2, 3, 4], [5], [5], [6], [0, 1, 2, 3, 4], [0, 1, 2, 3, 4], [6], [5], [6], [5], [0, 1, 2, 3, 4], [6], [5], [6], [5], [6], [0, 1, 2, 3, 4], [0, 1, 2, 3, 4], [5], [6], [5], [6], [0, 1, 2, 3, 4], [0, 1, 2, 3, 4], [0, 1, 2, 3, 4], [5], [6], [5], [0, 1, 2, 3, 4], [0, 1, 2, 3, 4], [5], [6], [6], [5], [6], [0, 1, 2, 3, 4], [0, 1, 2, 3, 4], [6], [0, 1, 2, 3, 4], [0, 1, 2, 3, 4], [5], [0, 1, 2, 3, 4]]
72;72;[12515990, 12515987, 12515988, 12515989, 12515969, 12515951, 12515970, 12515952, 12520413, 12515953, 12520415, 12515971, 12515954, 12515972, 12523160, 12515955, 12520416, 12523156, 12515973, 12520412, 12515956, 12515974, 12520411, 12523161, 12520417, 12523153, 12515957, 12515975, 12520410, 12515958, 12515976, 12520418, 12523150, 12515959, 12515977, 12520409, 12523163, 12523162, 12515978, 12520419, 12515961, 12515979, 12515960, 12520408, 12523164, 12515962, 12515980, 12523152, 12520420, 12523158, 12515963, 12520407, 12523165, 12515964, 12515982, 12515981, 12520421, 12523154, 12515965, 12515983, 12520406, 12523166, 12515966, 12515984, 12523159, 12515985, 12515967, 12520405, 12523167, 12515968, 12515986, 12520422, 12520423, 12523155, 12515992, 12520404, 12523168, 12515996, 12515993, 12520424, 12523157, 12515991, 12515997, 12515994, 12520403, 12523169, 12515998, 12515995, 12520425, 12523149, 12515999, 12516004, 12520414, 12523170, 12516009, 12516001, 12520426, 12523151, 12516006, 12516005, 12520430, 12523171, 12516008, 12516007, 12520427, 12523146, 12516000, 12516003, 12520431, 12523172, 12516010, 12520428, 12523148, 12516012, 12516015, 12520432, 12516002, 12523173, 12520429, 12523147, 12516016, 12516013, 12516014, 12520433, 12516011, 12520434];[05:00, 05:28, 05:28, 05:48, 05:53, 05:56, 06:21, 06:24, 06:24, 06:42, 06:52, 07:01, 07:10, 07:14, 07:16, 07:35, 07:40, 07:40, 07:42, 07:42, 08:03, 08:10, 08:10, 08:10, 08:34, 08:34, 08:37, 08:38, 09:04, 09:05, 09:06, 09:28, 09:28, 09:33, 09:34, 09:58, 09:58, 10:00, 10:02, 10:22, 10:27, 10:30, 10:50, 10:50, 10:50, 10:55, 10:58, 10:58, 11:16, 11:16, 11:23, 11:44, 11:44, 11:45, 11:54, 12:01, 12:09, 12:09, 12:13, 12:19, 12:38, 12:38, 12:41, 12:48, 13:03, 13:08, 13:09, 13:32, 13:32, 13:35, 13:36, 13:47, 13:57, 13:57, 14:04, 14:25, 14:25, 14:32, 14:36, 14:51, 14:51, 14:57, 15:01, 15:05, 15:19, 15:19, 15:31, 15:33, 15:45, 15:45, 16:00, 16:01, 16:13, 16:13, 16:28, 16:29, 16:39, 16:39, 16:56, 16:59, 17:07, 17:07, 17:30, 17:33, 17:36, 17:36, 17:58, 18:01, 18:01, 18:01, 18:26, 18:30, 18:30, 18:50, 18:57, 19:01, 19:08, 19:17, 19:24, 19:24, 19:25, 19:26, 20:00, 20:00, 20:08, 20:23];[[0, 1, 2, 3, 4], [0, 1, 2, 3, 4], [0, 1, 2, 3, 4], [0, 1, 2, 3, 4], [0, 1, 2, 3, 4], [0, 1, 2, 3, 4], [0, 1, 2, 3, 4], [0, 1, 2, 3, 4], [5], [0, 1, 2, 3, 4], [5], [0, 1, 2, 3, 4], [0, 1, 2, 3, 4], [0, 1, 2, 3, 4], [6], [0, 1, 2, 3, 4], [5], [6], [0, 1, 2, 3, 4], [5], [0, 1, 2, 3, 4], [0, 1, 2, 3, 4], [5], [6], [5], [6], [0, 1, 2, 3, 4], [0, 1, 2, 3, 4], [5], [0, 1, 2, 3, 4], [0, 1, 2, 3, 4], [5], [6], [0, 1, 2, 3, 4], [0, 1, 2, 3, 4], [5], [6], [6], [0, 1, 2, 3, 4], [5], [0, 1, 2, 3, 4], [0, 1, 2, 3, 4], [0, 1, 2, 3, 4], [5], [6], [0, 1, 2, 3, 4], [0, 1, 2, 3, 4], [6], [5], [6], [0, 1, 2, 3, 4], [5], [6], [0, 1, 2, 3, 4], [0, 1, 2, 3, 4], [0, 1, 2, 3, 4], [5], [6], [0, 1, 2, 3, 4], [0, 1, 2, 3, 4], [5], [6], [0, 1, 2, 3, 4], [0, 1, 2, 3, 4], [6], [0, 1, 2, 3, 4], [0, 1, 2, 3, 4], [5], [6], [0, 1, 2, 3, 4], [0, 1, 2, 3, 4], [5], [5], [6], [0, 1, 2, 3, 4], [5], [6], [0, 1, 2, 3, 4], [0, 1, 2, 3, 4], [5], [6], [0, 1, 2, 3, 4], [0, 1, 2, 3, 4], [0, 1, 2, 3, 4], [5], [6], [0, 1, 2, 3, 4], [0, 1, 2, 3, 4], [5], [6], [0, 1, 2, 3, 4], [0, 1, 2, 3, 4], [5], [6], [0, 1, 2, 3, 4], [0, 1, 2, 3, 4], [5], [6], [0, 1, 2, 3, 4], [0, 1, 2, 3, 4], [5], [6], [0, 1, 2, 3, 4], [0, 1, 2, 3, 4], [5], [6], [0, 1, 2, 3, 4], [0, 1, 2, 3, 4], [5], [6], [0, 1, 2, 3, 4], [5], [6], [0, 1, 2, 3, 4], [0, 1, 2, 3, 4], [5], [0, 1, 2, 3, 4], [6], [5], [6], [0, 1, 2, 3, 4], [0, 1, 2, 3, 4], [0, 1, 2, 3, 4], [5], [0, 1, 2, 3, 4], [5]]
76;76;[12516371, 12516359, 12516372, 12516360, 12516361, 12516373, 12516374, 12516362, 12516375, 12516363, 12516376, 12516364, 12516377, 12516365, 12516366, 12516378, 12516367, 12516379, 12516380, 12516368, 12516369, 12516381, 12516384, 12516370, 12516382, 12516383];[05:51, 05:52, 06:46, 06:47, 07:47, 07:47, 08:47, 08:48, 09:47, 09:48, 10:47, 10:48, 11:47, 12:04, 12:43, 12:45, 13:45, 13:45, 14:47, 14:54, 15:50, 15:56, 16:53, 16:55, 18:06, 18:18];[[0, 1, 2, 3, 4], [0, 1, 2, 3, 4], [0, 1, 2, 3, 4], [0, 1, 2, 3, 4], [0, 1, 2, 3, 4], [0, 1, 2, 3, 4], [0, 1, 2, 3, 4], [0, 1, 2, 3, 4], [0, 1, 2, 3, 4], [0, 1, 2, 3, 4], [0, 1, 2, 3, 4], [0, 1, 2, 3, 4], [0, 1, 2, 3, 4], [0, 1, 2, 3, 4], [0, 1, 2, 3, 4], [0, 1, 2, 3, 4], [0, 1, 2, 3, 4], [0, 1, 2, 3, 4], [0, 1, 2, 3, 4], [0, 1, 2, 3, 4], [0, 1, 2, 3, 4], [0, 1, 2, 3, 4], [0, 1, 2, 3, 4], [0, 1, 2, 3, 4], [0, 1, 2, 3, 4], [0, 1, 2, 3, 4]]
79;79;[12528335, 12529957, 12528334, 12529959, 12526470, 12526437, 12526448, 12528326, 12529949, 12526438, 12526459, 12526449, 12528304, 12529927, 12526471, 12526460, 12528315, 12529938, 12526439, 12526472, 12528305, 12529928, 12526450, 12528316, 12529939, 12526440, 12526461, 12528306, 12529929, 12526451, 12526473, 12528317, 12529940, 12526441, 12526462, 12528307, 12529930, 12526452, 12526474, 12528318, 12529941, 12528308, 12529931, 12526463, 12526442, 12528319, 12529942, 12526475, 12526453, 12529932, 12526443, 12526464, 12529943, 12528309, 12526454, 12528320, 12528310, 12529933, 12526476, 12528321, 12529944, 12526465, 12526444, 12528311, 12529934, 12526455, 12526477, 12528322, 12529945, 12528312, 12529935, 12526491, 12526466, 12528323, 12529946, 12526445, 12526478, 12528313, 12529936, 12526456, 12526490, 12526446, 12528324, 12529947, 12526467, 12526457, 12528314, 12526479, 12526468, 12528328, 12529952, 12526447, 12529937, 12528327, 12529954, 12526480, 12528325, 12529950, 12526469, 12526482, 12528329, 12529951, 12526458, 12526486, 12528331, 12526484, 12529948, 12526489, 12529955, 12526483, 12528332, 12529953, 12528330, 12528333, 12529956, 12526487, 12526485, 12528336, 12526488, 12526481, 12529958];[05:10, 05:10, 05:39, 05:39, 05:41, 05:55, 05:56, 06:10, 06:10, 06:11, 06:22, 06:35, 06:39, 06:39, 06:44, 07:05, 07:07, 07:07, 07:16, 07:35, 07:35, 07:35, 07:46, 08:03, 08:03, 08:08, 08:16, 08:35, 08:35, 08:42, 08:46, 09:03, 09:03, 09:16, 09:21, 09:32, 09:32, 09:55, 10:01, 10:01, 10:01, 10:32, 10:32, 10:35, 10:41, 11:01, 11:01, 11:13, 11:21, 11:32, 11:48, 12:01, 12:01, 12:16, 12:18, 12:22, 12:32, 12:32, 12:38, 13:01, 13:01, 13:03, 13:18, 13:32, 13:32, 13:43, 13:48, 14:01, 14:01, 14:32, 14:32, 14:33, 14:58, 15:01, 15:01, 15:03, 15:28, 15:32, 15:32, 15:36, 15:37, 15:58, 16:01, 16:01, 16:06, 16:30, 16:32, 16:36, 17:01, 17:03, 17:03, 17:06, 17:20, 17:32, 17:32, 17:48, 18:03, 18:03, 18:16, 18:30, 18:32, 18:32, 18:42, 18:56, 19:03, 19:09, 19:12, 19:36, 19:37, 19:49, 20:10, 20:10, 20:33, 20:37, 20:37, 20:39, 20:51, 21:10, 21:42, 21:54, 22:01];[[5], [6], [5], [6], [0, 1, 2, 3, 4], [0, 1, 2, 3, 4], [0, 1, 2, 3, 4], [5], [6], [0, 1, 2, 3, 4], [0, 1, 2, 3, 4], [0, 1, 2, 3, 4], [5], [6], [0, 1, 2, 3, 4], [0, 1, 2, 3, 4], [5], [6], [0, 1, 2, 3, 4], [0, 1, 2, 3, 4], [5], [6], [0, 1, 2, 3, 4], [5], [6], [0, 1, 2, 3, 4], [0, 1, 2, 3, 4], [5], [6], [0, 1, 2, 3, 4], [0, 1, 2, 3, 4], [5], [6], [0, 1, 2, 3, 4], [0, 1, 2, 3, 4], [5], [6], [0, 1, 2, 3, 4], [0, 1, 2, 3, 4], [5], [6], [5], [6], [0, 1, 2, 3, 4], [0, 1, 2, 3, 4], [5], [6], [0, 1, 2, 3, 4], [0, 1, 2, 3, 4], [6], [0, 1, 2, 3, 4], [0, 1, 2, 3, 4], [6], [5], [0, 1, 2, 3, 4], [5], [5], [6], [0, 1, 2, 3, 4], [5], [6], [0, 1, 2, 3, 4], [0, 1, 2, 3, 4], [5], [6], [0, 1, 2, 3, 4], [0, 1, 2, 3, 4], [5], [6], [5], [6], [0, 1, 2, 3, 4], [0, 1, 2, 3, 4], [5], [6], [0, 1, 2, 3, 4], [0, 1, 2, 3, 4], [5], [6], [0, 1, 2, 3, 4], [0, 1, 2, 3, 4], [0, 1, 2, 3, 4], [5], [6], [0, 1, 2, 3, 4], [0, 1, 2, 3, 4], [5], [0, 1, 2, 3, 4], [0, 1, 2, 3, 4], [5], [6], [0, 1, 2, 3, 4], [6], [5], [6], [0, 1, 2, 3, 4], [5], [6], [0, 1, 2, 3, 4], [0, 1, 2, 3, 4], [5], [6], [0, 1, 2, 3, 4], [0, 1, 2, 3, 4], [5], [0, 1, 2, 3, 4], [6], [0, 1, 2, 3, 4], [6], [0, 1, 2, 3, 4], [5], [6], [5], [5], [6], [0, 1, 2, 3, 4], [0, 1, 2, 3, 4], [5], [0, 1, 2, 3, 4], [0, 1, 2, 3, 4], [6]]
79A;79A;[];[];[]
83;83;[12516634, 12516628, 12516625, 12520464, 12523288, 12516624, 12520441, 12523287, 12516558, 12520465, 12516559, 12516563, 12523289, 12516626, 12520442, 12523277, 12520466, 12516568, 12516562, 12520443, 12520493, 12523290, 12520497, 12516567, 12516561, 12520498, 12523276, 12516560, 12520492, 12523291, 12516566, 12516565, 12520444, 12523257, 12516627, 12520467, 12523292, 12516570, 12516564, 12520445, 12523279, 12516663, 12520468, 12523293, 12516571, 12516569, 12520446, 12523273, 12520469, 12523294, 12516574, 12516572, 12520447, 12523267, 12520470, 12523295, 12516573, 12520448, 12523281, 12516576, 12520471, 12523296, 12516575, 12520449, 12523268, 12516578, 12520472, 12523297, 12516577, 12520450, 12523260, 12516579, 12520473, 12523298, 12516580, 12520451, 12523269, 12516582, 12520474, 12523299, 12516581, 12520452, 12523265, 12516584, 12520475, 12523300, 12516583, 12520453, 12523264, 12516587, 12520476, 12523301, 12516585, 12520454, 12523261, 12516588, 12523302, 12516586, 12520455, 12523259, 12516589, 12520478, 12523303, 12520477, 12516590, 12520488, 12523262, 12516596, 12520479, 12523304, 12516595, 12520489, 12523284, 12516593, 12520480, 12523305, 12516592, 12520456, 12523263, 12516594, 12520481, 12523306, 12516591, 12523278, 12520482, 12523307, 12516597, 12520458, 12523272, 12516602, 12520457, 12516601, 12520483, 12523308, 12516599, 12520459, 12523270, 12516600, 12520484, 12523309, 12516598, 12520460, 12523271, 12516608, 12520490, 12523310, 12516630, 12516604, 12520461, 12523283, 12516605, 12520485, 12523311, 12516603, 12520494, 12523286, 12516607, 12520502, 12523312, 12516606, 12520462, 12523282, 12516612, 12520504, 12516609, 12520503, 12523258, 12516611, 12520486, 12523313, 12516610, 12520505, 12523285, 12516613, 12520487, 12516614, 12520501, 12516616, 12520496, 12523314, 12516615, 12520506, 12523280, 12516619, 12520509, 12516617, 12520463, 12516620, 12520491, 12523315, 12516618, 12520510, 12523266, 12516629, 12520511, 12516633, 12520495, 12516632, 12520512, 12523316, 12523274, 12516631, 12520500, 12516621, 12520508, 12523317, 12516623, 12516622, 12520507, 12520499, 12523275];[04:14, 04:30, 04:44, 04:54, 04:54, 05:00, 05:00, 05:00, 05:14, 05:20, 05:30, 05:44, 05:50, 06:00, 06:00, 06:00, 06:13, 06:14, 06:29, 06:30, 06:43, 06:43, 06:50, 06:59, 07:00, 07:00, 07:00, 07:13, 07:13, 07:13, 07:29, 07:30, 07:30, 07:30, 07:37, 07:43, 07:43, 07:59, 08:00, 08:00, 08:00, 08:07, 08:13, 08:13, 08:29, 08:30, 08:30, 08:30, 08:43, 08:43, 08:59, 09:00, 09:00, 09:00, 09:13, 09:13, 09:30, 09:30, 09:30, 09:38, 09:43, 09:44, 10:00, 10:00, 10:00, 10:08, 10:12, 10:12, 10:30, 10:30, 10:30, 10:38, 10:42, 10:42, 11:00, 11:00, 11:00, 11:08, 11:12, 11:12, 11:30, 11:30, 11:30, 11:38, 11:42, 11:42, 12:00, 12:00, 12:00, 12:08, 12:12, 12:12, 12:30, 12:30, 12:30, 12:38, 12:42, 13:00, 13:00, 13:00, 13:02, 13:07, 13:07, 13:22, 13:30, 13:30, 13:30, 13:32, 13:37, 13:37, 14:00, 14:00, 14:00, 14:02, 14:07, 14:07, 14:30, 14:30, 14:30, 14:32, 14:37, 14:37, 15:00, 15:00, 15:07, 15:07, 15:30, 15:30, 15:30, 15:32, 15:34, 15:36, 15:37, 15:37, 16:00, 16:00, 16:00, 16:02, 16:07, 16:07, 16:30, 16:30, 16:30, 16:32, 16:37, 16:37, 16:47, 17:00, 17:00, 17:00, 17:01, 17:07, 17:07, 17:30, 17:30, 17:30, 17:31, 17:37, 17:37, 18:00, 18:00, 18:00, 18:06, 18:07, 18:30, 18:30, 18:30, 18:36, 18:37, 18:37, 19:00, 19:00, 19:00, 19:06, 19:18, 19:30, 19:30, 19:42, 19:48, 19:48, 20:00, 20:00, 20:00, 20:12, 20:18, 20:30, 20:30, 20:44, 20:48, 20:48, 21:00, 21:00, 21:00, 21:14, 21:18, 21:30, 21:30, 21:44, 21:48, 21:48, 22:00, 22:14, 22:18, 22:28, 22:30, 22:48, 23:00, 23:14, 23:18, 23:30, 23:38];[[0, 1, 2, 3, 4], [0, 1, 2, 3, 4], [0, 1, 2, 3, 4], [5], [6], [0, 1, 2, 3, 4], [5], [6], [0, 1, 2, 3, 4], [5], [0, 1, 2, 3, 4], [0, 1, 2, 3, 4], [6], [0, 1, 2, 3, 4], [5], [6], [5], [0, 1, 2, 3, 4], [0, 1, 2, 3, 4], [5], [5], [6], [5], [0, 1, 2, 3, 4], [0, 1, 2, 3, 4], [5], [6], [0, 1, 2, 3, 4], [5], [6], [0, 1, 2, 3, 4], [0, 1, 2, 3, 4], [5], [6], [0, 1, 2, 3], [5], [6], [0, 1, 2, 3, 4], [0, 1, 2, 3, 4], [5], [6], [4], [5], [6], [0, 1, 2, 3, 4], [0, 1, 2, 3, 4], [5], [6], [5], [6], [0, 1, 2, 3, 4], [0, 1, 2, 3, 4], [5], [6], [5], [6], [0, 1, 2, 3, 4], [5], [6], [0, 1, 2, 3, 4], [5], [6], [0, 1, 2, 3, 4], [5], [6], [0, 1, 2, 3, 4], [5], [6], [0, 1, 2, 3, 4], [5], [6], [0, 1, 2, 3, 4], [5], [6], [0, 1, 2, 3, 4], [5], [6], [0, 1, 2, 3, 4], [5], [6], [0, 1, 2, 3, 4], [5], [6], [0, 1, 2, 3, 4], [5], [6], [0, 1, 2, 3, 4], [5], [6], [0, 1, 2, 3, 4], [5], [6], [0, 1, 2, 3, 4], [5], [6], [0, 1, 2, 3, 4], [6], [0, 1, 2, 3, 4], [5], [6], [0, 1, 2, 3, 4], [5], [6], [5], [0, 1, 2, 3, 4], [5], [6], [0, 1, 2, 3, 4], [5], [6], [0, 1, 2, 3, 4], [5], [6], [0, 1, 2, 3, 4], [5], [6], [0, 1, 2, 3, 4], [5], [6], [0, 1, 2, 3, 4], [5], [6], [0, 1, 2, 3, 4], [6], [5], [6], [0, 1, 2, 3, 4], [5], [6], [0, 1, 2, 3, 4], [5], [0, 1, 2, 3, 4], [5], [6], [0, 1, 2, 3, 4], [5], [6], [0, 1, 2, 3, 4], [5], [6], [0, 1, 2, 3, 4], [5], [6], [0, 1, 2, 3, 4], [5], [6], [0, 1, 2, 3], [0, 1, 2, 3, 4], [5], [6], [0, 1, 2, 3, 4], [5], [6], [0, 1, 2, 3, 4], [5], [6], [0, 1, 2, 3, 4], [5], [6], [0, 1, 2, 3, 4], [5], [6], [0, 1, 2, 3, 4], [5], [0, 1, 2, 3, 4], [5], [6], [0, 1, 2, 3, 4], [5], [6], [0, 1, 2, 3, 4], [5], [6], [0, 1, 2, 3, 4], [5], [0, 1, 2, 3, 4], [5], [0, 1, 2, 3, 4], [5], [6], [0, 1, 2, 3, 4], [5], [6], [0, 1, 2, 3, 4], [5], [0, 1, 2, 3, 4], [5], [0, 1, 2, 3, 4], [5], [6], [0, 1, 2, 3, 4], [5], [6], [0, 1, 2, 3, 4], [5], [0, 1, 2, 3, 4], [5], [0, 1, 2, 3, 4], [5], [6], [6], [0, 1, 2, 3, 4], [5], [0, 1, 2, 3, 4], [5], [6], [0, 1, 2, 3, 4], [0, 1, 2, 3, 4], [5], [5], [6]]
85;85;[12526241, 12526227, 12526242, 12526228, 12526243, 12526229, 12526244, 12526230, 12526245, 12526231, 12526246, 12526247, 12526232, 12526233, 12526248, 12526234, 12526249, 12526235, 12526250, 12526236, 12526251, 12526237, 12526252, 12526238, 12526253, 12526239, 12526254, 12526240, 12526255, 12526257, 12526256, 12526258];[05:36, 06:31, 06:35, 07:29, 07:30, 08:30, 08:31, 09:29, 10:02, 10:30, 10:31, 11:32, 11:53, 12:30, 12:31, 13:31, 13:32, 14:31, 14:32, 15:31, 15:32, 16:31, 16:32, 17:31, 17:32, 18:31, 18:37, 19:29, 19:37, 20:29, 20:42, 21:27];[[0, 1, 2, 3, 4], [0, 1, 2, 3, 4], [0, 1, 2, 3, 4], [0, 1, 2, 3, 4], [0, 1, 2, 3, 4], [0, 1, 2, 3, 4], [0, 1, 2, 3, 4], [0, 1, 2, 3, 4], [0, 1, 2, 3, 4], [0, 1, 2, 3, 4], [0, 1, 2, 3, 4], [0, 1, 2, 3, 4], [0, 1, 2, 3, 4], [0, 1, 2, 3, 4], [0, 1, 2, 3, 4], [0, 1, 2, 3, 4], [0, 1, 2, 3, 4], [0, 1, 2, 3, 4], [0, 1, 2, 3, 4], [0, 1, 2, 3, 4], [0, 1, 2, 3, 4], [0, 1, 2, 3, 4], [0, 1, 2, 3, 4], [0, 1, 2, 3, 4], [0, 1, 2, 3, 4], [0, 1, 2, 3, 4], [0, 1, 2, 3, 4], [0, 1, 2, 3, 4], [0, 1, 2, 3, 4], [0, 1, 2, 3, 4], [0, 1, 2, 3, 4], [0, 1, 2, 3, 4]]
86;86;[12525552, 12525543, 12525562, 12525553, 12525544, 12525563, 12525554, 12525545, 12525564, 12525555, 12525546, 12525565, 12525556, 12525547, 12525566, 12525557, 12525548, 12525567, 12525558, 12525568, 12525549, 12525559, 12525550, 12525569, 12525560, 12525551, 12525570, 12525561];[05:36, 06:16, 06:33, 07:17, 07:38, 08:22, 08:48, 09:25, 09:53, 10:30, 10:54, 11:35, 11:59, 12:40, 13:13, 13:47, 14:09, 14:52, 15:16, 16:25, 16:43, 17:04, 17:30, 18:13, 18:40, 19:18, 19:49, 20:23];[[0, 1, 2, 3, 4], [0, 1, 2, 3, 4], [0, 1, 2, 3, 4], [0, 1, 2, 3, 4], [0, 1, 2, 3, 4], [0, 1, 2, 3, 4], [0, 1, 2, 3, 4], [0, 1, 2, 3, 4], [0, 1, 2, 3, 4], [0, 1, 2, 3, 4], [0, 1, 2, 3, 4], [0, 1, 2, 3, 4], [0, 1, 2, 3, 4], [0, 1, 2, 3, 4], [0, 1, 2, 3, 4], [0, 1, 2, 3, 4], [0, 1, 2, 3, 4], [0, 1, 2, 3, 4], [0, 1, 2, 3, 4], [0, 1, 2, 3, 4], [0, 1, 2, 3, 4], [0, 1, 2, 3, 4], [0, 1, 2, 3, 4], [0, 1, 2, 3, 4], [0, 1, 2, 3, 4], [0, 1, 2, 3, 4], [0, 1, 2, 3, 4], [0, 1, 2, 3, 4]]
862;862;[12516427, 12516428, 12516429, 12516463, 12516426, 12520351, 12523094, 12516389, 12516443, 12520352, 12523095, 12516444, 12516390, 12520353, 12523096, 12516445, 12516446, 12520354, 12516391, 12523097, 12516448, 12520355, 12523098, 12516447, 12516442, 12516392, 12520356, 12523099, 12516393, 12520357, 12523100, 12516449, 12516394, 12520358, 12523101, 12516395, 12520359, 12523102, 12516396, 12516397, 12520360, 12523103, 12516450, 12520361, 12523104, 12516430, 12520362, 12523105, 12516398, 12516451, 12523106, 12520363, 12516399, 12520364, 12523107, 12516431, 12520365, 12523108, 12516400, 12516432, 12520366, 12523109, 12516452, 12516401, 12520367, 12523110, 12516402, 12520368, 12523111, 12516453, 12520369, 12523112, 12516433, 12516403, 12520370, 12523113, 12516434, 12520371, 12523114, 12516454, 12516404, 12520372, 12523115, 12516435, 12520373, 12523116, 12516405, 12516455, 12520374, 12523117, 12516406, 12520375, 12523118, 12516436, 12520376, 12523119, 12516437, 12516456, 12520377, 12523120, 12516407, 12516408, 12520378, 12523121, 12516438, 12516457, 12520379, 12523122, 12516409, 12516439, 12520380, 12523123, 12516410, 12516458, 12520381, 12523124, 12516459, 12516441, 12516460, 12520382, 12523125, 12516411, 12516461, 12520383, 12523126, 12516462, 12516412, 12520384, 12523127, 12520385, 12523128, 12516413, 12520386, 12523129, 12516414, 12520387, 12523130, 12516415, 12520388, 12516416, 12523131, 12520389, 12523132, 12516417, 12520390, 12523133, 12516418, 12520391, 12523134, 12520392, 12523135, 12516419, 12520393, 12523136, 12516420, 12520394, 12523137, 12516421, 12520395, 12523138, 12516422, 12520396, 12523139, 12516440, 12523140, 12520397, 12516423, 12520398, 12523141, 12516424, 12520399, 12523142, 12516425, 12520400, 12523143];[04:55, 05:15, 05:35, 05:45, 05:55, 06:00, 06:00, 06:10, 06:20, 06:20, 06:20, 06:30, 06:40, 06:45, 06:45, 06:50, 07:00, 07:05, 07:10, 07:13, 07:20, 07:25, 07:25, 07:30, 07:40, 07:50, 07:55, 07:55, 08:05, 08:15, 08:15, 08:20, 08:35, 08:35, 08:35, 08:50, 08:55, 08:55, 09:05, 09:20, 09:20, 09:20, 09:35, 09:40, 09:40, 09:50, 10:00, 10:00, 10:05, 10:20, 10:20, 10:32, 10:35, 10:40, 10:40, 10:50, 11:00, 11:00, 11:05, 11:20, 11:30, 11:30, 11:35, 11:50, 11:50, 11:50, 12:05, 12:10, 12:10, 12:20, 12:30, 12:30, 12:35, 12:50, 12:50, 12:50, 13:05, 13:10, 13:10, 13:20, 13:35, 13:40, 13:40, 13:50, 14:00, 14:00, 14:05, 14:20, 14:20, 14:20, 14:35, 14:40, 14:40, 14:50, 15:00, 15:00, 15:05, 15:20, 15:20, 15:20, 15:35, 15:50, 15:50, 15:50, 16:00, 16:10, 16:10, 16:10, 16:20, 16:30, 16:30, 16:30, 16:40, 16:50, 16:50, 16:50, 17:00, 17:10, 17:20, 17:20, 17:20, 17:30, 17:40, 17:40, 17:40, 17:50, 18:00, 18:00, 18:00, 18:20, 18:20, 18:25, 18:40, 18:40, 18:50, 19:00, 19:00, 19:15, 19:30, 19:40, 19:41, 19:50, 19:50, 20:05, 20:10, 20:10, 20:30, 20:30, 20:30, 20:50, 20:50, 21:08, 21:10, 21:10, 21:20, 21:40, 21:40, 21:45, 22:00, 22:00, 22:10, 22:20, 22:20, 22:35, 22:40, 22:56, 23:00, 23:00, 23:00, 23:25, 23:30, 23:30, 23:50, 23:50, 23:50];[[0, 1, 2, 3, 4], [0, 1, 2, 3, 4], [0, 1, 2, 3, 4], [0, 1, 2, 3, 4], [0, 1, 2, 3, 4], [5], [6], [0, 1, 2, 3, 4], [0, 1, 2, 3, 4], [5], [6], [0, 1, 2, 3, 4], [0, 1, 2, 3, 4], [5], [6], [0, 1, 2, 3, 4], [0, 1, 2, 3, 4], [5], [0, 1, 2, 3, 4], [6], [0, 1, 2, 3, 4], [5], [6], [0, 1, 2, 3, 4], [0, 1, 2, 3, 4], [0, 1, 2, 3, 4], [5], [6], [0, 1, 2, 3, 4], [5], [6], [0, 1, 2, 3, 4], [0, 1, 2, 3, 4], [5], [6], [0, 1, 2, 3, 4], [5], [6], [0, 1, 2, 3, 4], [0, 1, 2, 3, 4], [5], [6], [0, 1, 2, 3, 4], [5], [6], [0, 1, 2, 3, 4], [5], [6], [0, 1, 2, 3, 4], [0, 1, 2, 3, 4], [6], [5], [0, 1, 2, 3, 4], [5], [6], [0, 1, 2, 3, 4], [5], [6], [0, 1, 2, 3, 4], [0, 1, 2, 3, 4], [5], [6], [0, 1, 2, 3, 4], [0, 1, 2, 3, 4], [5], [6], [0, 1, 2, 3, 4], [5], [6], [0, 1, 2, 3, 4], [5], [6], [0, 1, 2, 3, 4], [0, 1, 2, 3, 4], [5], [6], [0, 1, 2, 3, 4], [5], [6], [0, 1, 2, 3, 4], [0, 1, 2, 3, 4], [5], [6], [0, 1, 2, 3, 4], [5], [6], [0, 1, 2, 3, 4], [0, 1, 2, 3, 4], [5], [6], [0, 1, 2, 3, 4], [5], [6], [0, 1, 2, 3, 4], [5], [6], [0, 1, 2, 3, 4], [0, 1, 2, 3, 4], [5], [6], [0, 1, 2, 3, 4], [0, 1, 2, 3, 4], [5], [6], [0, 1, 2, 3, 4], [0, 1, 2, 3, 4], [5], [6], [0, 1, 2, 3, 4], [0, 1, 2, 3, 4], [5], [6], [0, 1, 2, 3, 4], [0, 1, 2, 3, 4], [5], [6], [0, 1, 2, 3, 4], [0, 1, 2, 3, 4], [0, 1, 2, 3, 4], [5], [6], [0, 1, 2, 3, 4], [0, 1, 2, 3, 4], [5], [6], [0, 1, 2, 3, 4], [0, 1, 2, 3, 4], [5], [6], [5], [6], [0, 1, 2, 3, 4], [5], [6], [0, 1, 2, 3, 4], [5], [6], [0, 1, 2, 3, 4], [5], [0, 1, 2, 3, 4], [6], [5], [6], [0, 1, 2, 3, 4], [5], [6], [0, 1, 2, 3, 4], [5], [6], [5], [6], [0, 1, 2, 3, 4], [5], [6], [0, 1, 2, 3, 4], [5], [6], [0, 1, 2, 3, 4], [5], [6], [0, 1, 2, 3, 4], [5], [6], [0, 1, 2, 3, 4], [6], [5], [0, 1, 2, 3, 4], [5], [6], [0, 1, 2, 3, 4], [5], [6], [0, 1, 2, 3, 4], [5], [6]]
89;89;[12528423, 12530123, 12526553, 12526586, 12530122, 12528421, 12530106, 12526570, 12526587, 12528429, 12530124, 12526583, 12528428, 12528414, 12530107, 12526571, 12526568, 12528430, 12530125, 12526598, 12528416, 12530108, 12526572, 12526599, 12526588, 12526578, 12526579, 12526589, 12528431, 12530126, 12528413, 12530109, 12526573, 12526595, 12528432, 12530127, 12526590, 12528426, 12530110, 12526574, 12528433, 12530128, 12526591, 12526575, 12528417, 12530111, 12528443, 12530129, 12526592, 12528420, 12530112, 12528434, 12526593, 12526576, 12528422, 12530113, 12530130, 12526577, 12528435, 12530131, 12526594, 12528415, 12530114, 12526559, 12528442, 12530132, 12526563, 12528425, 12530115, 12526556, 12526564, 12528436, 12530133, 12526580, 12530116, 12526554, 12526584, 12526565, 12526582, 12526562, 12528437, 12530134, 12526585, 12528418, 12528427, 12530117, 12526555, 12526566, 12528438, 12530135, 12526560, 12528424, 12530118, 12526569, 12526558, 12526567, 12528439, 12530136, 12528419, 12530119, 12526561, 12526596, 12530137, 12528412, 12530120, 12528440, 12526557, 12526597, 12528441, 12530138, 12528411, 12530121, 12526600, 12526581];[04:30, 04:30, 04:52, 05:01, 05:26, 05:33, 05:33, 05:50, 06:01, 06:19, 06:19, 06:20, 06:20, 06:33, 06:33, 06:42, 07:12, 07:19, 07:19, 07:23, 07:29, 07:29, 07:35, 07:39, 07:48, 07:49, 08:05, 08:11, 08:13, 08:13, 08:29, 08:36, 08:41, 08:41, 09:08, 09:08, 09:11, 09:36, 09:36, 09:41, 10:08, 10:08, 10:11, 10:41, 10:41, 10:41, 11:08, 11:08, 11:10, 11:25, 11:25, 12:07, 12:10, 12:11, 12:25, 12:25, 12:33, 12:41, 13:07, 13:07, 13:10, 13:25, 13:25, 13:38, 14:07, 14:07, 14:10, 14:25, 14:25, 14:38, 14:52, 15:09, 15:09, 15:13, 15:25, 15:26, 15:38, 15:43, 15:45, 16:08, 16:09, 16:09, 16:13, 16:17, 16:19, 16:19, 16:38, 16:50, 17:11, 17:11, 17:15, 17:19, 17:19, 17:20, 17:45, 17:56, 18:11, 18:11, 18:21, 18:40, 18:45, 19:00, 19:17, 19:21, 19:21, 19:44, 19:48, 20:00, 20:19, 20:19, 20:21, 20:21, 20:48, 21:01];[[5], [6], [0, 1, 2, 3, 4], [0, 1, 2, 3, 4], [6], [5], [6], [0, 1, 2, 3, 4], [0, 1, 2, 3, 4], [5], [6], [0, 1, 2, 3, 4], [5], [5], [6], [0, 1, 2, 3, 4], [0, 1, 2, 3, 4], [5], [6], [0, 1, 2, 3, 4], [5], [6], [0, 1, 2, 3, 4], [0, 1, 2, 3, 4], [0, 1, 2, 3, 4], [0, 1, 2, 3, 4], [0, 1, 2, 3, 4], [0, 1, 2, 3, 4], [5], [6], [5], [6], [0, 1, 2, 3, 4], [0, 1, 2, 3, 4], [5], [6], [0, 1, 2, 3, 4], [5], [6], [0, 1, 2, 3, 4], [5], [6], [0, 1, 2, 3, 4], [0, 1, 2, 3, 4], [5], [6], [5], [6], [0, 1, 2, 3, 4], [5], [6], [5], [0, 1, 2, 3, 4], [0, 1, 2, 3, 4], [5], [6], [6], [0, 1, 2, 3, 4], [5], [6], [0, 1, 2, 3, 4], [5], [6], [0, 1, 2, 3, 4], [5], [6], [0, 1, 2, 3, 4], [5], [6], [0, 1, 2, 3, 4], [0, 1, 2, 3, 4], [5], [6], [0, 1, 2, 3, 4], [6], [0, 1, 2, 3, 4], [0, 1, 2, 3, 4], [0, 1, 2, 3, 4], [0, 1, 2, 3, 4], [0, 1, 2, 3, 4], [5], [6], [0, 1, 2, 3, 4], [5], [5], [6], [0, 1, 2, 3, 4], [0, 1, 2, 3, 4], [5], [6], [0, 1, 2, 3, 4], [5], [6], [0, 1, 2, 3, 4], [0, 1, 2, 3, 4], [0, 1, 2, 3, 4], [5], [6], [5], [6], [0, 1, 2, 3, 4], [0, 1, 2, 3, 4], [6], [5], [6], [5], [0, 1, 2, 3, 4], [0, 1, 2, 3, 4], [5], [6], [5], [6], [0, 1, 2, 3, 4], [0, 1, 2, 3, 4]]
90;90;[12560013, 12560232, 12552841, 12560248, 12552864, 12560014, 12552842, 12552853, 12560040, 12552843, 12560046, 12560249, 12552854, 12552844, 12552855, 12560233, 12560033, 12560234, 12552845, 12560047, 12560250, 12552856, 12552846, 12552857, 12560043, 12560235, 12552858, 12560048, 12560251, 12552848, 12552859, 12560236, 12552849, 12552860, 12560049, 12560252, 12560045, 12552847, 12552895, 12560031, 12560237, 12552893, 12560050, 12560253, 12552850, 12552861, 12560037, 12560238, 12560051, 12560254, 12552889, 12552887, 12560030, 12560239, 12552862, 12552851, 12560052, 12560255, 12560044, 12560240, 12552886, 12552894, 12560256, 12552863, 12552852, 12560042, 12560241, 12560053, 12560054, 12560257, 12552888, 12560032, 12552865, 12552890, 12560055, 12560258, 12552892, 12560242, 12552884, 12552891, 12552866, 12560039, 12560243, 12552873, 12560056, 12560259, 12552867, 12552874, 12552868, 12552875, 12560041, 12560244, 12560057, 12560260, 12552876, 12552869, 12552877, 12560035, 12560245, 12552870, 12560058, 12560261, 12552878, 12552879, 12552871, 12560029, 12560246, 12560059, 12560262, 12552880, 12552872, 12560038, 12560247, 12560263, 12552882, 12560036, 12552883, 12552885, 12560034, 12560264, 12552881];[04:51, 04:51, 04:55, 05:05, 05:12, 05:14, 05:23, 05:42, 05:51, 05:55, 06:05, 06:05, 06:12, 06:25, 06:31, 06:32, 06:51, 06:51, 06:55, 07:05, 07:05, 07:14, 07:25, 07:27, 07:49, 07:49, 07:57, 08:05, 08:05, 08:25, 08:27, 08:46, 08:55, 08:57, 09:05, 09:05, 09:16, 09:17, 09:40, 09:42, 09:42, 09:47, 10:05, 10:05, 10:25, 10:32, 10:42, 10:42, 11:05, 11:05, 11:10, 11:17, 11:42, 11:42, 11:52, 11:55, 12:05, 12:05, 12:39, 12:39, 12:40, 12:44, 13:05, 13:22, 13:25, 13:39, 13:39, 13:46, 14:05, 14:05, 14:07, 14:39, 14:42, 15:03, 15:05, 15:05, 15:09, 15:12, 15:30, 15:37, 15:39, 15:39, 15:39, 16:02, 16:05, 16:05, 16:09, 16:12, 16:39, 16:42, 16:45, 16:45, 17:05, 17:05, 17:12, 17:20, 17:42, 17:45, 17:45, 17:59, 18:05, 18:05, 18:12, 18:42, 18:44, 18:45, 18:45, 19:05, 19:05, 19:27, 19:40, 19:47, 19:47, 20:05, 20:12, 20:54, 20:57, 21:05, 21:05, 21:05, 21:13];[[5], [6], [0, 1, 2, 3, 4], [6], [0, 1, 2, 3, 4], [5], [0, 1, 2, 3, 4], [0, 1, 2, 3, 4], [5], [0, 1, 2, 3, 4], [5], [6], [0, 1, 2, 3, 4], [0, 1, 2, 3, 4], [0, 1, 2, 3, 4], [6], [5], [6], [0, 1, 2, 3, 4], [5], [6], [0, 1, 2, 3, 4], [0, 1, 2, 3, 4], [0, 1, 2, 3, 4], [5], [6], [0, 1, 2, 3, 4], [5], [6], [0, 1, 2, 3, 4], [0, 1, 2, 3, 4], [6], [0, 1, 2, 3, 4], [0, 1, 2, 3, 4], [5], [6], [5], [0, 1, 2, 3, 4], [0, 1, 2, 3, 4], [5], [6], [0, 1, 2, 3, 4], [5], [6], [0, 1, 2, 3, 4], [0, 1, 2, 3, 4], [5], [6], [5], [6], [0, 1, 2, 3, 4], [0, 1, 2, 3, 4], [5], [6], [0, 1, 2, 3, 4], [0, 1, 2, 3, 4], [5], [6], [5], [6], [0, 1, 2, 3, 4], [0, 1, 2, 3, 4], [6], [0, 1, 2, 3, 4], [0, 1, 2, 3, 4], [5], [6], [5], [5], [6], [0, 1, 2, 3, 4], [5], [0, 1, 2, 3, 4], [0, 1, 2, 3, 4], [5], [6], [0, 1, 2, 3, 4], [6], [0, 1, 2, 3, 4], [0, 1, 2, 3, 4], [0, 1, 2, 3, 4], [5], [6], [0, 1, 2, 3, 4], [5], [6], [0, 1, 2, 3, 4], [0, 1, 2, 3, 4], [0, 1, 2, 3, 4], [0, 1, 2, 3, 4], [5], [6], [5], [6], [0, 1, 2, 3, 4], [0, 1, 2, 3, 4], [0, 1, 2, 3, 4], [5], [6], [0, 1, 2, 3, 4], [5], [6], [0, 1, 2, 3, 4], [0, 1, 2, 3, 4], [0, 1, 2, 3, 4], [5], [6], [5], [6], [0, 1, 2, 3, 4], [0, 1, 2, 3, 4], [5], [6], [6], [0, 1, 2, 3, 4], [5], [0, 1, 2, 3, 4], [0, 1, 2, 3, 4], [5], [6], [0, 1, 2, 3, 4]]
91;91;[12533701, 12533706, 12533700, 12533705, 12533972, 12533714, 12533715, 12533822, 12533652, 12533768, 12533969, 12533653, 12533676, 12533778, 12533947, 12533769, 12533713, 12533796, 12533677, 12533817, 12533712, 12533819, 12533949, 12533654, 12533963, 12533788, 12533678, 12533797, 12533655, 12533789, 12533954, 12533679, 12533951, 12533656, 12533657, 12533680, 12533780, 12533790, 12533772, 12533945, 12533658, 12533682, 12533798, 12533773, 12533953, 12533779, 12533659, 12533681, 12533799, 12533791, 12533965, 12533660, 12533683, 12533781, 12533955, 12533792, 12533661, 12533684, 12533782, 12533793, 12533952, 12533662, 12533685, 12533957, 12533774, 12533663, 12533686, 12533801, 12533794, 12533946, 12533800, 12533664, 12533783, 12533959, 12533795, 12533665, 12533688, 12533784, 12533775, 12533958, 12533687, 12533666, 12533689, 12533785, 12533960, 12533776, 12533667, 12533777, 12533967, 12533690, 12533786, 12533668, 12533812, 12533691, 12533787, 12533962, 12533670, 12533692, 12533709, 12533806, 12533813, 12533950, 12533671, 12533693, 12533807, 12533964, 12533814, 12533672, 12533694, 12533808, 12533815, 12533956, 12533673, 12533695, 12533809, 12533966, 12533816, 12533696, 12533674, 12533802, 12533948, 12533697, 12533811, 12533968, 12533818, 12533675, 12533810, 12533820, 12533698, 12533803, 12533961, 12533702, 12533699, 12533804, 12533970, 12533703, 12533821, 12533707, 12533805, 12533971, 12533704, 12533708, 12533717, 12533716, 12533711, 12533983, 12533710, 12533718];[05:12, 05:30, 05:42, 06:00, 06:00, 06:12, 06:30, 06:30, 06:37, 06:43, 06:43, 06:59, 07:00, 07:00, 07:00, 07:13, 07:29, 07:30, 07:33, 07:43, 08:00, 08:00, 08:00, 08:03, 08:10, 08:13, 08:30, 08:30, 08:33, 08:35, 08:35, 09:00, 09:00, 09:16, 09:30, 09:30, 09:30, 09:32, 09:35, 09:35, 10:00, 10:00, 10:00, 10:03, 10:11, 10:14, 10:30, 10:30, 10:30, 10:33, 10:33, 11:00, 11:00, 11:00, 11:00, 11:01, 11:24, 11:30, 11:30, 11:31, 11:31, 11:54, 12:00, 12:00, 12:01, 12:24, 12:30, 12:30, 12:31, 12:31, 12:38, 12:54, 13:00, 13:00, 13:01, 13:24, 13:30, 13:30, 13:31, 13:31, 13:43, 13:59, 14:00, 14:00, 14:00, 14:01, 14:15, 14:29, 14:29, 14:30, 14:30, 14:45, 14:59, 15:00, 15:00, 15:00, 15:21, 15:30, 15:30, 15:30, 15:31, 15:31, 15:51, 16:00, 16:00, 16:00, 16:01, 16:27, 16:30, 16:30, 16:31, 16:31, 16:57, 17:00, 17:00, 17:00, 17:07, 17:30, 17:32, 17:37, 17:37, 18:00, 18:00, 18:00, 18:07, 18:08, 18:30, 18:30, 18:31, 18:37, 18:37, 18:38, 19:00, 19:00, 19:00, 19:08, 19:10, 19:30, 19:30, 19:38, 19:42, 20:13, 20:17, 20:30, 20:47, 20:47, 21:00, 22:21];[[0, 1, 2, 3, 4], [0, 1, 2, 3, 4], [0, 1, 2, 3, 4], [0, 1, 2, 3, 4], [6], [0, 1, 2, 3, 4], [0, 1, 2, 3, 4], [5], [0, 1, 2, 3, 4], [5], [6], [0, 1, 2, 3, 4], [0, 1, 2, 3, 4], [5], [6], [5], [0, 1, 2, 3, 4], [5], [0, 1, 2, 3, 4], [5], [0, 1, 2, 3, 4], [5], [6], [0, 1, 2, 3, 4], [6], [5], [0, 1, 2, 3, 4], [5], [0, 1, 2, 3, 4], [5], [6], [0, 1, 2, 3, 4], [6], [0, 1, 2, 3, 4], [0, 1, 2, 3, 4], [0, 1, 2, 3, 4], [5], [5], [5], [6], [0, 1, 2, 3, 4], [0, 1, 2, 3, 4], [5], [5], [6], [5], [0, 1, 2, 3, 4], [0, 1, 2, 3, 4], [5], [5], [6], [0, 1, 2, 3, 4], [0, 1, 2, 3, 4], [5], [6], [5], [0, 1, 2, 3, 4], [0, 1, 2, 3, 4], [5], [5], [6], [0, 1, 2, 3, 4], [0, 1, 2, 3, 4], [6], [5], [0, 1, 2, 3, 4], [0, 1, 2, 3, 4], [5], [5], [6], [5], [0, 1, 2, 3, 4], [5], [6], [5], [0, 1, 2, 3, 4], [0, 1, 2, 3, 4], [5], [5], [6], [0, 1, 2, 3, 4], [0, 1, 2, 3, 4], [0, 1, 2, 3, 4], [5], [6], [5], [0, 1, 2, 3, 4], [5], [6], [0, 1, 2, 3, 4], [5], [0, 1, 2, 3, 4], [5], [0, 1, 2, 3, 4], [5], [6], [0, 1, 2, 3, 4], [0, 1, 2, 3, 4], [0, 1, 2, 3, 4], [5], [5], [6], [0, 1, 2, 3, 4], [0, 1, 2, 3, 4], [5], [6], [5], [0, 1, 2, 3, 4], [0, 1, 2, 3, 4], [5], [5], [6], [0, 1, 2, 3, 4], [0, 1, 2, 3, 4], [5], [6], [5], [0, 1, 2, 3, 4], [0, 1, 2, 3, 4], [5], [6], [0, 1, 2, 3, 4], [5], [6], [5], [0, 1, 2, 3, 4], [5], [5], [0, 1, 2, 3, 4], [5], [6], [0, 1, 2, 3, 4], [0, 1, 2, 3, 4], [5], [6], [0, 1, 2, 3, 4], [5], [0, 1, 2, 3, 4], [5], [6], [0, 1, 2, 3, 4], [0, 1, 2, 3, 4], [0, 1, 2, 3, 4], [0, 1, 2, 3, 4], [0, 1, 2, 3, 4], [6], [0, 1, 2, 3, 4], [0, 1, 2, 3, 4]]
