101;Fort Hunt - Mount Vernon;[526020, 988020, 3493020, 3101020, 586020, 1740020, 7080070, 4413080, 237010, 6302020, 605020, 2361080, 9358070, 5984020, 326010, 3701020, 6426070, 2604080, 41010, 335020, 4457020, 5354010, 6032020, 7409020, 1322070, 3033080, 7614010, 3743020, 5252070, 7525080, 5958020, 6670010, 7410020, 6968020, 9022070, 229080, 7199010, 1417020, 4077070, 9015080, 337020, 2079010, 4218020, 6916020, 5208080, 1232070, 7391080, 5592070, 2986010, 794020, 7214020, 5275080, 8966070, 7615080, 6879070, 550010, 6031020, 4268020, 2362070, 5786080, 68070, 2520080, 194010, 2311020, 7115020, 5379070, 1872080, 9585010, 1482070, 4041080, 8928020, 5240020, 9685010, 2581070, 4778080, 4725020, 434070, 6731080, 3437020, 2696020, 6671010, 2275080, 3312020, 3188070, 5872070, 7598080, 3013010, 4777020, 3034070, 391080, 4558070, 3988080, 7484020, 9218010, 5768080, 8663070, 2333080, 8524070, 7988010, 6198020, 9125070, 7854080, 9478020, 9956080, 6577070, 3197010, 4605020, 6332080, 8712010, 7872070, 2418080, 1249070, 3279020, 2295020, 8914010, 3902070, 121080, 212070, 8180080, 5787020, 1614010, 2886020, 9618080, 30070, 9426020, 7146070, 6953080, 8032020, 6444010, 1913020, 8264070, 2363080, 249070, 9650080, 9601010, 736020, 6137020, 3808080, 1300070, 8456070, 4746080, 970020, 7538010, 9324020, 1714070, 814080, 746010, 1788020, 8031020, 6427080, 887070, 3843010, 3960020, 8101020, 1696070, 6459080, 5730010, 8159020, 1282020, 6850070, 4393080, 5135010, 7081020, 5871070, 9088080, 3639020, 1932070, 888080, 7838020, 6578070, 5276080, 336020, 453070, 309080, 231080, 3046070, 9923020];[04:26, 04:56, 05:26, 05:30, 05:56, 06:00, 06:20, 06:20, 06:25, 06:26, 06:30, 06:55, 06:55, 06:56, 06:57, 07:00, 07:25, 07:25, 07:25, 07:27, 07:30, 07:57, 07:59, 08:00, 08:00, 08:00, 08:25, 08:29, 08:30, 08:30, 08:35, 08:57, 09:00, 09:05, 09:05, 09:05, 09:25, 09:30, 09:35, 09:35, 09:40, 09:57, 10:00, 10:05, 10:10, 10:10, 10:10, 10:10, 10:25, 10:30, 10:35, 10:45, 10:45, 10:48, 10:48, 10:57, 11:00, 11:05, 11:20, 11:20, 11:23, 11:23, 11:25, 11:30, 11:35, 11:55, 11:55, 11:57, 11:58, 11:58, 12:00, 12:05, 12:25, 12:30, 12:30, 12:30, 12:33, 12:33, 12:35, 12:50, 12:57, 13:05, 13:05, 13:05, 13:08, 13:08, 13:25, 13:35, 13:40, 13:40, 13:43, 13:43, 13:50, 13:57, 14:15, 14:15, 14:18, 14:18, 14:25, 14:29, 14:50, 14:50, 14:50, 14:53, 14:53, 14:57, 15:20, 15:25, 15:25, 15:25, 15:28, 15:28, 15:29, 15:55, 15:57, 16:00, 16:00, 16:03, 16:03, 16:05, 16:25, 16:25, 16:35, 16:35, 16:35, 16:38, 16:38, 16:55, 16:57, 17:05, 17:10, 17:10, 17:13, 17:13, 17:25, 17:25, 17:35, 17:45, 17:45, 17:47, 17:47, 17:55, 17:57, 18:05, 18:17, 18:17, 18:25, 18:25, 18:35, 18:45, 18:45, 18:57, 19:00, 19:05, 19:17, 19:17, 19:25, 19:30, 19:35, 19:45, 19:45, 19:57, 20:15, 20:17, 20:17, 20:30, 20:45, 20:45, 21:10, 21:17, 21:17, 21:30, 21:45, 21:45, 22:17, 22:17, 23:30];[[0, 1, 2, 3, 4], [0, 1, 2, 3, 4], [0, 1, 2, 3, 4], [0, 1, 2, 3, 4], [0, 1, 2, 3, 4], [0, 1, 2, 3, 4], [5], [], [6], [0, 1, 2, 3, 4], [0, 1, 2, 3, 4], [], [5], [0, 1, 2, 3, 4], [6], [0, 1, 2, 3, 4], [5], [], [6], [0, 1, 2, 3, 4], [0, 1, 2, 3, 4], [6], [0, 1, 2, 3, 4], [0, 1, 2, 3, 4], [5], [], [6], [0, 1, 2, 3, 4], [5], [], [0, 1, 2, 3, 4], [6], [0, 1, 2, 3, 4], [0, 1, 2, 3, 4], [5], [], [6], [0, 1, 2, 3, 4], [5], [], [0, 1, 2, 3, 4], [6], [0, 1, 2, 3, 4], [0, 1, 2, 3, 4], [], [5], [], [5], [6], [0, 1, 2, 3, 4], [0, 1, 2, 3, 4], [], [5], [], [5], [6], [0, 1, 2, 3, 4], [0, 1, 2, 3, 4], [5], [], [5], [], [6], [0, 1, 2, 3, 4], [0, 1, 2, 3, 4], [5], [], [6], [5], [], [0, 1, 2, 3, 4], [0, 1, 2, 3, 4], [6], [5], [], [0, 1, 2, 3, 4], [5], [], [0, 1, 2, 3, 4], [0, 1, 2, 3, 4], [6], [], [0, 1, 2, 3, 4], [5], [5], [], [6], [0, 1, 2, 3, 4], [5], [], [5], [], [0, 1, 2, 3, 4], [6], [], [5], [], [5], [6], [0, 1, 2, 3, 4], [5], [], [0, 1, 2, 3, 4], [], [5], [6], [0, 1, 2, 3, 4], [], [6], [5], [], [5], [0, 1, 2, 3, 4], [0, 1, 2, 3, 4], [6], [5], [], [5], [], [0, 1, 2, 3, 4], [6], [0, 1, 2, 3, 4], [], [5], [0, 1, 2, 3, 4], [5], [], [0, 1, 2, 3, 4], [6], [0, 1, 2, 3, 4], [5], [], [5], [], [6], [0, 1, 2, 3, 4], [0, 1, 2, 3, 4], [], [5], [5], [], [0, 1, 2, 3, 4], [6], [0, 1, 2, 3, 4], [5], [], [6], [0, 1, 2, 3, 4], [0, 1, 2, 3, 4], [], [5], [6], [0, 1, 2, 3, 4], [0, 1, 2, 3, 4], [5], [], [6], [0, 1, 2, 3, 4], [0, 1, 2, 3, 4], [5], [], [6], [0, 1, 2, 3, 4], [5], [], [0, 1, 2, 3, 4], [5], [], [0, 1, 2, 3, 4], [5], [], [0, 1, 2, 3, 4], [5], [], [], [5], [0, 1, 2, 3, 4]]
109;Rose Hill;[714020, 6851020, 9683020, 7330020, 6283020, 4414020, 834010, 379070, 9620080, 8911020, 6070020, 6573080, 8298010, 7470070, 4135020, 8797020, 6176070, 4057080, 2014010, 9805020, 6481020, 4302070, 1006080, 6022010, 2451020, 7145020, 2595010, 6798070, 4134080, 3664020, 7193020, 5616070, 6272010, 4094080, 8120020, 9945020, 3848080, 8377010, 1187070, 6460020, 956020, 1891080, 9204070, 6777010, 188020, 7291020, 6799080, 4093070, 6964010, 3259020, 7763020, 1110070, 6825010, 4744080, 3189020, 1787020, 4162010, 6525080, 3999070, 1270010, 5247070, 8222080, 8564020, 7792080, 7404070, 9757010, 2497020, 5509080, 8992010, 8199070, 7215020, 5667080, 9423010, 2635070, 3989020, 1156010, 4720070, 6196080, 6680020, 1860080, 7298010, 5173070, 6052020, 7599020, 2813070, 7387080, 9009010, 4747020, 9890020, 2740070, 120010, 639080, 9873020, 1513020, 1535070, 7912080, 59010, 1654020, 6579020, 2537070, 9731010, 6050080, 4042020, 8288020, 8132010, 1664070, 6238080, 8506020, 5369020, 7386070, 6114010, 2773080, 8263020, 8779020, 9043070, 7223010, 6001080, 3313020, 5520020, 8707070, 1611080, 7604010, 464020, 7025020, 2814080, 851010, 7911070, 3470020, 2334020, 6449070, 9236010, 2018080, 505020, 5102020, 5883080, 8632070, 7114020, 715020, 6592070, 1694080, 2640020, 2819020, 3535070, 3929080, 756080, 650070, 8062020, 6303020, 8469070, 4454080, 4115020, 5632020, 3436080, 4966070, 9905020, 3190020];[04:59, 05:10, 05:40, 05:50, 06:15, 06:19, 06:30, 06:30, 06:30, 06:40, 06:55, 07:00, 07:00, 07:00, 07:12, 07:24, 07:30, 07:30, 07:30, 07:42, 07:54, 08:00, 08:00, 08:00, 08:12, 08:22, 08:30, 08:30, 08:30, 08:42, 08:54, 09:00, 09:00, 09:00, 09:15, 09:26, 09:30, 09:30, 09:30, 09:45, 09:54, 10:00, 10:00, 10:00, 10:17, 10:27, 10:30, 10:30, 10:30, 10:44, 10:54, 11:00, 11:00, 11:00, 11:27, 11:29, 11:30, 11:30, 11:30, 12:00, 12:00, 12:00, 12:16, 12:29, 12:29, 12:29, 12:29, 13:00, 13:00, 13:00, 13:16, 13:29, 13:29, 13:29, 13:29, 14:00, 14:00, 14:00, 14:15, 14:29, 14:29, 14:29, 14:29, 14:45, 15:00, 15:00, 15:00, 15:07, 15:15, 15:29, 15:29, 15:29, 15:43, 15:45, 16:00, 16:00, 16:00, 16:15, 16:17, 16:29, 16:29, 16:29, 16:45, 16:47, 17:00, 17:00, 17:00, 17:15, 17:17, 17:29, 17:29, 17:29, 17:45, 17:47, 18:00, 18:00, 18:00, 18:15, 18:17, 18:29, 18:29, 18:29, 18:45, 18:47, 19:00, 19:00, 19:00, 19:15, 19:17, 19:29, 19:29, 19:29, 19:45, 19:47, 20:00, 20:00, 20:15, 20:17, 20:29, 20:29, 20:50, 20:50, 21:00, 21:00, 21:29, 21:29, 21:30, 21:45, 22:00, 22:00, 22:10, 22:15, 22:29, 22:29, 22:50, 23:00];[[0, 1, 2, 3, 4], [0, 1, 2, 3, 4], [0, 1, 2, 3, 4], [0, 1, 2, 3, 4], [0, 1, 2, 3, 4], [0, 1, 2, 3, 4], [6], [5], [], [0, 1, 2, 3, 4], [0, 1, 2, 3, 4], [], [6], [5], [0, 1, 2, 3, 4], [0, 1, 2, 3, 4], [5], [], [6], [0, 1, 2, 3, 4], [0, 1, 2, 3, 4], [5], [], [6], [0, 1, 2, 3, 4], [0, 1, 2, 3, 4], [6], [5], [], [0, 1, 2, 3, 4], [0, 1, 2, 3, 4], [5], [6], [], [0, 1, 2, 3, 4], [0, 1, 2, 3, 4], [], [6], [5], [0, 1, 2, 3, 4], [0, 1, 2, 3, 4], [], [5], [6], [0, 1, 2, 3, 4], [0, 1, 2, 3, 4], [], [5], [6], [0, 1, 2, 3, 4], [0, 1, 2, 3, 4], [5], [6], [], [0, 1, 2, 3, 4], [0, 1, 2, 3, 4], [6], [], [5], [6], [5], [], [0, 1, 2, 3, 4], [], [5], [6], [0, 1, 2, 3, 4], [], [6], [5], [0, 1, 2, 3, 4], [], [6], [5], [0, 1, 2, 3, 4], [6], [5], [], [0, 1, 2, 3, 4], [], [6], [5], [0, 1, 2, 3, 4], [0, 1, 2, 3, 4], [5], [], [6], [0, 1, 2, 3, 4], [0, 1, 2, 3, 4], [5], [6], [], [0, 1, 2, 3, 4], [0, 1, 2, 3, 4], [5], [], [6], [0, 1, 2, 3, 4], [0, 1, 2, 3, 4], [5], [6], [], [0, 1, 2, 3, 4], [0, 1, 2, 3, 4], [6], [5], [], [0, 1, 2, 3, 4], [0, 1, 2, 3, 4], [5], [6], [], [0, 1, 2, 3, 4], [0, 1, 2, 3, 4], [5], [6], [], [0, 1, 2, 3, 4], [0, 1, 2, 3, 4], [5], [], [6], [0, 1, 2, 3, 4], [0, 1, 2, 3, 4], [], [6], [5], [0, 1, 2, 3, 4], [0, 1, 2, 3, 4], [5], [6], [], [0, 1, 2, 3, 4], [0, 1, 2, 3, 4], [], [5], [0, 1, 2, 3, 4], [0, 1, 2, 3, 4], [5], [], [0, 1, 2, 3, 4], [0, 1, 2, 3, 4], [5], [], [], [5], [0, 1, 2, 3, 4], [0, 1, 2, 3, 4], [5], [], [0, 1, 2, 3, 4], [0, 1, 2, 3, 4], [], [5], [0, 1, 2, 3, 4], [0, 1, 2, 3, 4]]
151;Engleside - Mt Vernon;[7969020, 8549020, 1579020, 7855020, 9018010, 6134070, 86080, 5705020, 3356020, 9946020, 8401020, 1763070, 6556020, 9350080, 1733010, 7745010, 410080, 7860070, 5298020, 2276020, 6353020, 2758020, 4421070, 1515020, 2231010, 1029080, 1333010, 8702080, 3718070, 670020, 6935020, 9854020, 4417020, 3694010, 211070, 2658020, 724080, 6776080, 3957070, 7852010, 4970020, 1035080, 8259070, 820010, 5091070, 6220020, 2794080, 4528010, 4539020, 7914020, 4574080, 7959010, 8921020, 6764070, 2711010, 7388070, 5683080, 224080, 1628010, 6652020, 458070, 2991080, 4537020, 7085010, 8793070, 585020, 4659070, 5248080, 6115010, 370020, 3824070, 2274080, 4191010, 5600010, 7389080, 8028070, 3191020, 2278020, 9746080, 2469070, 4986010, 2540020, 6761010, 1693080, 6958070, 9059020, 3023010, 2136070, 9422080, 7411020, 9272070, 2812010, 7350080, 1551080, 2452020, 56070, 10003010, 3419020, 2844070, 621080, 613010, 2364020, 6002080, 8718070, 9087010, 3331070, 8340020, 6360010, 3754080, 3506010, 4021070, 8727020, 9989080, 8548020, 7109070, 5651080, 2020, 7270010, 1695070, 3602080, 1945010, 3829020, 2219070, 3373010, 5493080, 2790010, 4416020, 9652080, 9951070, 507020, 4719070, 7070010, 4810080, 7329020, 3009080, 9122010, 5606070, 187070, 479080, 6399010, 1621080, 6014010, 6818070, 6497020, 3721020, 6223020, 5668070, 9268010, 6765080, 774010, 9353020, 9660070, 3147080, 8814020, 3418070, 9032010, 9593080, 9462070, 9841010, 451080, 3554020, 6053020, 5458020, 3806070, 6736080, 6398010, 4831010, 6096020, 2600070, 500080, 1741020, 2718070, 9622010, 4182020, 1533080, 5758070, 1298080, 7958010, 3883020, 3641020, 499070, 4230080, 2187010, 412020, 1508070, 9002010, 411080, 9240020, 506020, 8431020, 4724020, 9703010, 1229080, 7012070, 9415020, 8971010, 3157070, 4721080, 8523020, 5380020, 9861020, 1049020, 5510070, 5454080, 7659010, 9919020, 3683010, 2307080, 3146070, 6099020, 67080, 3102020, 3247010, 3038070, 1538020, 6378010, 1059070, 4040080, 5731010, 7712020, 4552080, 7301070, 5277020, 8307070, 3336010, 2637080, 9408010, 3807080, 5414070, 1148020, 9023020, 6480070, 8920010, 5684080, 6783020, 13010, 6173080, 557070];[04:12, 04:57, 05:00, 05:27, 05:30, 05:30, 05:30, 05:30, 06:00, 06:07, 06:27, 06:30, 06:30, 06:30, 06:30, 06:35, 06:35, 06:35, 06:47, 07:00, 07:07, 07:27, 07:30, 07:30, 07:30, 07:30, 07:35, 07:35, 07:35, 07:47, 08:00, 08:07, 08:27, 08:30, 08:30, 08:30, 08:30, 08:35, 08:35, 08:35, 08:47, 09:00, 09:00, 09:00, 09:00, 09:00, 09:00, 09:00, 09:07, 09:30, 09:30, 09:30, 09:30, 09:30, 09:35, 09:35, 09:35, 10:00, 10:00, 10:00, 10:00, 10:00, 10:00, 10:00, 10:00, 10:30, 10:30, 10:30, 10:30, 10:30, 10:35, 10:35, 10:35, 11:00, 11:00, 11:00, 11:00, 11:00, 11:00, 11:00, 11:00, 11:30, 11:30, 11:30, 11:30, 11:30, 11:35, 11:35, 11:35, 12:00, 12:00, 12:00, 12:00, 12:00, 12:00, 12:00, 12:00, 12:30, 12:30, 12:30, 12:30, 12:30, 12:35, 12:35, 12:35, 13:00, 13:00, 13:00, 13:00, 13:00, 13:00, 13:00, 13:00, 13:30, 13:30, 13:30, 13:30, 13:30, 13:35, 13:35, 13:35, 14:00, 14:00, 14:00, 14:00, 14:00, 14:00, 14:00, 14:00, 14:30, 14:30, 14:30, 14:30, 14:30, 14:35, 14:35, 14:35, 15:00, 15:00, 15:00, 15:00, 15:00, 15:00, 15:00, 15:05, 15:20, 15:30, 15:30, 15:30, 15:35, 15:35, 15:35, 15:35, 15:40, 16:00, 16:00, 16:00, 16:00, 16:00, 16:00, 16:00, 16:05, 16:20, 16:30, 16:30, 16:30, 16:35, 16:35, 16:35, 16:35, 16:40, 17:00, 17:00, 17:00, 17:00, 17:05, 17:05, 17:05, 17:05, 17:20, 17:30, 17:30, 17:30, 17:35, 17:40, 17:40, 17:40, 17:40, 18:00, 18:05, 18:20, 18:30, 18:30, 18:30, 18:35, 18:40, 18:40, 18:40, 18:40, 19:00, 19:05, 19:30, 19:30, 19:30, 19:30, 19:35, 19:40, 19:40, 19:40, 20:02, 20:30, 20:30, 20:30, 20:30, 20:32, 20:40, 20:40, 20:40, 21:30, 21:30, 21:30, 21:30, 21:32, 21:40, 21:40, 21:40, 22:30, 22:30, 22:30, 22:30, 22:32, 22:40, 22:40, 22:40, 23:32, 23:40, 23:40, 23:40];[[0, 1, 2, 3, 4], [0, 1, 2, 3, 4], [0, 1, 2, 3, 4], [0, 1, 2, 3, 4], [6], [5], [], [0, 1, 2, 3, 4], [0, 1, 2, 3, 4], [0, 1, 2, 3, 4], [0, 1, 2, 3, 4], [5], [0, 1, 2, 3, 4], [], [6], [6], [], [5], [0, 1, 2, 3, 4], [0, 1, 2, 3, 4], [0, 1, 2, 3, 4], [0, 1, 2, 3, 4], [5], [0, 1, 2, 3, 4], [6], [], [6], [], [5], [0, 1, 2, 3, 4], [0, 1, 2, 3, 4], [0, 1, 2, 3, 4], [0, 1, 2, 3, 4], [6], [5], [0, 1, 2, 3, 4], [], [], [5], [6], [0, 1, 2, 3, 4], [], [5], [6], [5], [0, 1, 2, 3, 4], [], [6], [0, 1, 2, 3, 4], [0, 1, 2, 3, 4], [], [6], [0, 1, 2, 3, 4], [5], [6], [5], [], [], [6], [0, 1, 2, 3, 4], [5], [], [0, 1, 2, 3, 4], [6], [5], [0, 1, 2, 3, 4], [5], [], [6], [0, 1, 2, 3, 4], [5], [], [6], [6], [], [5], [0, 1, 2, 3, 4], [0, 1, 2, 3, 4], [], [5], [6], [0, 1, 2, 3, 4], [6], [], [5], [0, 1, 2, 3, 4], [6], [5], [], [0, 1, 2, 3, 4], [5], [6], [], [], [0, 1, 2, 3, 4], [5], [6], [0, 1, 2, 3, 4], [5], [], [6], [0, 1, 2, 3, 4], [], [5], [6], [5], [0, 1, 2, 3, 4], [6], [], [6], [5], [0, 1, 2, 3, 4], [], [0, 1, 2, 3, 4], [5], [], [0, 1, 2, 3, 4], [6], [5], [], [6], [0, 1, 2, 3, 4], [5], [6], [], [6], [0, 1, 2, 3, 4], [], [5], [0, 1, 2, 3, 4], [5], [6], [], [0, 1, 2, 3, 4], [], [6], [5], [5], [], [6], [], [6], [5], [0, 1, 2, 3, 4], [0, 1, 2, 3, 4], [0, 1, 2, 3, 4], [5], [6], [], [6], [0, 1, 2, 3, 4], [5], [], [0, 1, 2, 3, 4], [5], [6], [], [5], [6], [], [0, 1, 2, 3, 4], [0, 1, 2, 3, 4], [0, 1, 2, 3, 4], [5], [], [6], [6], [0, 1, 2, 3, 4], [5], [], [0, 1, 2, 3, 4], [5], [6], [0, 1, 2, 3, 4], [], [5], [], [6], [0, 1, 2, 3, 4], [0, 1, 2, 3, 4], [5], [], [6], [0, 1, 2, 3, 4], [5], [6], [], [0, 1, 2, 3, 4], [0, 1, 2, 3, 4], [0, 1, 2, 3, 4], [0, 1, 2, 3, 4], [6], [], [5], [0, 1, 2, 3, 4], [6], [5], [], [0, 1, 2, 3, 4], [0, 1, 2, 3, 4], [0, 1, 2, 3, 4], [0, 1, 2, 3, 4], [5], [], [6], [0, 1, 2, 3, 4], [6], [], [5], [0, 1, 2, 3, 4], [], [0, 1, 2, 3, 4], [6], [5], [0, 1, 2, 3, 4], [6], [5], [], [6], [0, 1, 2, 3, 4], [], [5], [0, 1, 2, 3, 4], [5], [6], [], [6], [], [5], [0, 1, 2, 3, 4], [0, 1, 2, 3, 4], [5], [6], [], [0, 1, 2, 3, 4], [6], [], [5]]
152;Groveton - Mt Vernon;[6496020, 6695020, 88020, 5719010, 2815070, 8139080, 2521020, 7511020, 9986020, 4415020, 3981070, 9349080, 4264010, 1246010, 159080, 4490070, 6537020, 6401020, 9254020, 4003020, 8424070, 1597080, 9398010, 2572010, 4795080, 380070, 3939020, 5342020, 3766020, 8634020, 9792070, 4402080, 5929010, 3859070, 4085010, 7648080, 7172020, 3494020, 1263020, 1089010, 3970080, 7405070, 490070, 842020, 186080, 8072010, 5157020, 9833020, 7133080, 649070, 9321010, 3113010, 4660070, 1113020, 579080, 2296020, 7762020, 786080, 1835070, 9655010, 5957080, 7078010, 5417020, 5699070, 9551020, 7158070, 4761080, 8464010, 247080, 3897070, 8005010, 6679020, 5851020, 2268010, 6087070, 7545080, 2061020, 79010, 8026070, 9175080, 2901020, 4748020, 8116080, 8554070, 8438010, 8214020, 9361080, 1590010, 8027070, 1108020, 1342020, 6304020, 287020, 5910080, 5777010, 1299070, 4058070, 3512080, 3064010, 626020, 5381020, 1996020, 6756080, 7392020, 3719070, 7096010, 7343070, 5398020, 6493080, 5389010, 2759020, 7097020, 9940080, 8530010, 567020, 9258070, 6623070, 3771010, 9163020, 6992080, 7764020, 4434020, 7689020, 5605070, 366010, 6249080, 1494080, 2970010, 6352020, 8691070, 7562020, 6159020, 1444020, 5607070, 8531010, 3309080, 9090080, 4536070, 4404010, 584020, 1914020, 4020, 3914010, 8316080, 7326070, 4682070, 6469080, 9046010, 4822020, 4181020, 2203070, 1722010, 3635080, 5757070, 6933080, 6915010, 8550020, 8998020, 7303080, 4514070, 3844010, 4349080, 4925010, 7965070, 5209020, 2223020, 1090010, 176070, 8996080];[04:08, 04:38, 05:08, 05:40, 05:40, 05:40, 05:45, 05:50, 06:15, 06:20, 06:25, 06:25, 06:25, 06:40, 06:40, 06:40, 06:45, 06:50, 07:15, 07:20, 07:25, 07:25, 07:25, 07:40, 07:40, 07:40, 07:45, 07:50, 08:15, 08:20, 08:25, 08:25, 08:25, 08:40, 08:40, 08:40, 08:45, 08:50, 09:20, 09:25, 09:25, 09:25, 09:40, 09:40, 09:40, 09:40, 09:50, 10:25, 10:30, 10:30, 10:30, 10:40, 10:40, 10:40, 10:40, 10:55, 11:25, 11:30, 11:30, 11:30, 11:40, 11:40, 11:40, 11:40, 12:25, 12:30, 12:30, 12:30, 12:40, 12:40, 12:40, 12:40, 13:25, 13:30, 13:30, 13:30, 13:40, 13:40, 13:40, 13:40, 14:10, 14:25, 14:30, 14:30, 14:30, 14:40, 14:40, 14:40, 14:40, 14:50, 15:10, 15:10, 15:30, 15:30, 15:30, 15:30, 15:40, 15:40, 15:40, 15:40, 16:00, 16:10, 16:30, 16:30, 16:30, 16:30, 16:40, 16:40, 16:40, 16:40, 17:00, 17:10, 17:30, 17:30, 17:30, 17:30, 17:40, 17:40, 17:40, 17:40, 18:00, 18:10, 18:30, 18:30, 18:30, 18:30, 18:40, 18:40, 18:40, 18:40, 19:00, 19:10, 19:30, 19:30, 19:30, 19:30, 19:40, 19:40, 19:40, 19:45, 19:53, 20:18, 20:30, 20:30, 20:30, 20:40, 20:40, 20:40, 20:45, 21:18, 21:30, 21:30, 21:30, 21:40, 21:40, 21:40, 21:45, 22:18, 22:30, 22:30, 22:30, 22:40, 22:40, 22:40, 22:45, 23:18, 23:30, 23:30, 23:30];[[0, 1, 2, 3, 4], [0, 1, 2, 3, 4], [0, 1, 2, 3, 4], [6], [5], [], [0, 1, 2, 3, 4], [0, 1, 2, 3, 4], [0, 1, 2, 3, 4], [0, 1, 2, 3, 4], [5], [], [6], [6], [], [5], [0, 1, 2, 3, 4], [0, 1, 2, 3, 4], [0, 1, 2, 3, 4], [0, 1, 2, 3, 4], [5], [], [6], [6], [], [5], [0, 1, 2, 3, 4], [0, 1, 2, 3, 4], [0, 1, 2, 3, 4], [0, 1, 2, 3, 4], [5], [], [6], [5], [6], [], [0, 1, 2, 3, 4], [0, 1, 2, 3, 4], [0, 1, 2, 3, 4], [6], [], [5], [5], [0, 1, 2, 3, 4], [], [6], [0, 1, 2, 3, 4], [0, 1, 2, 3, 4], [], [5], [6], [6], [5], [0, 1, 2, 3, 4], [], [0, 1, 2, 3, 4], [0, 1, 2, 3, 4], [], [5], [6], [], [6], [0, 1, 2, 3, 4], [5], [0, 1, 2, 3, 4], [5], [], [6], [], [5], [6], [0, 1, 2, 3, 4], [0, 1, 2, 3, 4], [6], [5], [], [0, 1, 2, 3, 4], [6], [5], [], [0, 1, 2, 3, 4], [0, 1, 2, 3, 4], [], [5], [6], [0, 1, 2, 3, 4], [], [6], [5], [0, 1, 2, 3, 4], [0, 1, 2, 3, 4], [0, 1, 2, 3, 4], [0, 1, 2, 3, 4], [], [6], [5], [5], [], [6], [0, 1, 2, 3, 4], [0, 1, 2, 3, 4], [0, 1, 2, 3, 4], [], [0, 1, 2, 3, 4], [5], [6], [5], [0, 1, 2, 3, 4], [], [6], [0, 1, 2, 3, 4], [0, 1, 2, 3, 4], [], [6], [0, 1, 2, 3, 4], [5], [5], [6], [0, 1, 2, 3, 4], [], [0, 1, 2, 3, 4], [0, 1, 2, 3, 4], [0, 1, 2, 3, 4], [5], [6], [], [], [6], [0, 1, 2, 3, 4], [5], [0, 1, 2, 3, 4], [0, 1, 2, 3, 4], [0, 1, 2, 3, 4], [5], [6], [], [], [5], [6], [0, 1, 2, 3, 4], [0, 1, 2, 3, 4], [0, 1, 2, 3, 4], [6], [], [5], [5], [], [6], [0, 1, 2, 3, 4], [0, 1, 2, 3, 4], [5], [6], [], [5], [], [6], [0, 1, 2, 3, 4], [0, 1, 2, 3, 4], [], [5], [6], [], [6], [5], [0, 1, 2, 3, 4], [0, 1, 2, 3, 4], [6], [5], []]
159;Engleside Limited-Stop;[6852020, 5158020, 3830020, 5721020, 2776020, 6784020, 9723020, 2139020, 1233020, 4476020, 7027020, 5120020, 3515020, 8912020, 3609020, 1848020, 673020, 5343020, 3035020, 8459020, 393020, 5076020, 9562020, 5988020, 5078020, 3784020, 3556020, 5053020];[04:51, 05:21, 05:51, 06:10, 06:30, 06:50, 07:10, 07:30, 07:50, 08:10, 08:30, 08:50, 09:30, 14:50, 15:10, 15:30, 15:50, 16:10, 16:30, 16:50, 17:10, 17:30, 17:50, 18:10, 18:30, 18:50, 19:10, 20:00];[[0, 1, 2, 3, 4], [0, 1, 2, 3, 4], [0, 1, 2, 3, 4], [0, 1, 2, 3, 4], [0, 1, 2, 3, 4], [0, 1, 2, 3, 4], [0, 1, 2, 3, 4], [0, 1, 2, 3, 4], [0, 1, 2, 3, 4], [0, 1, 2, 3, 4], [0, 1, 2, 3, 4], [0, 1, 2, 3, 4], [0, 1, 2, 3, 4], [0, 1, 2, 3, 4], [0, 1, 2, 3, 4], [0, 1, 2, 3, 4], [0, 1, 2, 3, 4], [0, 1, 2, 3, 4], [0, 1, 2, 3, 4], [0, 1, 2, 3, 4], [0, 1, 2, 3, 4], [0, 1, 2, 3, 4], [0, 1, 2, 3, 4], [0, 1, 2, 3, 4], [0, 1, 2, 3, 4], [0, 1, 2, 3, 4], [0, 1, 2, 3, 4], [0, 1, 2, 3, 4]]
161;Hybla Valley Counter-Clockwise;[4478020, 6242020, 4290020, 4002020, 9197020, 3010080, 6885010, 6758070, 1649020, 1382010, 7978080, 5231070, 3746020, 2277020, 3733080, 8195010, 2731070, 3471020, 2255020, 9496010, 1526080, 501070, 122020, 4588020, 15010, 7703070, 8051080, 4952020, 7666080, 4255070, 2703010, 6199020, 4506070, 7933080, 7339010, 9333020, 9259080, 1019070, 7531010, 6261020, 9896080, 9842010, 813070, 4394020, 7393020, 2321070, 9031080, 1373010, 1977020, 2025020, 1703070, 9492010, 1776080, 9136020, 3357020, 3952010, 5289070, 4403080, 8309020, 2336020, 1046070, 5225010, 5564080, 3278020, 4321070, 4265010, 5264080, 7934020, 5991070, 4030080, 8933010, 889020, 9217070, 1262010, 2518080, 1829020, 8353010, 8766070, 4764080];[04:34, 05:04, 05:08, 05:38, 06:08, 06:34, 06:34, 06:34, 06:38, 07:05, 07:05, 07:05, 07:08, 07:38, 08:05, 08:05, 08:05, 08:08, 08:38, 09:05, 09:05, 09:05, 09:08, 09:38, 10:05, 10:05, 10:05, 10:38, 11:05, 11:05, 11:05, 11:38, 12:05, 12:05, 12:05, 12:38, 13:05, 13:05, 13:05, 13:38, 14:05, 14:05, 14:05, 14:38, 15:08, 15:09, 15:09, 15:09, 15:38, 16:08, 16:09, 16:09, 16:09, 16:38, 17:08, 17:09, 17:09, 17:09, 17:38, 18:08, 18:09, 18:09, 18:09, 18:38, 19:09, 19:09, 19:09, 19:38, 20:09, 20:09, 20:09, 20:38, 21:09, 21:09, 21:09, 21:38, 22:09, 22:09, 22:09];[[0, 1, 2, 3, 4], [0, 1, 2, 3, 4], [0, 1, 2, 3, 4], [0, 1, 2, 3, 4], [0, 1, 2, 3, 4], [], [6], [5], [0, 1, 2, 3, 4], [6], [], [5], [0, 1, 2, 3, 4], [0, 1, 2, 3, 4], [], [6], [5], [0, 1, 2, 3, 4], [0, 1, 2, 3, 4], [6], [], [5], [0, 1, 2, 3, 4], [0, 1, 2, 3, 4], [6], [5], [], [0, 1, 2, 3, 4], [], [5], [6], [0, 1, 2, 3, 4], [5], [], [6], [0, 1, 2, 3, 4], [], [5], [6], [0, 1, 2, 3, 4], [], [6], [5], [0, 1, 2, 3, 4], [0, 1, 2, 3, 4], [5], [], [6], [0, 1, 2, 3, 4], [0, 1, 2, 3, 4], [5], [6], [], [0, 1, 2, 3, 4], [0, 1, 2, 3, 4], [6], [5], [], [0, 1, 2, 3, 4], [0, 1, 2, 3, 4], [5], [6], [], [0, 1, 2, 3, 4], [5], [6], [], [0, 1, 2, 3, 4], [5], [], [6], [0, 1, 2, 3, 4], [5], [6], [], [0, 1, 2, 3, 4], [6], [5], []]
162;Hybla Valley Clockwise;[1514020, 3809020, 4149020, 5723020, 6413070, 8555010, 6471080, 7373020, 1650020, 2609070, 4509010, 4074080, 9339020, 6639020, 3448080, 5071070, 9375010, 4332020, 7796020, 5695010, 9044070, 140080, 2743020, 1392080, 6900070, 4314010, 7051020, 3310080, 5755070, 3347010, 5436020, 5200010, 8611080, 9570070, 5325020, 2881080, 7128010, 4376070, 1445020, 203070, 2725010, 4992080, 4796020, 89020, 5201010, 5362070, 1047080, 6640020, 8272010, 4199080, 5117070, 1420020, 5522020, 1171010, 9285070, 8108080, 7690020, 4516020, 9730080, 6211070, 8059010, 2800020, 6033020, 4028010, 9895080, 664070, 5418020, 6913070, 7086010, 4981080, 508020, 5033080, 4991070, 8133010, 2698020, 8076020, 9481070, 3055010, 4702080];[05:04, 05:11, 05:41, 06:11, 06:36, 06:36, 06:36, 06:41, 07:11, 07:12, 07:12, 07:12, 07:41, 08:11, 08:12, 08:12, 08:12, 08:41, 09:11, 09:12, 09:12, 09:12, 09:41, 10:12, 10:12, 10:12, 10:41, 11:12, 11:12, 11:12, 11:41, 12:12, 12:12, 12:12, 12:41, 13:12, 13:12, 13:12, 13:41, 14:12, 14:12, 14:12, 14:41, 15:11, 15:12, 15:12, 15:12, 15:41, 16:12, 16:12, 16:12, 16:13, 16:43, 17:12, 17:12, 17:12, 17:13, 17:43, 18:12, 18:12, 18:12, 18:13, 18:43, 19:12, 19:12, 19:12, 19:14, 20:12, 20:12, 20:12, 20:14, 21:12, 21:12, 21:12, 21:14, 22:12, 22:12, 22:12, 22:12];[[0, 1, 2, 3, 4], [0, 1, 2, 3, 4], [0, 1, 2, 3, 4], [0, 1, 2, 3, 4], [5], [6], [], [0, 1, 2, 3, 4], [0, 1, 2, 3, 4], [5], [6], [], [0, 1, 2, 3, 4], [0, 1, 2, 3, 4], [], [5], [6], [0, 1, 2, 3, 4], [0, 1, 2, 3, 4], [6], [5], [], [0, 1, 2, 3, 4], [], [5], [6], [0, 1, 2, 3, 4], [], [5], [6], [0, 1, 2, 3, 4], [6], [], [5], [0, 1, 2, 3, 4], [], [6], [5], [0, 1, 2, 3, 4], [5], [6], [], [0, 1, 2, 3, 4], [0, 1, 2, 3, 4], [6], [5], [], [0, 1, 2, 3, 4], [6], [], [5], [0, 1, 2, 3, 4], [0, 1, 2, 3, 4], [6], [5], [], [0, 1, 2, 3, 4], [0, 1, 2, 3, 4], [], [5], [6], [0, 1, 2, 3, 4], [0, 1, 2, 3, 4], [6], [], [5], [0, 1, 2, 3, 4], [5], [6], [], [0, 1, 2, 3, 4], [], [5], [6], [0, 1, 2, 3, 4], [0, 1, 2, 3, 4], [5], [6], []]
171;Richmond Hwy;[3140020, 2652020, 9779020, 2777020, 8961020, 3020, 1250020, 9091020, 1569070, 9152010, 7161080, 5722020, 5942020, 8942020, 8987010, 2432080, 8003070, 5242020, 2719020, 5941020, 5226010, 3912080, 1496070, 6415080, 6914070, 2792010, 5959020, 3341020, 9245020, 2254080, 9720010, 5783070, 1440070, 3063080, 3629010, 7171020, 5073020, 3642020, 6167010, 931070, 6021080, 8481020, 6708070, 3773010, 9296080, 1825020, 7600020, 2995070, 4467010, 2283080, 1893020, 4234080, 213020, 5427010, 6299070, 2498020, 6664010, 1944080, 1837070, 6880020, 9673010, 3657070, 5316080, 7512020, 8482020, 403080, 155010, 2872070, 6785020, 5175080, 2929020, 1490010, 750070, 8605010, 7297080, 1626070, 9271020, 5459020, 429010, 5609070, 549080, 2394070, 1725010, 5155080, 1742020, 2799020, 3782070, 3276080, 302010, 6428020, 2858070, 5088010, 4200080, 1353020, 7704070, 3791010, 1330080, 8507020, 6251070, 6839080, 368010, 8181020, 7902080, 1899010, 47070, 3924020, 5465080, 5283010, 4305070, 2062020, 1570080, 2733070, 854010, 3314020, 3690080, 8606010, 9964070, 8508020, 707080, 8739010, 4048070, 1789020, 9307010, 5947080, 3839070, 8341020, 4340080, 5686070, 9395010, 8881020, 1906080, 2996070, 876010, 7052020, 5086080, 1497070, 5258010, 957020, 9600070, 6234010, 4601080, 3450020, 7015070, 9602010, 9999080, 8310020, 9518070, 2875010, 6922080, 2088020, 8317070, 9237010, 5610080, 3209020, 6696020, 8856010, 9793080, 5861070, 6221020, 9262010, 4306070, 1154080, 491020, 7275010, 9310080, 3460070, 1617020, 1165020, 8624070, 3507010, 4968080, 4225010, 3671080, 3925020, 3622070, 123020, 8247020, 1667080, 6472070, 2897010, 1374020, 987070, 5331010, 2213080, 4150020, 3420020, 850070, 3484080, 1350010, 7282080, 248070, 2939010, 3851020, 7196020, 5617020, 9025010, 1686080, 9807070, 3702020, 1755070, 7925010, 23080, 1092020, 6538020, 8741010, 7668080, 7462070, 3745020, 9878080, 9695010, 3840070, 8592020, 7667080, 8673010, 1416070, 4671020, 7875020, 5740080, 8577010, 7724070, 7116020, 9434020, 9356070, 503010, 560080, 1458080, 119070, 8687010, 5554020, 310020, 4805070, 6232080, 7130010, 2558020, 4441010, 1600080, 4713070, 9968020, 3192020, 2631010, 1177070, 9936080, 6923070, 662080, 3783020, 6274010, 1128020, 1351010, 5221080, 7905070, 9191020, 1048080, 7425070, 7747010, 5036020, 7408080, 1247010, 2227070, 671020, 3354070, 1731080, 5043010, 1284020, 7162080, 9980010, 4645070, 7898020, 1155080, 751070, 7896020, 6468010, 7922080, 8030070, 3348010, 3852020, 4379020, 6659010, 5338080, 2788070, 2574010, 1178080, 2108070, 9962020, 4219020, 8271080, 5087070, 3267010, 3862070, 2519080, 3221010, 9239020, 8967020, 5406010, 8244070, 5992080, 979070, 7561010, 9457080, 9795020, 1432020, 7138070, 277010, 4387080, 875010, 8831070, 9578080, 959020, 98010, 7222070, 8755020, 6863080, 8737080, 1306070, 2782010, 2977020, 7074080, 7073070, 5317070, 3250010, 5352080, 5161020, 3485070, 6342080, 8677020, 3504070, 6389010, 6824080, 6395080, 6340070, 1267020, 1685070, 7589080, 7651070, 6862080, 9595070, 7206080];[03:20, 03:50, 04:20, 04:25, 04:50, 04:55, 05:10, 05:25, 05:27, 05:27, 05:27, 05:30, 05:50, 05:55, 06:00, 06:00, 06:00, 06:10, 06:15, 06:30, 06:30, 06:30, 06:30, 06:35, 06:35, 06:35, 06:35, 06:50, 06:55, 07:05, 07:05, 07:05, 07:05, 07:05, 07:05, 07:10, 07:15, 07:30, 07:35, 07:35, 07:35, 07:35, 07:40, 07:40, 07:40, 07:50, 07:55, 08:05, 08:05, 08:05, 08:10, 08:15, 08:15, 08:15, 08:15, 08:30, 08:35, 08:35, 08:35, 08:35, 08:45, 08:45, 08:45, 08:50, 08:55, 09:00, 09:00, 09:00, 09:10, 09:15, 09:15, 09:15, 09:15, 09:25, 09:25, 09:25, 09:35, 09:40, 09:45, 09:45, 09:45, 09:55, 09:55, 09:55, 09:55, 10:10, 10:15, 10:15, 10:15, 10:20, 10:25, 10:25, 10:25, 10:40, 10:45, 10:45, 10:45, 10:50, 10:55, 10:55, 10:55, 11:10, 11:15, 11:15, 11:15, 11:20, 11:25, 11:25, 11:25, 11:40, 11:45, 11:45, 11:45, 11:50, 11:55, 11:55, 11:55, 12:10, 12:15, 12:15, 12:15, 12:20, 12:25, 12:25, 12:25, 12:40, 12:45, 12:45, 12:45, 12:50, 12:55, 12:55, 12:55, 13:10, 13:15, 13:15, 13:15, 13:20, 13:25, 13:25, 13:25, 13:40, 13:45, 13:45, 13:45, 13:50, 13:55, 13:55, 13:55, 14:05, 14:15, 14:15, 14:15, 14:20, 14:25, 14:25, 14:25, 14:25, 14:45, 14:45, 14:45, 14:45, 14:50, 14:55, 14:55, 14:55, 15:05, 15:10, 15:15, 15:15, 15:15, 15:25, 15:25, 15:25, 15:25, 15:30, 15:45, 15:45, 15:45, 15:45, 15:50, 15:55, 15:55, 15:55, 16:05, 16:10, 16:15, 16:15, 16:15, 16:25, 16:25, 16:25, 16:25, 16:30, 16:45, 16:45, 16:45, 16:45, 16:50, 16:55, 16:55, 16:55, 17:05, 17:10, 17:15, 17:15, 17:15, 17:25, 17:25, 17:25, 17:25, 17:30, 17:45, 17:45, 17:45, 17:50, 17:50, 17:55, 17:55, 17:55, 18:10, 18:15, 18:15, 18:15, 18:15, 18:25, 18:25, 18:25, 18:30, 18:40, 18:45, 18:45, 18:45, 18:50, 18:55, 18:55, 18:55, 19:05, 19:10, 19:15, 19:15, 19:15, 19:25, 19:25, 19:30, 19:30, 19:40, 19:45, 19:45, 19:45, 19:55, 20:00, 20:00, 20:05, 20:10, 20:15, 20:15, 20:15, 20:25, 20:35, 20:35, 20:40, 20:40, 20:45, 20:45, 20:45, 20:55, 21:10, 21:10, 21:10, 21:15, 21:15, 21:15, 21:15, 21:25, 21:40, 21:45, 21:45, 21:45, 21:45, 21:45, 21:45, 22:00, 22:10, 22:15, 22:15, 22:15, 22:15, 22:15, 22:15, 22:35, 22:40, 22:45, 22:45, 22:45, 22:45, 22:45, 22:45, 23:10, 23:10, 23:15, 23:15, 23:15, 23:15, 23:15, 23:15, 23:40, 23:45, 23:45, 23:45, 23:45, 23:45, 23:45, 23:45, 24:10, 24:15, 24:15, 24:15, 24:15, 24:15, 24:35, 24:45, 24:45, 24:45, 24:45, 24:45, 24:45, 25:15, 25:15, 25:40, 25:45, 25:45, 25:45, 25:45, 26:45, 26:45];[[0, 1, 2, 3, 4], [0, 1, 2, 3, 4], [0, 1, 2, 3, 4], [0, 1, 2, 3, 4], [0, 1, 2, 3, 4], [0, 1, 2, 3, 4], [0, 1, 2, 3, 4], [0, 1, 2, 3, 4], [5], [6], [], [0, 1, 2, 3, 4], [0, 1, 2, 3, 4], [0, 1, 2, 3, 4], [6], [], [5], [0, 1, 2, 3, 4], [0, 1, 2, 3, 4], [0, 1, 2, 3, 4], [6], [], [5], [], [5], [6], [0, 1, 2, 3, 4], [0, 1, 2, 3, 4], [0, 1, 2, 3, 4], [], [6], [5], [5], [], [6], [0, 1, 2, 3, 4], [0, 1, 2, 3, 4], [0, 1, 2, 3, 4], [6], [5], [], [0, 1, 2, 3, 4], [5], [6], [], [0, 1, 2, 3, 4], [0, 1, 2, 3, 4], [5], [6], [], [0, 1, 2, 3, 4], [], [0, 1, 2, 3, 4], [6], [5], [0, 1, 2, 3, 4], [6], [], [5], [0, 1, 2, 3, 4], [6], [5], [], [0, 1, 2, 3, 4], [0, 1, 2, 3, 4], [], [6], [5], [0, 1, 2, 3, 4], [], [0, 1, 2, 3, 4], [6], [5], [6], [], [5], [0, 1, 2, 3, 4], [0, 1, 2, 3, 4], [6], [5], [], [5], [6], [], [0, 1, 2, 3, 4], [0, 1, 2, 3, 4], [5], [], [6], [0, 1, 2, 3, 4], [5], [6], [], [0, 1, 2, 3, 4], [5], [6], [], [0, 1, 2, 3, 4], [5], [], [6], [0, 1, 2, 3, 4], [], [6], [5], [0, 1, 2, 3, 4], [], [6], [5], [0, 1, 2, 3, 4], [], [5], [6], [0, 1, 2, 3, 4], [], [6], [5], [0, 1, 2, 3, 4], [], [6], [5], [0, 1, 2, 3, 4], [6], [], [5], [0, 1, 2, 3, 4], [], [5], [6], [0, 1, 2, 3, 4], [], [5], [6], [0, 1, 2, 3, 4], [], [5], [6], [0, 1, 2, 3, 4], [5], [6], [], [0, 1, 2, 3, 4], [5], [6], [], [0, 1, 2, 3, 4], [5], [6], [], [0, 1, 2, 3, 4], [5], [6], [], [0, 1, 2, 3, 4], [0, 1, 2, 3, 4], [6], [], [5], [0, 1, 2, 3, 4], [6], [5], [], [0, 1, 2, 3, 4], [6], [], [5], [0, 1, 2, 3, 4], [0, 1, 2, 3, 4], [5], [6], [], [6], [], [0, 1, 2, 3, 4], [5], [0, 1, 2, 3, 4], [0, 1, 2, 3, 4], [], [5], [6], [0, 1, 2, 3, 4], [5], [6], [], [0, 1, 2, 3, 4], [0, 1, 2, 3, 4], [5], [], [6], [], [5], [6], [0, 1, 2, 3, 4], [0, 1, 2, 3, 4], [0, 1, 2, 3, 4], [6], [], [5], [0, 1, 2, 3, 4], [5], [6], [], [0, 1, 2, 3, 4], [0, 1, 2, 3, 4], [6], [], [5], [0, 1, 2, 3, 4], [], [6], [5], [0, 1, 2, 3, 4], [], [6], [5], [0, 1, 2, 3, 4], [0, 1, 2, 3, 4], [], [6], [5], [0, 1, 2, 3, 4], [0, 1, 2, 3, 4], [5], [6], [], [], [5], [6], [0, 1, 2, 3, 4], [0, 1, 2, 3, 4], [5], [], [6], [0, 1, 2, 3, 4], [6], [], [5], [0, 1, 2, 3, 4], [0, 1, 2, 3, 4], [6], [5], [], [5], [], [0, 1, 2, 3, 4], [6], [0, 1, 2, 3, 4], [6], [], [5], [0, 1, 2, 3, 4], [], [5], [6], [0, 1, 2, 3, 4], [], [6], [5], [0, 1, 2, 3, 4], [5], [], [6], [0, 1, 2, 3, 4], [], [6], [5], [0, 1, 2, 3, 4], [], [5], [0, 1, 2, 3, 4], [6], [], [5], [6], [0, 1, 2, 3, 4], [0, 1, 2, 3, 4], [6], [], [5], [6], [], [5], [0, 1, 2, 3, 4], [0, 1, 2, 3, 4], [], [5], [6], [5], [], [6], [0, 1, 2, 3, 4], [0, 1, 2, 3, 4], [6], [5], [], [5], [6], [], [0, 1, 2, 3, 4], [0, 1, 2, 3, 4], [5], [6], [], [6], [5], [], [0, 1, 2, 3, 4], [6], [5], [0, 1, 2, 3, 4], [], [], [5], [6], [0, 1, 2, 3, 4], [], [5], [5], [6], [], [0, 1, 2, 3, 4], [5], [], [0, 1, 2, 3, 4], [5], [6], [], [], [5], [0, 1, 2, 3, 4], [5], [], [5], [], [5], []]
231;Kingstowne Counter-Clockwise;[7984020, 5419020, 3159020, 1826020, 1465020, 3675020, 7472020, 7897020, 3853020, 5853020, 2373020, 6917020, 7316020, 3158020, 9308020, 3578020, 6161020, 290020, 620020, 5749020, 2697020, 2312020];[04:50, 05:20, 05:37, 06:07, 06:35, 07:05, 07:37, 08:07, 08:41, 09:12, 15:01, 15:31, 16:01, 16:30, 17:01, 17:31, 18:01, 18:33, 19:05, 19:31, 20:31, 21:31];[[0, 1, 2, 3, 4], [0, 1, 2, 3, 4], [0, 1, 2, 3, 4], [0, 1, 2, 3, 4], [0, 1, 2, 3, 4], [0, 1, 2, 3, 4], [0, 1, 2, 3, 4], [0, 1, 2, 3, 4], [0, 1, 2, 3, 4], [0, 1, 2, 3, 4], [0, 1, 2, 3, 4], [0, 1, 2, 3, 4], [0, 1, 2, 3, 4], [0, 1, 2, 3, 4], [0, 1, 2, 3, 4], [0, 1, 2, 3, 4], [0, 1, 2, 3, 4], [0, 1, 2, 3, 4], [0, 1, 2, 3, 4], [0, 1, 2, 3, 4], [0, 1, 2, 3, 4], [0, 1, 2, 3, 4]]
232;Kingstowne Clockwise;[70020, 3380020, 843020, 9116020, 2206020, 3472020, 4629020, 907020, 2641020, 3315020, 3765020, 5854020, 8291020, 4672020, 8872020, 9203020, 3423020, 4289020, 9539020, 4894020, 5691020, 1443020, 4136020, 463020];[04:39, 05:09, 05:13, 05:43, 06:13, 06:41, 07:11, 07:43, 08:13, 08:43, 09:13, 14:27, 14:57, 15:27, 15:55, 16:24, 16:54, 17:27, 17:59, 18:27, 18:57, 19:27, 20:27, 21:27];[[0, 1, 2, 3, 4], [0, 1, 2, 3, 4], [0, 1, 2, 3, 4], [0, 1, 2, 3, 4], [0, 1, 2, 3, 4], [0, 1, 2, 3, 4], [0, 1, 2, 3, 4], [0, 1, 2, 3, 4], [0, 1, 2, 3, 4], [0, 1, 2, 3, 4], [0, 1, 2, 3, 4], [0, 1, 2, 3, 4], [0, 1, 2, 3, 4], [0, 1, 2, 3, 4], [0, 1, 2, 3, 4], [0, 1, 2, 3, 4], [0, 1, 2, 3, 4], [0, 1, 2, 3, 4], [0, 1, 2, 3, 4], [0, 1, 2, 3, 4], [0, 1, 2, 3, 4], [0, 1, 2, 3, 4], [0, 1, 2, 3, 4], [0, 1, 2, 3, 4]]
301;Telegraph Rd;[9705020, 7713020, 6732020, 9435020, 1068020, 9301020, 6054020, 4380020, 4895020, 958020, 3676020, 7054020, 8780020, 3516020, 7295020, 7786020, 7652020, 7098020, 1413020, 3940020, 7637020, 5048020, 9427020, 8635020, 7469020, 2059020, 1463020, 4351020, 1419020];[05:40, 05:46, 06:10, 06:21, 06:40, 06:51, 07:10, 07:16, 07:40, 08:11, 08:19, 09:11, 09:16, 15:05, 15:35, 15:49, 16:10, 16:21, 16:40, 16:56, 17:10, 17:28, 17:35, 17:58, 18:10, 18:21, 19:05, 19:10, 19:45];[[0, 1, 2, 3, 4], [0, 1, 2, 3, 4], [0, 1, 2, 3, 4], [0, 1, 2, 3, 4], [0, 1, 2, 3, 4], [0, 1, 2, 3, 4], [0, 1, 2, 3, 4], [0, 1, 2, 3, 4], [0, 1, 2, 3, 4], [0, 1, 2, 3, 4], [0, 1, 2, 3, 4], [0, 1, 2, 3, 4], [0, 1, 2, 3, 4], [0, 1, 2, 3, 4], [0, 1, 2, 3, 4], [0, 1, 2, 3, 4], [0, 1, 2, 3, 4], [0, 1, 2, 3, 4], [0, 1, 2, 3, 4], [0, 1, 2, 3, 4], [0, 1, 2, 3, 4], [0, 1, 2, 3, 4], [0, 1, 2, 3, 4], [0, 1, 2, 3, 4], [0, 1, 2, 3, 4], [0, 1, 2, 3, 4], [0, 1, 2, 3, 4], [0, 1, 2, 3, 4], [0, 1, 2, 3, 4]]
305;Newington Forest - Silverbrook Road;[8343020, 9325020, 5920020, 3926020, 1744020, 5138020, 8322020, 7715020, 5075020, 2902020, 6404020, 2643020, 4780020, 2236020, 9606020, 7798020, 1844020, 1554020, 815020, 1348020, 8968020, 2040020, 6482020, 1517020, 6511020, 338020, 5791020, 6734020, 8402020, 5855020, 435020, 3961020, 2642020];[05:00, 05:30, 05:45, 06:00, 06:15, 06:30, 06:45, 07:00, 07:15, 07:30, 07:45, 08:00, 08:15, 09:00, 16:00, 16:20, 16:30, 16:50, 17:00, 17:20, 17:30, 17:49, 17:50, 18:20, 18:30, 19:00, 19:00, 19:40, 19:40, 20:10, 20:20, 21:00, 21:00];[[0, 1, 2, 3, 4], [0, 1, 2, 3, 4], [0, 1, 2, 3, 4], [0, 1, 2, 3, 4], [0, 1, 2, 3, 4], [0, 1, 2, 3, 4], [0, 1, 2, 3, 4], [0, 1, 2, 3, 4], [0, 1, 2, 3, 4], [0, 1, 2, 3, 4], [0, 1, 2, 3, 4], [0, 1, 2, 3, 4], [0, 1, 2, 3, 4], [0, 1, 2, 3, 4], [0, 1, 2, 3, 4], [0, 1, 2, 3, 4], [0, 1, 2, 3, 4], [0, 1, 2, 3, 4], [0, 1, 2, 3, 4], [0, 1, 2, 3, 4], [0, 1, 2, 3, 4], [0, 1, 2, 3, 4], [0, 1, 2, 3, 4], [0, 1, 2, 3, 4], [0, 1, 2, 3, 4], [0, 1, 2, 3, 4], [0, 1, 2, 3, 4], [0, 1, 2, 3, 4], [0, 1, 2, 3, 4], [0, 1, 2, 3, 4], [0, 1, 2, 3, 4], [0, 1, 2, 3, 4], [0, 1, 2, 3, 4]]
306;GMU - Pentagon;[2437020, 4005080, 3723020, 4396080, 2999080, 4727020, 1916080, 3453020, 7315080, 4137020, 3050020, 3942080, 3704020, 5280080, 4751020, 3810080, 8345020, 9034080, 971080, 10007020, 6540080, 2064020, 7801020, 862080];[08:50, 08:50, 09:50, 09:50, 09:50, 09:50, 10:50, 10:50, 10:50, 10:50, 11:50, 11:50, 11:50, 11:50, 12:50, 12:50, 12:50, 12:50, 13:50, 13:50, 13:55, 13:55, 15:00, 15:00];[[0, 1, 2, 3, 4], [], [0, 1, 2, 3, 4], [], [], [0, 1, 2, 3, 4], [], [0, 1, 2, 3, 4], [], [0, 1, 2, 3, 4], [0, 1, 2, 3, 4], [], [0, 1, 2, 3, 4], [], [0, 1, 2, 3, 4], [], [0, 1, 2, 3, 4], [], [], [0, 1, 2, 3, 4], [], [0, 1, 2, 3, 4], [0, 1, 2, 3, 4], []]
308;Franconia - Mt. Vernon Hosp.;[8403020, 6970020, 9334020, 8916020, 49020, 7605070, 790080, 2153020, 8713080, 1688070, 607020, 1652020, 8541080, 7503070, 5903070, 9458080, 466020, 6515020, 8417080, 3785020, 3219070, 3022080, 51020, 4014070, 9260020, 7449020, 4603080, 4388070, 153080, 5552070, 1375020, 4823020, 227080, 2571070, 5198070, 8714080, 9880020, 7248020, 4424080, 4146070, 9984080, 2612070, 1094020, 9524020, 7481080, 5164070, 8974070, 4612080, 3608020, 189020, 7539080, 7426070, 8890080, 1815070, 1979020, 50020, 7576070, 465020, 4704080, 2189020, 9666070, 3645080, 8958020, 7822020, 4923080, 6983070, 967070, 6252080, 4059020, 5555020, 3409080, 6549070, 803070, 2357080, 6854020, 9405020, 7836070, 3798080, 2198080, 7245070, 8614020, 3342020, 1210020, 1777080, 1293070, 5121020, 6791070, 4474080, 7236020, 8565020, 9054080, 1627070, 2987070, 5858080, 5074020, 2542020, 4750020, 5717070, 8738080, 804080, 9326070, 7797020, 845020, 2956020, 9086080, 4341070, 976070, 5119080, 3451020, 3343020, 9013080, 5828070, 7062070, 5644080, 5803020, 3175020, 2186070, 7455080, 4125080, 1637070, 4335020, 1717020, 3327020, 2930020, 3537020, 6786020];[05:45, 05:45, 06:30, 06:30, 07:00, 07:00, 07:00, 07:00, 07:00, 07:00, 07:30, 07:30, 07:45, 07:45, 07:45, 07:45, 08:00, 08:00, 08:30, 08:30, 08:30, 08:30, 08:30, 08:30, 09:00, 09:00, 09:15, 09:15, 09:15, 09:15, 09:40, 09:40, 10:00, 10:00, 10:00, 10:00, 10:20, 10:20, 10:45, 10:45, 10:45, 10:45, 11:00, 11:00, 11:30, 11:30, 11:30, 11:30, 11:40, 11:40, 12:15, 12:15, 12:15, 12:15, 12:20, 12:20, 13:00, 13:00, 13:00, 13:00, 13:00, 13:00, 13:40, 13:40, 13:45, 13:45, 13:45, 13:45, 14:20, 14:20, 14:30, 14:30, 14:30, 14:30, 15:00, 15:00, 15:15, 15:15, 15:15, 15:15, 15:25, 15:30, 15:55, 16:00, 16:00, 16:00, 16:00, 16:00, 16:25, 16:30, 16:45, 16:45, 16:45, 16:45, 16:55, 17:00, 17:25, 17:30, 17:30, 17:30, 17:30, 17:30, 17:55, 18:00, 18:15, 18:15, 18:15, 18:15, 18:45, 18:45, 19:00, 19:00, 19:00, 19:00, 19:30, 19:30, 19:45, 19:45, 19:45, 19:45, 20:15, 20:15, 21:00, 21:00, 21:45, 21:45];[[0, 1, 2, 3, 4], [0, 1, 2, 3, 4], [0, 1, 2, 3, 4], [0, 1, 2, 3, 4], [0, 1, 2, 3, 4], [5], [], [0, 1, 2, 3, 4], [], [5], [0, 1, 2, 3, 4], [0, 1, 2, 3, 4], [], [5], [5], [], [0, 1, 2, 3, 4], [0, 1, 2, 3, 4], [], [0, 1, 2, 3, 4], [5], [], [0, 1, 2, 3, 4], [5], [0, 1, 2, 3, 4], [0, 1, 2, 3, 4], [], [5], [], [5], [0, 1, 2, 3, 4], [0, 1, 2, 3, 4], [], [5], [5], [], [0, 1, 2, 3, 4], [0, 1, 2, 3, 4], [], [5], [], [5], [0, 1, 2, 3, 4], [0, 1, 2, 3, 4], [], [5], [5], [], [0, 1, 2, 3, 4], [0, 1, 2, 3, 4], [], [5], [], [5], [0, 1, 2, 3, 4], [0, 1, 2, 3, 4], [5], [0, 1, 2, 3, 4], [], [0, 1, 2, 3, 4], [5], [], [0, 1, 2, 3, 4], [0, 1, 2, 3, 4], [], [5], [5], [], [0, 1, 2, 3, 4], [0, 1, 2, 3, 4], [], [5], [5], [], [0, 1, 2, 3, 4], [0, 1, 2, 3, 4], [5], [], [], [5], [0, 1, 2, 3, 4], [0, 1, 2, 3, 4], [0, 1, 2, 3, 4], [], [5], [0, 1, 2, 3, 4], [5], [], [0, 1, 2, 3, 4], [0, 1, 2, 3, 4], [], [5], [5], [], [0, 1, 2, 3, 4], [0, 1, 2, 3, 4], [0, 1, 2, 3, 4], [5], [], [], [5], [0, 1, 2, 3, 4], [0, 1, 2, 3, 4], [0, 1, 2, 3, 4], [], [5], [5], [], [0, 1, 2, 3, 4], [0, 1, 2, 3, 4], [], [5], [5], [], [0, 1, 2, 3, 4], [0, 1, 2, 3, 4], [5], [], [], [5], [0, 1, 2, 3, 4], [0, 1, 2, 3, 4], [0, 1, 2, 3, 4], [0, 1, 2, 3, 4], [0, 1, 2, 3, 4], [0, 1, 2, 3, 4]]
310;Franconia-Rolling Valley Line;[5159020, 6180020, 2699020, 761020, 3122020, 8994020, 4043020, 7714020, 7486020, 4327080, 3538020, 9195010, 8326070, 2244010, 7351070, 10002080, 5160020, 7332020, 2015070, 9251080, 3768020, 8098070, 3549080, 5894020, 4749020, 3822080, 273070, 7851010, 9627070, 8398010, 115080, 7028020, 6733020, 3096080, 3330070, 8874080, 5568070, 6055020, 4116020, 9488070, 4373080, 1657010, 7487020, 7963080, 1332010, 881070, 4493020, 7312020, 7945080, 3555020, 9619070, 6086080, 857070, 7488020, 3141020, 7007010, 6085070, 684080, 8488010, 6236080, 4535070, 9914020, 5185020, 2430080, 3385070, 2412070, 6989080, 716020, 869020, 6534070, 9763010, 4170080, 9042080, 2358010, 2328070, 9557080, 4759070, 1433020, 3767020, 5092080, 4867070, 8278070, 7805010, 6202020, 2918080, 9599070, 735080, 6262020, 2532010, 2755070, 785080, 4779020, 2294070, 5845080, 5420020, 84080, 897010, 2075070, 4096020, 1710080, 3819010, 9995020, 5227070, 7827070, 2516080, 1121080, 4494020, 210070, 7970020, 8810010, 2037070, 1785080, 4389010, 6796080, 90020, 6616070, 4504020, 2599080, 416070, 5650080, 85070, 1498020, 891020, 6576010, 388080, 6535070, 8885070, 2613010, 6897080, 1302020, 1646020, 2522020, 6366080, 7069070, 9729070, 1735080, 2605020, 7355020, 3002070, 7108080, 3950010, 8178070, 3870080, 1391020, 4148010, 596020, 4559020, 6990080, 8496070, 5297080, 389070, 2297020, 2436020, 7147020, 131010, 1356070, 3061080, 3291070, 8379010, 5972080, 1052020, 5809020, 9450080, 9575070, 8871070, 7040080, 9748020, 2523020, 1211020, 5967010, 3803080, 4412070, 4235010, 2515080, 1507070, 1651020, 7450020, 939070, 9355080, 9997070, 8631080, 233020, 3854020, 8638010, 9080080, 7242020, 3292070, 5904010, 8959020, 274070, 2086080, 5677080, 488070, 2377020, 9173020, 6644080, 7686070, 7685080, 1060010, 2756070, 5856020, 8357080, 7064020, 2707070, 4141010, 4705020, 6121080, 9640070, 5737070, 7249020, 5765080, 2843070, 540020, 8206080, 8330010, 6778010, 2772070, 6557020, 3804080, 8334080, 8986070, 5556020, 8421080, 8359070, 7216020, 6174070, 2904020, 7732080, 1125010, 5322080, 4634070, 9713020, 5281010, 795020, 441010, 5323080, 7385070, 8610080, 357070, 8013020, 1179010, 1994070, 7293020, 4924010, 2919080, 8839070, 5804020, 9893080, 7153010, 7504010, 4252020, 9365070, 6808080, 6348070, 2190020, 9412010, 8667080];[04:12, 04:22, 04:40, 04:42, 04:50, 05:10, 05:20, 05:40, 05:50, 06:00, 06:00, 06:00, 06:00, 06:00, 06:00, 06:00, 06:10, 06:25, 06:30, 06:30, 06:30, 06:30, 06:30, 06:50, 06:50, 07:00, 07:00, 07:00, 07:00, 07:00, 07:00, 07:10, 07:15, 07:30, 07:30, 07:30, 07:30, 07:35, 07:40, 08:00, 08:00, 08:00, 08:00, 08:00, 08:00, 08:00, 08:05, 08:25, 08:30, 08:30, 08:30, 08:30, 08:30, 08:50, 08:55, 09:00, 09:00, 09:00, 09:00, 09:00, 09:00, 09:20, 09:25, 09:30, 09:30, 09:30, 09:30, 09:55, 09:55, 10:00, 10:00, 10:00, 10:00, 10:00, 10:00, 10:30, 10:30, 10:30, 10:30, 10:30, 10:30, 11:00, 11:00, 11:00, 11:00, 11:00, 11:00, 11:00, 11:00, 11:30, 11:30, 11:30, 11:30, 11:30, 11:30, 12:00, 12:00, 12:00, 12:00, 12:00, 12:00, 12:00, 12:00, 12:30, 12:30, 12:30, 12:30, 12:30, 12:35, 13:00, 13:00, 13:00, 13:00, 13:00, 13:00, 13:00, 13:05, 13:30, 13:30, 13:30, 13:30, 13:35, 13:35, 14:00, 14:00, 14:00, 14:00, 14:00, 14:00, 14:05, 14:05, 14:30, 14:30, 14:30, 14:30, 14:30, 14:35, 14:55, 15:00, 15:00, 15:00, 15:00, 15:00, 15:00, 15:00, 15:15, 15:25, 15:30, 15:30, 15:30, 15:30, 15:35, 15:50, 15:55, 16:00, 16:00, 16:00, 16:00, 16:00, 16:00, 16:15, 16:20, 16:30, 16:30, 16:30, 16:30, 16:35, 16:45, 16:55, 17:00, 17:00, 17:00, 17:00, 17:00, 17:00, 17:10, 17:15, 17:30, 17:30, 17:30, 17:30, 17:35, 17:35, 18:00, 18:00, 18:00, 18:00, 18:00, 18:00, 18:00, 18:00, 18:30, 18:30, 18:30, 18:30, 18:30, 18:30, 19:00, 19:00, 19:00, 19:00, 19:00, 19:00, 19:00, 19:00, 19:30, 19:30, 19:30, 19:30, 19:30, 19:30, 20:00, 20:00, 20:00, 20:00, 20:00, 20:00, 20:00, 20:00, 20:30, 20:30, 20:30, 20:30, 20:30, 20:30, 21:00, 21:00, 21:00, 21:00, 21:00, 21:00, 21:00, 21:00, 22:00, 22:00, 22:00, 22:00, 22:00, 22:00, 22:00, 22:00, 23:00, 23:00, 23:00, 23:00, 23:00, 23:00, 23:00, 23:00, 24:00, 24:00, 24:00, 24:00, 24:00, 24:00, 24:00, 24:00];[[0, 1, 2, 3, 4], [0, 1, 2, 3, 4], [0, 1, 2, 3, 4], [0, 1, 2, 3, 4], [0, 1, 2, 3, 4], [0, 1, 2, 3, 4], [0, 1, 2, 3, 4], [0, 1, 2, 3, 4], [0, 1, 2, 3, 4], [], [0, 1, 2, 3, 4], [6], [5], [6], [5], [], [0, 1, 2, 3, 4], [0, 1, 2, 3, 4], [5], [], [0, 1, 2, 3, 4], [5], [], [0, 1, 2, 3, 4], [0, 1, 2, 3, 4], [], [5], [6], [5], [6], [], [0, 1, 2, 3, 4], [0, 1, 2, 3, 4], [], [5], [], [5], [0, 1, 2, 3, 4], [0, 1, 2, 3, 4], [5], [], [6], [0, 1, 2, 3, 4], [], [6], [5], [0, 1, 2, 3, 4], [0, 1, 2, 3, 4], [], [0, 1, 2, 3, 4], [5], [], [5], [0, 1, 2, 3, 4], [0, 1, 2, 3, 4], [6], [5], [], [6], [], [5], [0, 1, 2, 3, 4], [0, 1, 2, 3, 4], [], [5], [5], [], [0, 1, 2, 3, 4], [0, 1, 2, 3, 4], [5], [6], [], [], [6], [5], [], [5], [0, 1, 2, 3, 4], [0, 1, 2, 3, 4], [], [5], [5], [6], [0, 1, 2, 3, 4], [], [5], [], [0, 1, 2, 3, 4], [6], [5], [], [0, 1, 2, 3, 4], [5], [], [0, 1, 2, 3, 4], [], [6], [5], [0, 1, 2, 3, 4], [], [6], [0, 1, 2, 3, 4], [5], [5], [], [], [0, 1, 2, 3, 4], [5], [0, 1, 2, 3, 4], [6], [5], [], [6], [], [0, 1, 2, 3, 4], [5], [0, 1, 2, 3, 4], [], [5], [], [5], [0, 1, 2, 3, 4], [0, 1, 2, 3, 4], [6], [], [5], [5], [6], [], [0, 1, 2, 3, 4], [0, 1, 2, 3, 4], [0, 1, 2, 3, 4], [], [5], [5], [], [0, 1, 2, 3, 4], [0, 1, 2, 3, 4], [5], [], [6], [5], [], [0, 1, 2, 3, 4], [6], [0, 1, 2, 3, 4], [0, 1, 2, 3, 4], [], [5], [], [5], [0, 1, 2, 3, 4], [0, 1, 2, 3, 4], [0, 1, 2, 3, 4], [6], [5], [], [5], [6], [], [0, 1, 2, 3, 4], [0, 1, 2, 3, 4], [], [5], [5], [], [0, 1, 2, 3, 4], [0, 1, 2, 3, 4], [0, 1, 2, 3, 4], [6], [], [5], [6], [], [5], [0, 1, 2, 3, 4], [0, 1, 2, 3, 4], [5], [], [5], [], [0, 1, 2, 3, 4], [0, 1, 2, 3, 4], [6], [], [0, 1, 2, 3, 4], [5], [6], [0, 1, 2, 3, 4], [5], [], [], [5], [0, 1, 2, 3, 4], [0, 1, 2, 3, 4], [], [5], [], [6], [5], [0, 1, 2, 3, 4], [], [0, 1, 2, 3, 4], [5], [6], [0, 1, 2, 3, 4], [], [5], [5], [0, 1, 2, 3, 4], [], [5], [0, 1, 2, 3, 4], [], [6], [6], [5], [0, 1, 2, 3, 4], [], [], [5], [0, 1, 2, 3, 4], [], [5], [0, 1, 2, 3, 4], [5], [0, 1, 2, 3, 4], [], [6], [], [5], [0, 1, 2, 3, 4], [6], [0, 1, 2, 3, 4], [6], [], [5], [], [5], [0, 1, 2, 3, 4], [6], [5], [0, 1, 2, 3, 4], [6], [], [5], [0, 1, 2, 3, 4], [], [6], [6], [0, 1, 2, 3, 4], [5], [], [5], [0, 1, 2, 3, 4], [6], []]
321;Springfield Counter-Clockwise;[9667020, 4896020, 4785010, 6066080, 2580070, 4971020, 1408010, 6153070, 3847080, 5244020, 8147080, 8167070, 9874020, 4807010, 185070, 1846080, 1466020, 3483070, 2413080, 9089020, 8252010, 9800070, 9813080, 5810020, 1736080, 1186070, 6263020, 3801010, 7352070, 1711080, 2760020, 2447080, 5049070, 8818020, 7695010, 5767070, 3225080, 8033020, 9393080, 9063070, 2090020, 4613010, 9381080, 5068070, 2298020, 6911070, 8280080, 5254020, 6636010, 7587080, 3074070, 354020, 3137080, 9702070, 3744020, 2433010, 5441080, 2252070, 1303020, 9906080, 3205070, 7563020, 9708010, 3407080, 1890070, 4078020, 4010070, 6847080, 4269020, 6826010, 9512070, 4794080, 8360080, 8196070, 568020, 7225010, 906080, 4988070, 3015020, 3156080, 9917070, 8845020, 4957010, 7515070, 2470080, 9937020, 4171080, 5324070, 2720020, 6418010, 3253080, 9314070, 5122020, 5834070, 7059080, 3623020, 6729010, 9747080, 4998070, 8484020, 1949070, 5738080, 8999020, 9649010, 3716070, 940080, 467020, 1434020, 3449010, 7342080, 5550070, 2617020, 8819020, 9928010, 4837080, 5766070, 7617020, 9093010, 6957080, 4175070, 1601020];[04:02, 05:02, 05:03, 05:04, 05:04, 06:02, 06:03, 06:04, 06:04, 06:32, 06:35, 06:35, 07:02, 07:03, 07:05, 07:05, 07:32, 07:35, 07:35, 08:02, 08:03, 08:05, 08:05, 08:32, 08:35, 08:35, 09:02, 09:03, 09:05, 09:05, 09:32, 09:35, 09:35, 10:02, 10:03, 10:05, 10:05, 10:32, 10:35, 10:35, 11:02, 11:03, 11:05, 11:05, 11:32, 11:35, 11:35, 12:02, 12:03, 12:05, 12:05, 12:32, 12:35, 12:35, 13:02, 13:03, 13:05, 13:05, 13:32, 13:35, 13:35, 14:02, 14:03, 14:05, 14:05, 14:32, 14:35, 14:35, 15:02, 15:03, 15:05, 15:05, 15:35, 15:35, 15:37, 16:03, 16:05, 16:05, 16:07, 16:35, 16:35, 16:37, 17:03, 17:05, 17:05, 17:12, 17:35, 17:35, 17:42, 18:03, 18:05, 18:05, 18:12, 18:35, 18:35, 18:45, 19:03, 19:05, 19:05, 19:20, 19:35, 19:35, 19:45, 20:03, 20:05, 20:05, 20:15, 20:45, 21:03, 21:05, 21:05, 21:15, 22:02, 22:03, 22:05, 22:05, 23:02, 23:03, 23:05, 23:05, 24:02];[[0, 1, 2, 3, 4], [0, 1, 2, 3, 4], [6], [], [5], [0, 1, 2, 3, 4], [6], [5], [], [0, 1, 2, 3, 4], [], [5], [0, 1, 2, 3, 4], [6], [5], [], [0, 1, 2, 3, 4], [5], [], [0, 1, 2, 3, 4], [6], [5], [], [0, 1, 2, 3, 4], [], [5], [0, 1, 2, 3, 4], [6], [5], [], [0, 1, 2, 3, 4], [], [5], [0, 1, 2, 3, 4], [6], [5], [], [0, 1, 2, 3, 4], [], [5], [0, 1, 2, 3, 4], [6], [], [5], [0, 1, 2, 3, 4], [5], [], [0, 1, 2, 3, 4], [6], [], [5], [0, 1, 2, 3, 4], [], [5], [0, 1, 2, 3, 4], [6], [], [5], [0, 1, 2, 3, 4], [], [5], [0, 1, 2, 3, 4], [6], [], [5], [0, 1, 2, 3, 4], [5], [], [0, 1, 2, 3, 4], [6], [5], [], [], [5], [0, 1, 2, 3, 4], [6], [], [5], [0, 1, 2, 3, 4], [], [5], [0, 1, 2, 3, 4], [6], [5], [], [0, 1, 2, 3, 4], [], [5], [0, 1, 2, 3, 4], [6], [], [5], [0, 1, 2, 3, 4], [5], [], [0, 1, 2, 3, 4], [6], [], [5], [0, 1, 2, 3, 4], [5], [], [0, 1, 2, 3, 4], [6], [5], [], [0, 1, 2, 3, 4], [0, 1, 2, 3, 4], [6], [], [5], [0, 1, 2, 3, 4], [0, 1, 2, 3, 4], [6], [], [5], [0, 1, 2, 3, 4], [6], [], [5], [0, 1, 2, 3, 4]]
322;Springfield Clockwise;[8404020, 311020, 6678070, 9860080, 10000010, 8877020, 5593020, 4670070, 2220080, 752010, 7799020, 4821070, 9840080, 3176020, 9252080, 4987070, 9926010, 8485020, 8279080, 2920070, 7618020, 5908080, 9150070, 1290010, 8383020, 7759080, 3027070, 392020, 1034070, 556080, 551010, 9065020, 5367080, 3560070, 3048020, 8852070, 8422080, 2230010, 4934020, 3097080, 9414070, 1467020, 8025070, 8138080, 154010, 2378020, 450080, 2375070, 6429020, 42080, 9960070, 720010, 6516020, 8099070, 915080, 1323020, 19080, 1534070, 8860010, 5895020, 6237070, 6906080, 1847020, 2491080, 536070, 8057010, 9460020, 6692070, 6725080, 1266020, 7964080, 390070, 4508010, 7313020, 6513070, 1058080, 2644020, 5570070, 999080, 1561010, 353020, 6991070, 2016080, 6681020, 4038080, 5472070, 9448010, 7547020, 8396070, 5615080, 4589020, 3028070, 7580080, 3505010, 1745020, 6898080, 4348070, 9597020, 3876080, 2974070, 4439010, 9256020, 9659070, 7910080, 9220020, 4039080, 6175070, 7980010, 6971020, 9290080, 2202070, 8400010, 4799020, 8372080, 5658070, 8770010, 1208020, 2634070, 6704080, 4585010, 2660020];[04:10, 04:44, 05:21, 05:21, 05:24, 05:34, 06:04, 06:21, 06:21, 06:24, 06:34, 06:51, 06:51, 07:04, 07:21, 07:21, 07:24, 07:34, 07:51, 07:51, 08:04, 08:21, 08:21, 08:24, 08:34, 08:51, 08:51, 09:04, 09:21, 09:21, 09:24, 09:34, 09:51, 09:51, 10:04, 10:21, 10:21, 10:24, 10:34, 10:51, 10:51, 11:04, 11:21, 11:21, 11:24, 11:34, 11:51, 11:51, 12:04, 12:21, 12:21, 12:24, 12:34, 12:51, 12:51, 13:04, 13:21, 13:21, 13:24, 13:34, 13:51, 13:51, 14:04, 14:21, 14:21, 14:24, 14:34, 14:51, 14:51, 15:04, 15:21, 15:21, 15:24, 15:34, 15:51, 15:51, 16:04, 16:21, 16:21, 16:24, 16:34, 16:51, 16:51, 17:14, 17:21, 17:21, 17:24, 17:49, 17:51, 17:51, 18:19, 18:22, 18:22, 18:24, 18:49, 18:52, 18:52, 19:19, 19:22, 19:22, 19:24, 19:44, 19:52, 19:52, 20:14, 20:22, 20:22, 20:24, 20:43, 21:22, 21:22, 21:24, 21:33, 22:22, 22:22, 22:24, 22:33, 23:22, 23:22, 23:24, 23:33];[[0, 1, 2, 3, 4], [0, 1, 2, 3, 4], [5], [], [6], [0, 1, 2, 3, 4], [0, 1, 2, 3, 4], [5], [], [6], [0, 1, 2, 3, 4], [5], [], [0, 1, 2, 3, 4], [], [5], [6], [0, 1, 2, 3, 4], [], [5], [0, 1, 2, 3, 4], [], [5], [6], [0, 1, 2, 3, 4], [], [5], [0, 1, 2, 3, 4], [5], [], [6], [0, 1, 2, 3, 4], [], [5], [0, 1, 2, 3, 4], [5], [], [6], [0, 1, 2, 3, 4], [], [5], [0, 1, 2, 3, 4], [5], [], [6], [0, 1, 2, 3, 4], [], [5], [0, 1, 2, 3, 4], [], [5], [6], [0, 1, 2, 3, 4], [5], [], [0, 1, 2, 3, 4], [], [5], [6], [0, 1, 2, 3, 4], [5], [], [0, 1, 2, 3, 4], [], [5], [6], [0, 1, 2, 3, 4], [5], [], [0, 1, 2, 3, 4], [], [5], [6], [0, 1, 2, 3, 4], [5], [], [0, 1, 2, 3, 4], [5], [], [6], [0, 1, 2, 3, 4], [5], [], [0, 1, 2, 3, 4], [], [5], [6], [0, 1, 2, 3, 4], [5], [], [0, 1, 2, 3, 4], [5], [], [6], [0, 1, 2, 3, 4], [], [5], [0, 1, 2, 3, 4], [], [5], [6], [0, 1, 2, 3, 4], [5], [], [0, 1, 2, 3, 4], [], [5], [6], [0, 1, 2, 3, 4], [], [5], [6], [0, 1, 2, 3, 4], [], [5], [6], [0, 1, 2, 3, 4], [5], [], [6], [0, 1, 2, 3, 4]]
334;DLA - Newington;[2480020, 7584020, 2524020, 1147020, 2645020, 6782020, 3045020, 9855020, 1209020, 5748020, 890020, 6282020, 920020, 6936020, 9270020, 7079020, 6514020];[05:03, 05:45, 06:30, 07:02, 07:30, 08:00, 09:00, 11:30, 15:00, 15:30, 16:00, 16:30, 17:00, 17:30, 18:00, 18:30, 19:00];[[0, 1, 2, 3, 4], [0, 1, 2, 3, 4], [0, 1, 2, 3, 4], [0, 1, 2, 3, 4], [0, 1, 2, 3, 4], [0, 1, 2, 3, 4], [0, 1, 2, 3, 4], [0, 1, 2, 3, 4], [0, 1, 2, 3, 4], [0, 1, 2, 3, 4], [0, 1, 2, 3, 4], [0, 1, 2, 3, 4], [0, 1, 2, 3, 4], [0, 1, 2, 3, 4], [0, 1, 2, 3, 4], [0, 1, 2, 3, 4], [0, 1, 2, 3, 4]]
335;Fort Belvoir Express;[7915020, 1697020, 5689020, 6682020, 163020, 3855020, 3677020, 922020, 2802020, 10006020, 4842020, 1676020, 6993020, 8458020, 4079020, 2534020];[06:05, 06:20, 06:50, 07:16, 07:36, 08:00, 08:25, 08:49, 14:50, 15:35, 16:05, 16:35, 17:00, 17:25, 18:00, 18:40];[[0, 1, 2, 3, 4], [0, 1, 2, 3, 4], [0, 1, 2, 3, 4], [0, 1, 2, 3, 4], [0, 1, 2, 3, 4], [0, 1, 2, 3, 4], [0, 1, 2, 3, 4], [0, 1, 2, 3, 4], [0, 1, 2, 3, 4], [0, 1, 2, 3, 4], [0, 1, 2, 3, 4], [0, 1, 2, 3, 4], [0, 1, 2, 3, 4], [0, 1, 2, 3, 4], [0, 1, 2, 3, 4], [0, 1, 2, 3, 4]]
340;Patriot Ridge - Saratoga;[8615020, 5211020, 3856020, 3557020, 7263020, 3210020, 2721020, 5037020, 9206020, 9413020, 3665020, 737020, 8878020, 4916020, 9525020, 5299020];[10:15, 10:34, 11:05, 11:24, 11:55, 12:14, 12:45, 13:04, 13:35, 13:54, 19:30, 19:49, 20:20, 20:39, 21:10, 21:29];[[0, 1, 2, 3, 4], [0, 1, 2, 3, 4], [0, 1, 2, 3, 4], [0, 1, 2, 3, 4], [0, 1, 2, 3, 4], [0, 1, 2, 3, 4], [0, 1, 2, 3, 4], [0, 1, 2, 3, 4], [0, 1, 2, 3, 4], [0, 1, 2, 3, 4], [0, 1, 2, 3, 4], [0, 1, 2, 3, 4], [0, 1, 2, 3, 4], [0, 1, 2, 3, 4], [0, 1, 2, 3, 4], [0, 1, 2, 3, 4]]
341;Boston Blvd - Saratoga;[5921020, 3517020, 8526020, 6558020, 7653020, 717020, 2091020, 8052020, 2351020, 8344020, 5421020, 9276020, 6181020, 2237020, 8820020, 7634020, 4580020, 5279020, 5724020, 8642020, 3658020, 3258020, 782020, 4560020, 3496020, 6430020, 8432020, 8781020, 6710020, 816020, 6285020, 522020, 5422020, 6405020, 8184020, 1827020, 8183020, 7874020, 4689020, 7237020];[04:51, 05:20, 05:26, 05:56, 06:03, 06:17, 06:32, 06:40, 06:46, 06:55, 07:11, 07:25, 07:26, 07:55, 07:56, 08:25, 08:26, 08:50, 08:56, 09:20, 09:21, 09:51, 14:32, 14:59, 15:31, 15:47, 15:53, 16:09, 16:40, 16:56, 16:58, 17:14, 17:34, 17:49, 17:55, 18:11, 18:21, 18:37, 18:41, 18:55];[[0, 1, 2, 3, 4], [0, 1, 2, 3, 4], [0, 1, 2, 3, 4], [0, 1, 2, 3, 4], [0, 1, 2, 3, 4], [0, 1, 2, 3, 4], [0, 1, 2, 3, 4], [0, 1, 2, 3, 4], [0, 1, 2, 3, 4], [0, 1, 2, 3, 4], [0, 1, 2, 3, 4], [0, 1, 2, 3, 4], [0, 1, 2, 3, 4], [0, 1, 2, 3, 4], [0, 1, 2, 3, 4], [0, 1, 2, 3, 4], [0, 1, 2, 3, 4], [0, 1, 2, 3, 4], [0, 1, 2, 3, 4], [0, 1, 2, 3, 4], [0, 1, 2, 3, 4], [0, 1, 2, 3, 4], [0, 1, 2, 3, 4], [0, 1, 2, 3, 4], [0, 1, 2, 3, 4], [0, 1, 2, 3, 4], [0, 1, 2, 3, 4], [0, 1, 2, 3, 4], [0, 1, 2, 3, 4], [0, 1, 2, 3, 4], [0, 1, 2, 3, 4], [0, 1, 2, 3, 4], [0, 1, 2, 3, 4], [0, 1, 2, 3, 4], [0, 1, 2, 3, 4], [0, 1, 2, 3, 4], [0, 1, 2, 3, 4], [0, 1, 2, 3, 4], [0, 1, 2, 3, 4], [0, 1, 2, 3, 4]]
350;TAGS Springfield Circulator;[2063020, 7451020, 6855020, 1468020, 1809020, 4728020, 6697020, 3193020, 1004020, 9184020, 9246020, 5874020, 5186020, 1053020, 3558020, 8935020, 9784020, 1190020, 6539020, 2352020, 7452020, 9221020, 5574020, 8405020, 5077020, 3452020, 1895020, 4358020, 1539020, 3865020, 1285020, 2903020, 7050020, 4878020, 5500020, 6305020, 9977020, 6138020, 2742020, 1191020, 6580020, 5835020, 7619020, 7935020, 9378020, 6003020];[06:18, 06:33, 06:48, 07:03, 07:18, 07:36, 07:51, 08:06, 08:23, 08:38, 08:53, 09:07, 09:24, 09:44, 10:09, 10:28, 10:53, 11:13, 11:38, 11:53, 12:08, 12:23, 12:38, 12:53, 13:08, 13:23, 13:38, 13:58, 14:23, 14:43, 15:08, 15:33, 15:48, 16:03, 16:18, 16:34, 16:50, 17:05, 17:20, 17:40, 17:55, 18:08, 18:28, 18:43, 18:58, 19:18];[[0, 1, 2, 3, 4], [0, 1, 2, 3, 4], [0, 1, 2, 3, 4], [0, 1, 2, 3, 4], [0, 1, 2, 3, 4], [0, 1, 2, 3, 4], [0, 1, 2, 3, 4], [0, 1, 2, 3, 4], [0, 1, 2, 3, 4], [0, 1, 2, 3, 4], [0, 1, 2, 3, 4], [0, 1, 2, 3, 4], [0, 1, 2, 3, 4], [0, 1, 2, 3, 4], [0, 1, 2, 3, 4], [0, 1, 2, 3, 4], [0, 1, 2, 3, 4], [0, 1, 2, 3, 4], [0, 1, 2, 3, 4], [0, 1, 2, 3, 4], [0, 1, 2, 3, 4], [0, 1, 2, 3, 4], [0, 1, 2, 3, 4], [0, 1, 2, 3, 4], [0, 1, 2, 3, 4], [0, 1, 2, 3, 4], [0, 1, 2, 3, 4], [0, 1, 2, 3, 4], [0, 1, 2, 3, 4], [0, 1, 2, 3, 4], [0, 1, 2, 3, 4], [0, 1, 2, 3, 4], [0, 1, 2, 3, 4], [0, 1, 2, 3, 4], [0, 1, 2, 3, 4], [0, 1, 2, 3, 4], [0, 1, 2, 3, 4], [0, 1, 2, 3, 4], [0, 1, 2, 3, 4], [0, 1, 2, 3, 4], [0, 1, 2, 3, 4], [0, 1, 2, 3, 4], [0, 1, 2, 3, 4], [0, 1, 2, 3, 4], [0, 1, 2, 3, 4], [0, 1, 2, 3, 4]]
351;TAGS Springfield TSA;[9185020, 7195020, 3610020, 3678020, 8511020, 5401020, 2607020, 6203020, 6100020, 870020, 292020, 9207020, 8265020, 8266020, 4707020, 3280020, 4496020, 6620020, 6920020, 8750020, 1192020, 6800020, 4418020, 1114020, 3831020, 6937020, 8509020, 6919020, 5538020, 6098020, 9115020, 3643020, 8643020, 5943020, 2582020, 7354020, 7292020, 7564020];[06:30, 06:41, 06:55, 07:06, 07:20, 07:31, 07:45, 07:56, 08:10, 08:21, 08:35, 08:46, 09:00, 09:09, 09:25, 09:34, 09:50, 09:59, 10:15, 10:24, 14:25, 14:34, 14:50, 14:59, 15:15, 15:26, 15:40, 15:51, 16:05, 16:16, 16:30, 16:41, 17:00, 17:11, 17:25, 17:36, 17:50, 18:01];[[0, 1, 2, 3, 4], [0, 1, 2, 3, 4], [0, 1, 2, 3, 4], [0, 1, 2, 3, 4], [0, 1, 2, 3, 4], [0, 1, 2, 3, 4], [0, 1, 2, 3, 4], [0, 1, 2, 3, 4], [0, 1, 2, 3, 4], [0, 1, 2, 3, 4], [0, 1, 2, 3, 4], [0, 1, 2, 3, 4], [0, 1, 2, 3, 4], [0, 1, 2, 3, 4], [0, 1, 2, 3, 4], [0, 1, 2, 3, 4], [0, 1, 2, 3, 4], [0, 1, 2, 3, 4], [0, 1, 2, 3, 4], [0, 1, 2, 3, 4], [0, 1, 2, 3, 4], [0, 1, 2, 3, 4], [0, 1, 2, 3, 4], [0, 1, 2, 3, 4], [0, 1, 2, 3, 4], [0, 1, 2, 3, 4], [0, 1, 2, 3, 4], [0, 1, 2, 3, 4], [0, 1, 2, 3, 4], [0, 1, 2, 3, 4], [0, 1, 2, 3, 4], [0, 1, 2, 3, 4], [0, 1, 2, 3, 4], [0, 1, 2, 3, 4], [0, 1, 2, 3, 4], [0, 1, 2, 3, 4], [0, 1, 2, 3, 4], [0, 1, 2, 3, 4]]
352;TAGS Springfield TSA lunch;[6214020, 6642020, 4080020, 2822020, 1286020, 9498020, 3703020, 8861020, 8368020, 2561020, 3421020, 5017020, 7314020, 6653020, 8290020, 7716020, 6712020, 5805020];[10:40, 10:49, 11:05, 11:14, 11:30, 11:39, 11:55, 12:04, 12:20, 12:29, 12:45, 12:54, 13:10, 13:19, 13:35, 13:44, 14:00, 14:09];[[0, 1, 2, 3, 4], [0, 1, 2, 3, 4], [0, 1, 2, 3, 4], [0, 1, 2, 3, 4], [0, 1, 2, 3, 4], [0, 1, 2, 3, 4], [0, 1, 2, 3, 4], [0, 1, 2, 3, 4], [0, 1, 2, 3, 4], [0, 1, 2, 3, 4], [0, 1, 2, 3, 4], [0, 1, 2, 3, 4], [0, 1, 2, 3, 4], [0, 1, 2, 3, 4], [0, 1, 2, 3, 4], [0, 1, 2, 3, 4], [0, 1, 2, 3, 4], [0, 1, 2, 3, 4]]
353;TAGS Springfield Circ Metro Park;[1631020, 5437020, 9701020, 9436020, 4395020, 8593020, 7264020, 1653020, 5371020, 4117020, 1810020, 3240020, 9372020, 6182020, 1602020, 1828020, 510020, 4097020, 4706020, 3722020, 7197020, 9083020, 6264020, 1580020, 2997020, 4270020, 8551020, 2525020, 6711020, 2560020, 5575020, 8248020, 1675020, 5478020, 4004020, 291020, 5524020, 6641020, 1765020, 672020, 1421020, 8215020, 107020, 7983020, 8246020, 7453020];[06:00, 06:15, 06:30, 06:45, 07:00, 07:15, 07:30, 07:45, 08:00, 08:15, 08:30, 08:48, 09:05, 09:25, 09:50, 10:10, 10:35, 10:55, 11:20, 11:35, 11:50, 12:05, 12:20, 12:35, 12:50, 13:05, 13:20, 13:40, 14:05, 14:25, 14:50, 15:15, 15:30, 15:45, 16:00, 16:15, 16:30, 16:45, 17:00, 17:20, 17:35, 17:50, 18:10, 18:25, 18:40, 19:00];[[0, 1, 2, 3, 4], [0, 1, 2, 3, 4], [0, 1, 2, 3, 4], [0, 1, 2, 3, 4], [0, 1, 2, 3, 4], [0, 1, 2, 3, 4], [0, 1, 2, 3, 4], [0, 1, 2, 3, 4], [0, 1, 2, 3, 4], [0, 1, 2, 3, 4], [0, 1, 2, 3, 4], [0, 1, 2, 3, 4], [0, 1, 2, 3, 4], [0, 1, 2, 3, 4], [0, 1, 2, 3, 4], [0, 1, 2, 3, 4], [0, 1, 2, 3, 4], [0, 1, 2, 3, 4], [0, 1, 2, 3, 4], [0, 1, 2, 3, 4], [0, 1, 2, 3, 4], [0, 1, 2, 3, 4], [0, 1, 2, 3, 4], [0, 1, 2, 3, 4], [0, 1, 2, 3, 4], [0, 1, 2, 3, 4], [0, 1, 2, 3, 4], [0, 1, 2, 3, 4], [0, 1, 2, 3, 4], [0, 1, 2, 3, 4], [0, 1, 2, 3, 4], [0, 1, 2, 3, 4], [0, 1, 2, 3, 4], [0, 1, 2, 3, 4], [0, 1, 2, 3, 4], [0, 1, 2, 3, 4], [0, 1, 2, 3, 4], [0, 1, 2, 3, 4], [0, 1, 2, 3, 4], [0, 1, 2, 3, 4], [0, 1, 2, 3, 4], [0, 1, 2, 3, 4], [0, 1, 2, 3, 4], [0, 1, 2, 3, 4], [0, 1, 2, 3, 4], [0, 1, 2, 3, 4]]
371;Lorton-Springfield;[2395020, 9399020, 1422020, 6215020, 4972020, 2221070, 7273010, 7700080, 520020, 4897020, 1603020, 8000020, 2135070, 4617080, 60010, 7148020, 5151070, 1821080, 5553010, 1896020, 5769020, 781020, 9818020, 6334020, 9346010, 3376080, 1338070, 3518020, 2154020, 1974080, 3324010, 3029070, 941020, 6139020, 9178020, 5344020, 3823080, 6574070, 45080, 8463010, 6425070, 687020, 5187020, 699010, 4781020, 3633080, 7635020, 2757070, 9545080, 3753070, 9345020, 1604020, 1126010, 1304020, 4056070, 7412020, 6806010, 5913080, 489080, 578070, 3317020, 9000020, 3422020, 7995080, 4870070, 7620020, 705080, 8194010, 3030070, 7916020, 2140020, 9269010, 2380020, 8970080, 3998070, 1193020, 8258070, 3928080, 8782020, 608020, 9832010, 7217020, 4304070, 1759020, 4378010, 3445080, 5094080, 6910070, 846020, 9467020, 9938020, 8938070, 5153080, 7434020, 9869080, 7337010, 2804070, 9137020, 6661010, 6498020, 4899020, 3142020, 6797080, 6367070, 9495080, 9278070, 8486020, 3358020, 4527010, 9693020, 1213020, 1941080, 1550070, 1334010, 8580070, 5536080, 2257020, 7435020, 9165020, 612080, 9616020, 7181070, 3008070, 7947080, 4126010, 5020, 5505010, 2906020, 2761020, 6994020, 2921070, 1692080, 1297080, 1950070, 3473020, 847020, 2596010, 5103020, 753010, 1138070, 143020, 2265080, 1062020, 4330080, 9716070, 216020, 6072020, 2017080, 9451070, 355020, 2379020, 2968010, 5671010, 2330070, 201080, 5987020, 7204080, 371020, 2569070, 2207020, 8267020, 7510080, 6067070, 2888020, 8685010, 8936020, 9535080, 4160070, 7728010, 6938020, 1699020, 7192070, 4286080, 4459020, 9690070, 2272080, 6382020, 3014020, 2778020, 6212010, 6965010, 4216080, 1476070, 1202020, 5494080, 4839070, 3964020, 2092020, 3591020, 7893080, 9494070, 8385020, 7824020, 2647010, 7832070, 6323080, 38010, 2744020, 1894020, 1160080, 1822070, 1054020, 8100070, 989020, 4144080, 2453020, 7294020, 5968010, 8932070, 6443080, 4566010, 8969020, 7701080, 5945020, 4186070, 1698020, 2435020, 6591070, 3388080, 1998020, 895070, 4336020, 8844080, 9528010, 2099010, 269020, 7173020, 7931080, 4198070, 4726020, 9732020, 3031080, 7182070, 8729020, 2302010, 5952020, 8281080, 7924010, 4215070, 9971020, 5095070, 6056020, 2936080, 9815020, 6200020, 5287080, 8168070, 2313020, 9337080, 6779010, 6918020, 6502070, 4324010, 4435020, 1394020, 7632080, 5936070, 142020, 5452080, 2694070, 1166020, 2199010, 1212020, 4760070, 8748080, 3004010, 2860020, 4401080, 8148070, 7735020, 7833070, 6241080, 2314020, 6278070, 202080, 3769020, 2246010, 367010, 8964080, 5368070, 9373020, 6849080, 4581020, 9684070, 2648010, 8270080, 8399010, 8924070, 5875020, 4953020, 246070, 6133080, 6479080, 9531070, 3871020, 1407010, 9384020, 2712010, 9232020, 1678020, 3377070, 2553080, 8693080, 9930070, 9870010, 3302010, 7856020, 4237020, 6872070, 9421080, 5387080, 7443070, 1131020, 6397010, 762020, 9867010, 3260020, 9299020, 1798070, 2677080, 593080, 2222070, 1372010, 972020, 9584070, 4593080, 5306080, 3583070, 6279070, 5031080];[04:10, 04:40, 05:00, 05:10, 05:25, 05:26, 05:26, 05:26, 05:30, 05:40, 05:55, 06:00, 06:05, 06:05, 06:07, 06:10, 06:10, 06:10, 06:15, 06:15, 06:25, 06:30, 06:40, 06:45, 06:52, 06:52, 06:52, 06:55, 07:00, 07:00, 07:00, 07:00, 07:10, 07:15, 07:25, 07:30, 07:30, 07:30, 07:37, 07:37, 07:37, 07:40, 07:45, 07:45, 07:55, 08:00, 08:00, 08:00, 08:07, 08:07, 08:10, 08:15, 08:22, 08:25, 08:30, 08:30, 08:30, 08:30, 08:37, 08:37, 08:40, 08:45, 08:55, 09:00, 09:00, 09:00, 09:07, 09:07, 09:07, 09:10, 09:15, 09:15, 09:25, 09:30, 09:30, 09:30, 09:37, 09:37, 09:40, 09:45, 09:52, 09:55, 10:00, 10:00, 10:00, 10:00, 10:07, 10:07, 10:10, 10:15, 10:25, 10:30, 10:30, 10:30, 10:37, 10:37, 10:37, 10:40, 10:45, 10:45, 10:55, 11:00, 11:00, 11:00, 11:07, 11:07, 11:10, 11:15, 11:22, 11:25, 11:30, 11:30, 11:30, 11:30, 11:37, 11:37, 11:40, 11:45, 11:55, 12:00, 12:00, 12:00, 12:07, 12:07, 12:07, 12:10, 12:15, 12:15, 12:25, 12:30, 12:30, 12:30, 12:37, 12:37, 12:40, 12:45, 12:52, 12:55, 13:00, 13:00, 13:00, 13:00, 13:15, 13:19, 13:19, 13:21, 13:30, 13:30, 13:30, 13:36, 13:45, 13:45, 13:49, 13:49, 13:49, 13:51, 14:00, 14:00, 14:00, 14:06, 14:15, 14:19, 14:19, 14:21, 14:30, 14:30, 14:30, 14:30, 14:34, 14:36, 14:45, 14:49, 14:49, 14:51, 15:00, 15:00, 15:00, 15:06, 15:15, 15:15, 15:19, 15:19, 15:19, 15:21, 15:30, 15:30, 15:30, 15:36, 15:45, 15:49, 15:49, 15:51, 16:00, 16:00, 16:00, 16:00, 16:04, 16:06, 16:15, 16:19, 16:19, 16:21, 16:30, 16:30, 16:30, 16:36, 16:45, 16:45, 16:49, 16:49, 16:49, 16:51, 17:00, 17:00, 17:00, 17:06, 17:15, 17:19, 17:19, 17:21, 17:30, 17:30, 17:30, 17:30, 17:34, 17:36, 17:45, 17:49, 17:49, 17:51, 18:00, 18:00, 18:00, 18:06, 18:15, 18:15, 18:19, 18:19, 18:19, 18:21, 18:30, 18:30, 18:30, 18:36, 18:45, 18:49, 18:49, 18:51, 19:00, 19:00, 19:00, 19:00, 19:04, 19:06, 19:15, 19:19, 19:19, 19:21, 19:30, 19:30, 19:30, 19:45, 19:45, 19:49, 19:49, 19:49, 19:51, 20:00, 20:00, 20:00, 20:19, 20:19, 20:21, 20:30, 20:30, 20:30, 20:30, 20:34, 20:49, 20:49, 20:51, 21:00, 21:00, 21:00, 21:15, 21:19, 21:19, 21:19, 21:21, 21:30, 21:45, 21:45, 21:49, 21:49, 21:51, 22:00, 22:00, 22:04, 22:21, 22:30, 22:30, 22:30, 22:34, 22:34, 22:45, 22:49, 22:51, 23:00, 23:15, 23:15, 23:19, 23:19, 23:21, 23:30, 23:30, 23:34, 23:51, 24:00, 24:00, 24:00, 24:04, 24:04, 24:16, 24:30, 24:45, 24:45, 24:49, 24:49, 25:30, 25:30];[[0, 1, 2, 3, 4], [0, 1, 2, 3, 4], [0, 1, 2, 3, 4], [0, 1, 2, 3, 4], [0, 1, 2, 3, 4], [5], [6], [], [0, 1, 2, 3, 4], [0, 1, 2, 3, 4], [0, 1, 2, 3, 4], [0, 1, 2, 3, 4], [5], [], [6], [0, 1, 2, 3, 4], [5], [], [6], [0, 1, 2, 3, 4], [0, 1, 2, 3, 4], [0, 1, 2, 3, 4], [0, 1, 2, 3, 4], [0, 1, 2, 3, 4], [6], [], [5], [0, 1, 2, 3, 4], [0, 1, 2, 3, 4], [], [6], [5], [0, 1, 2, 3, 4], [0, 1, 2, 3, 4], [0, 1, 2, 3, 4], [0, 1, 2, 3, 4], [], [5], [], [6], [5], [0, 1, 2, 3, 4], [0, 1, 2, 3, 4], [6], [0, 1, 2, 3, 4], [], [0, 1, 2, 3, 4], [5], [], [5], [0, 1, 2, 3, 4], [0, 1, 2, 3, 4], [6], [0, 1, 2, 3, 4], [5], [0, 1, 2, 3, 4], [6], [], [], [5], [0, 1, 2, 3, 4], [0, 1, 2, 3, 4], [0, 1, 2, 3, 4], [], [5], [0, 1, 2, 3, 4], [], [6], [5], [0, 1, 2, 3, 4], [0, 1, 2, 3, 4], [6], [0, 1, 2, 3, 4], [], [5], [0, 1, 2, 3, 4], [5], [], [0, 1, 2, 3, 4], [0, 1, 2, 3, 4], [6], [0, 1, 2, 3, 4], [5], [0, 1, 2, 3, 4], [6], [], [], [5], [0, 1, 2, 3, 4], [0, 1, 2, 3, 4], [0, 1, 2, 3, 4], [5], [], [0, 1, 2, 3, 4], [], [6], [5], [0, 1, 2, 3, 4], [6], [0, 1, 2, 3, 4], [0, 1, 2, 3, 4], [0, 1, 2, 3, 4], [], [5], [], [5], [0, 1, 2, 3, 4], [0, 1, 2, 3, 4], [6], [0, 1, 2, 3, 4], [0, 1, 2, 3, 4], [], [5], [6], [5], [], [0, 1, 2, 3, 4], [0, 1, 2, 3, 4], [0, 1, 2, 3, 4], [], [0, 1, 2, 3, 4], [5], [5], [], [6], [0, 1, 2, 3, 4], [6], [0, 1, 2, 3, 4], [0, 1, 2, 3, 4], [0, 1, 2, 3, 4], [5], [], [], [5], [0, 1, 2, 3, 4], [0, 1, 2, 3, 4], [6], [0, 1, 2, 3, 4], [6], [5], [0, 1, 2, 3, 4], [], [0, 1, 2, 3, 4], [], [5], [0, 1, 2, 3, 4], [0, 1, 2, 3, 4], [], [5], [0, 1, 2, 3, 4], [0, 1, 2, 3, 4], [6], [6], [5], [], [0, 1, 2, 3, 4], [], [0, 1, 2, 3, 4], [5], [0, 1, 2, 3, 4], [0, 1, 2, 3, 4], [], [5], [0, 1, 2, 3, 4], [6], [0, 1, 2, 3, 4], [], [5], [6], [0, 1, 2, 3, 4], [0, 1, 2, 3, 4], [5], [], [0, 1, 2, 3, 4], [5], [], [0, 1, 2, 3, 4], [0, 1, 2, 3, 4], [0, 1, 2, 3, 4], [6], [6], [], [5], [0, 1, 2, 3, 4], [], [5], [0, 1, 2, 3, 4], [0, 1, 2, 3, 4], [0, 1, 2, 3, 4], [], [5], [0, 1, 2, 3, 4], [0, 1, 2, 3, 4], [6], [5], [], [6], [0, 1, 2, 3, 4], [0, 1, 2, 3, 4], [], [5], [0, 1, 2, 3, 4], [5], [0, 1, 2, 3, 4], [], [0, 1, 2, 3, 4], [0, 1, 2, 3, 4], [6], [5], [], [6], [0, 1, 2, 3, 4], [], [0, 1, 2, 3, 4], [5], [0, 1, 2, 3, 4], [0, 1, 2, 3, 4], [5], [], [0, 1, 2, 3, 4], [5], [0, 1, 2, 3, 4], [], [6], [6], [0, 1, 2, 3, 4], [0, 1, 2, 3, 4], [], [5], [0, 1, 2, 3, 4], [0, 1, 2, 3, 4], [], [5], [0, 1, 2, 3, 4], [6], [0, 1, 2, 3, 4], [], [6], [5], [0, 1, 2, 3, 4], [5], [0, 1, 2, 3, 4], [], [0, 1, 2, 3, 4], [0, 1, 2, 3, 4], [], [5], [0, 1, 2, 3, 4], [], [6], [0, 1, 2, 3, 4], [5], [6], [0, 1, 2, 3, 4], [0, 1, 2, 3, 4], [], [5], [0, 1, 2, 3, 4], [], [5], [0, 1, 2, 3, 4], [6], [0, 1, 2, 3, 4], [5], [], [6], [0, 1, 2, 3, 4], [], [5], [0, 1, 2, 3, 4], [5], [], [0, 1, 2, 3, 4], [5], [], [0, 1, 2, 3, 4], [6], [6], [], [5], [0, 1, 2, 3, 4], [], [0, 1, 2, 3, 4], [5], [6], [], [6], [5], [0, 1, 2, 3, 4], [0, 1, 2, 3, 4], [5], [], [], [5], [0, 1, 2, 3, 4], [6], [0, 1, 2, 3, 4], [6], [0, 1, 2, 3, 4], [0, 1, 2, 3, 4], [5], [], [], [5], [6], [6], [0, 1, 2, 3, 4], [0, 1, 2, 3, 4], [5], [], [], [5], [0, 1, 2, 3, 4], [6], [0, 1, 2, 3, 4], [6], [0, 1, 2, 3, 4], [0, 1, 2, 3, 4], [5], [], [], [5], [6], [0, 1, 2, 3, 4], [5], [], [], [5], [5], []]
393;Saratoga-Pentagon-Mark Center;[9400020, 923020, 2998020, 8268020, 1234020, 9328020, 2695020, 2994020, 1912020, 4644020, 8472020, 8190020];[05:13, 05:53, 06:33, 07:13, 07:53, 08:33, 15:55, 16:35, 17:20, 18:00, 18:40, 19:25];[[0, 1, 2, 3, 4], [0, 1, 2, 3, 4], [0, 1, 2, 3, 4], [0, 1, 2, 3, 4], [0, 1, 2, 3, 4], [0, 1, 2, 3, 4], [0, 1, 2, 3, 4], [0, 1, 2, 3, 4], [0, 1, 2, 3, 4], [0, 1, 2, 3, 4], [0, 1, 2, 3, 4], [0, 1, 2, 3, 4]]
394;Saratoga - Pentagon Express;[4910020, 521020, 492020, 6581020, 6995020, 4650020, 2957020, 5515020, 1221020, 4355020, 8939020, 7310020, 6587020];[05:20, 06:00, 06:40, 07:20, 08:00, 08:40, 09:20, 15:35, 16:15, 17:00, 17:40, 18:20, 19:00];[[0, 1, 2, 3, 4], [0, 1, 2, 3, 4], [0, 1, 2, 3, 4], [0, 1, 2, 3, 4], [0, 1, 2, 3, 4], [0, 1, 2, 3, 4], [0, 1, 2, 3, 4], [0, 1, 2, 3, 4], [0, 1, 2, 3, 4], [0, 1, 2, 3, 4], [0, 1, 2, 3, 4], [0, 1, 2, 3, 4], [0, 1, 2, 3, 4]]
395;Gambrill - Pentagon Express;[1792020, 6483020, 589020, 9508020, 2606020, 9214020, 1541020, 2224020, 6902020, 4006020, 3049020, 9479020, 9060020, 413020, 1344020, 697020, 2933020, 8311020, 8917020, 5265020, 9638020, 9546020, 7800020, 9966020, 1803020, 6073020, 6463020, 2667020];[05:05, 05:25, 05:45, 06:00, 06:15, 06:30, 06:45, 07:00, 07:15, 07:30, 07:45, 08:05, 08:25, 08:50, 15:00, 15:20, 15:40, 16:00, 16:20, 16:40, 16:55, 17:15, 17:35, 17:55, 18:15, 18:35, 18:55, 19:20];[[0, 1, 2, 3, 4], [0, 1, 2, 3, 4], [0, 1, 2, 3, 4], [0, 1, 2, 3, 4], [0, 1, 2, 3, 4], [0, 1, 2, 3, 4], [0, 1, 2, 3, 4], [0, 1, 2, 3, 4], [0, 1, 2, 3, 4], [0, 1, 2, 3, 4], [0, 1, 2, 3, 4], [0, 1, 2, 3, 4], [0, 1, 2, 3, 4], [0, 1, 2, 3, 4], [0, 1, 2, 3, 4], [0, 1, 2, 3, 4], [0, 1, 2, 3, 4], [0, 1, 2, 3, 4], [0, 1, 2, 3, 4], [0, 1, 2, 3, 4], [0, 1, 2, 3, 4], [0, 1, 2, 3, 4], [0, 1, 2, 3, 4], [0, 1, 2, 3, 4], [0, 1, 2, 3, 4], [0, 1, 2, 3, 4], [0, 1, 2, 3, 4], [0, 1, 2, 3, 4]]
396;Backlick-Pentagon Express;[4607020, 251020, 1287020, 8229020, 5139020, 6183020, 7083020, 6216020, 7670020, 7936020, 5876020, 3143020, 1309020, 3670020, 7769020, 9371020, 3776020, 6349020, 8239020, 8908020, 5358020, 8327020, 1230020, 9261020, 1886020, 6829020];[05:20, 05:40, 06:00, 06:20, 06:35, 06:50, 07:07, 07:20, 07:40, 08:00, 08:20, 08:45, 15:10, 15:30, 15:50, 16:10, 16:30, 16:45, 17:05, 17:25, 17:45, 18:05, 18:25, 18:45, 19:05, 19:20];[[0, 1, 2, 3, 4], [0, 1, 2, 3, 4], [0, 1, 2, 3, 4], [0, 1, 2, 3, 4], [0, 1, 2, 3, 4], [0, 1, 2, 3, 4], [0, 1, 2, 3, 4], [0, 1, 2, 3, 4], [0, 1, 2, 3, 4], [0, 1, 2, 3, 4], [0, 1, 2, 3, 4], [0, 1, 2, 3, 4], [0, 1, 2, 3, 4], [0, 1, 2, 3, 4], [0, 1, 2, 3, 4], [0, 1, 2, 3, 4], [0, 1, 2, 3, 4], [0, 1, 2, 3, 4], [0, 1, 2, 3, 4], [0, 1, 2, 3, 4], [0, 1, 2, 3, 4], [0, 1, 2, 3, 4], [0, 1, 2, 3, 4], [0, 1, 2, 3, 4], [0, 1, 2, 3, 4], [0, 1, 2, 3, 4]]
401;Backlick - Gallows Rd Northbound;[2110020, 6541020, 2594010, 3172070, 4303080, 3519020, 4119020, 1670020, 3611020, 5590080, 4853010, 1389070, 5382020, 8035020, 1088070, 7752080, 1478010, 8679020, 2838080, 3164010, 4123070, 4081020, 3638010, 597080, 9824070, 4540020, 9987020, 3235070, 5859080, 4307010, 1343020, 9581020, 2993070, 8879080, 9749010, 4690020, 8373070, 3849080, 1260010, 6306020, 5806020, 5589070, 2264080, 8539010, 8161020, 6517020, 2602070, 6594080, 1966010, 3495020, 1764080, 6324070, 452010, 5673020, 8671070, 4084010, 5492080, 2208020, 5212020, 9504080, 3689070, 696010, 5618020, 2557010, 3685080, 285070, 3903020, 2730080, 8231020, 6625010, 7136070, 3080020, 2529010, 1737070, 8089080, 1632020, 5573080, 4990070, 7705010, 8384020, 3842010, 7460070, 4840080, 6769020, 3503080, 4473010, 6861070, 8077020, 1555020, 4893070, 1901080, 8902010, 3680020, 9490070, 3372010, 706080, 4045020, 3118020, 3165010, 3039080, 1439070, 2700020, 2042020, 8786010, 7556080, 8843070, 5790020, 1984070, 8983010, 9594080, 8053020, 7957010, 7967070, 493020, 3207080, 6160020, 9121070, 2946010, 2253080, 1915020, 6518020, 2628080, 1495070, 667010, 4222020, 5960020, 7583070, 5584010, 6912080, 7394020, 3879070, 7658010, 2212080, 6499020, 3000020, 162070, 3732080, 4190010, 6375020, 4076010, 1525080, 1259070, 5672020, 7691020, 4813070, 2185080, 8769010, 9988020, 3012010, 8747070, 8561080, 4310020, 3922070, 8007080, 9523010, 8230020, 1816080, 2407010, 4851070, 8547080, 6954020, 7344070, 4342010, 9891020, 7347010, 7519080, 6179070, 6747020, 1571010, 685080, 2797070, 9104020, 9717020, 6741080, 1985010, 1864070, 3747020, 3289010, 8308080, 7966070, 6371020, 1484020, 1567080, 8042010, 6566070, 5400020, 4661070, 4555010, 2798080, 4630020, 5239020];[03:35, 04:05, 04:25, 04:25, 04:25, 04:45, 05:00, 05:10, 05:30, 05:30, 05:30, 05:30, 05:41, 06:02, 06:05, 06:05, 06:05, 06:18, 06:20, 06:20, 06:20, 06:30, 06:45, 06:45, 06:45, 06:47, 07:00, 07:10, 07:10, 07:10, 07:12, 07:30, 07:35, 07:35, 07:35, 07:47, 08:00, 08:00, 08:00, 08:00, 08:17, 08:25, 08:25, 08:25, 08:30, 08:45, 08:50, 08:50, 08:50, 09:00, 09:15, 09:15, 09:15, 09:20, 09:40, 09:40, 09:40, 09:40, 10:00, 10:05, 10:05, 10:05, 10:20, 10:30, 10:30, 10:30, 10:40, 11:00, 11:00, 11:00, 11:00, 11:20, 11:25, 11:25, 11:25, 11:40, 11:50, 11:50, 11:50, 12:00, 12:15, 12:15, 12:15, 12:20, 12:40, 12:40, 12:40, 12:40, 13:00, 13:05, 13:05, 13:05, 13:20, 13:25, 13:25, 13:25, 13:35, 13:45, 13:50, 13:50, 13:50, 14:00, 14:12, 14:15, 14:15, 14:15, 14:30, 14:40, 14:40, 14:40, 14:50, 15:05, 15:05, 15:05, 15:05, 15:20, 15:30, 15:30, 15:30, 15:35, 15:50, 15:55, 15:55, 15:55, 16:05, 16:20, 16:20, 16:20, 16:20, 16:35, 16:45, 16:45, 16:45, 16:50, 17:05, 17:10, 17:10, 17:10, 17:20, 17:35, 17:35, 17:35, 17:40, 17:55, 18:00, 18:00, 18:00, 18:15, 18:25, 18:25, 18:25, 18:40, 18:50, 18:50, 18:50, 19:10, 19:15, 19:15, 19:15, 19:40, 19:40, 19:40, 19:40, 20:10, 20:15, 20:15, 20:15, 20:40, 20:50, 20:50, 20:50, 21:05, 21:30, 21:40, 21:40, 21:40, 22:05, 22:25, 22:25, 22:25, 22:40, 23:10, 23:15, 23:15, 23:15, 23:40, 24:05, 24:05, 24:05, 24:10, 24:40];[[0, 1, 2, 3, 4], [0, 1, 2, 3, 4], [6], [5], [], [0, 1, 2, 3, 4], [0, 1, 2, 3, 4], [0, 1, 2, 3, 4], [0, 1, 2, 3, 4], [], [6], [5], [0, 1, 2, 3, 4], [0, 1, 2, 3, 4], [5], [], [6], [0, 1, 2, 3, 4], [], [6], [5], [0, 1, 2, 3, 4], [6], [], [5], [0, 1, 2, 3, 4], [0, 1, 2, 3, 4], [5], [], [6], [0, 1, 2, 3, 4], [0, 1, 2, 3, 4], [5], [], [6], [0, 1, 2, 3, 4], [5], [], [6], [0, 1, 2, 3, 4], [0, 1, 2, 3, 4], [5], [], [6], [0, 1, 2, 3, 4], [0, 1, 2, 3, 4], [5], [], [6], [0, 1, 2, 3, 4], [], [5], [6], [0, 1, 2, 3, 4], [5], [6], [], [0, 1, 2, 3, 4], [0, 1, 2, 3, 4], [], [5], [6], [0, 1, 2, 3, 4], [6], [], [5], [0, 1, 2, 3, 4], [], [0, 1, 2, 3, 4], [6], [5], [0, 1, 2, 3, 4], [6], [5], [], [0, 1, 2, 3, 4], [], [5], [6], [0, 1, 2, 3, 4], [6], [5], [], [0, 1, 2, 3, 4], [], [6], [5], [0, 1, 2, 3, 4], [0, 1, 2, 3, 4], [5], [], [6], [0, 1, 2, 3, 4], [5], [6], [], [0, 1, 2, 3, 4], [0, 1, 2, 3, 4], [6], [], [5], [0, 1, 2, 3, 4], [0, 1, 2, 3, 4], [6], [], [5], [0, 1, 2, 3, 4], [5], [6], [], [0, 1, 2, 3, 4], [6], [5], [0, 1, 2, 3, 4], [], [0, 1, 2, 3, 4], [5], [6], [], [0, 1, 2, 3, 4], [0, 1, 2, 3, 4], [], [5], [6], [0, 1, 2, 3, 4], [0, 1, 2, 3, 4], [5], [6], [], [0, 1, 2, 3, 4], [5], [6], [], [0, 1, 2, 3, 4], [0, 1, 2, 3, 4], [5], [], [6], [0, 1, 2, 3, 4], [6], [], [5], [0, 1, 2, 3, 4], [0, 1, 2, 3, 4], [5], [], [6], [0, 1, 2, 3, 4], [6], [5], [], [0, 1, 2, 3, 4], [5], [], [6], [0, 1, 2, 3, 4], [], [6], [5], [], [0, 1, 2, 3, 4], [5], [6], [0, 1, 2, 3, 4], [6], [], [5], [0, 1, 2, 3, 4], [6], [], [5], [0, 1, 2, 3, 4], [0, 1, 2, 3, 4], [], [6], [5], [0, 1, 2, 3, 4], [6], [], [5], [0, 1, 2, 3, 4], [0, 1, 2, 3, 4], [], [6], [5], [0, 1, 2, 3, 4], [5], [6], [], [0, 1, 2, 3, 4], [0, 1, 2, 3, 4]]
402;Backlick - Gallows Rd Southbound;[6184020, 3539020, 1540020, 3298020, 2583020, 4611010, 8119070, 9719080, 796020, 8063020, 9711080, 8413070, 2284010, 2887020, 1499020, 3275070, 7238020, 6396010, 1001080, 2803020, 5989020, 3200080, 106070, 3111010, 5953020, 2555080, 9383010, 8336070, 541020, 9247020, 3710070, 6271010, 1123080, 1791020, 6057020, 2735010, 1198080, 8854070, 9875020, 284070, 1823080, 3624020, 4449010, 588020, 1100070, 950080, 8865010, 8731020, 5274070, 5827010, 3596080, 9760020, 5375070, 5912080, 2828010, 5594020, 5361070, 3077010, 7444080, 5140020, 7061010, 2741070, 7095080, 542020, 4922010, 3900070, 2020080, 7765020, 8457020, 7041070, 3076080, 5339010, 7636020, 3527070, 4784080, 686010, 3659020, 1132020, 2817010, 5207070, 9292080, 6403020, 7750070, 6548010, 2170080, 6335020, 3138070, 3389080, 3294010, 9759020, 6209080, 8855010, 1196070, 6384020, 5587020, 2891070, 2128080, 1881010, 3990020, 4082020, 5583010, 2816070, 4350080, 4118020, 7888010, 3963020, 4734070, 2748080, 4620020, 325010, 8795070, 4386080, 3927020, 3104020, 5551070, 656080, 1449010, 8732020, 1716020, 3755080, 4296010, 6962070, 4309020, 8563010, 7723080, 1007070, 9958020, 5706020, 4622070, 7575010, 1315080, 2365020, 5513010, 9647020, 7611070, 2056080, 3778020, 3711080, 9045010, 480070, 9566020, 6101020, 2853080, 152010, 3949070, 91020, 5937080, 5416070, 2012010, 3368070, 6686010, 2299020, 6341080, 7318080, 6633010, 4176070, 52020, 1802080, 9563070, 4771020, 37010, 6683020, 825080, 2441070, 8131010, 7194020, 1883010, 117070, 1625080, 8796070, 6744010, 3941020, 7753080, 7901020, 5345020, 3053070, 1702080, 3150010, 6830020, 5642010, 259070, 5563080, 1933020, 1677020, 4684010, 9477080, 333070, 9288080, 3320070, 7979010, 3811020];[04:02, 04:32, 04:45, 05:13, 05:28, 05:35, 05:35, 05:35, 05:43, 06:05, 06:10, 06:10, 06:10, 06:20, 06:27, 06:50, 06:50, 06:50, 06:50, 07:05, 07:20, 07:25, 07:25, 07:25, 07:35, 07:50, 07:50, 07:50, 07:50, 08:05, 08:15, 08:15, 08:15, 08:20, 08:35, 08:40, 08:40, 08:40, 08:50, 09:05, 09:05, 09:05, 09:05, 09:25, 09:30, 09:30, 09:30, 09:45, 09:50, 09:50, 09:50, 10:05, 10:15, 10:15, 10:15, 10:25, 10:40, 10:40, 10:40, 10:45, 11:00, 11:00, 11:00, 11:05, 11:25, 11:25, 11:25, 11:25, 11:45, 11:50, 11:50, 11:50, 12:03, 12:15, 12:15, 12:15, 12:25, 12:38, 12:45, 12:45, 12:45, 12:56, 13:10, 13:10, 13:10, 13:25, 13:35, 13:35, 13:35, 13:40, 14:00, 14:00, 14:00, 14:00, 14:12, 14:25, 14:25, 14:25, 14:30, 14:45, 14:50, 14:50, 14:50, 15:00, 15:15, 15:15, 15:15, 15:15, 15:30, 15:40, 15:40, 15:40, 15:45, 16:00, 16:05, 16:05, 16:05, 16:15, 16:30, 16:30, 16:30, 16:30, 16:45, 16:55, 16:55, 16:55, 17:00, 17:15, 17:20, 17:20, 17:20, 17:30, 17:45, 17:45, 17:45, 17:45, 18:00, 18:10, 18:10, 18:10, 18:15, 18:30, 18:35, 18:35, 18:35, 18:55, 19:00, 19:00, 19:00, 19:25, 19:25, 19:25, 19:25, 19:50, 19:50, 19:50, 19:50, 20:20, 20:20, 20:20, 20:20, 20:48, 20:50, 20:50, 20:50, 21:20, 21:20, 21:20, 21:20, 21:50, 21:50, 21:50, 21:50, 22:20, 22:50, 22:55, 22:55, 22:55, 23:20, 23:45, 23:45, 23:45, 23:56, 24:26, 24:35, 24:35, 24:35, 25:15, 25:15, 25:15, 25:42];[[0, 1, 2, 3, 4], [0, 1, 2, 3, 4], [0, 1, 2, 3, 4], [0, 1, 2, 3, 4], [0, 1, 2, 3, 4], [6], [5], [], [0, 1, 2, 3, 4], [0, 1, 2, 3, 4], [], [5], [6], [0, 1, 2, 3, 4], [0, 1, 2, 3, 4], [5], [0, 1, 2, 3, 4], [6], [], [0, 1, 2, 3, 4], [0, 1, 2, 3, 4], [], [5], [6], [0, 1, 2, 3, 4], [], [6], [5], [0, 1, 2, 3, 4], [0, 1, 2, 3, 4], [5], [6], [], [0, 1, 2, 3, 4], [0, 1, 2, 3, 4], [6], [], [5], [0, 1, 2, 3, 4], [5], [], [0, 1, 2, 3, 4], [6], [0, 1, 2, 3, 4], [5], [], [6], [0, 1, 2, 3, 4], [5], [6], [], [0, 1, 2, 3, 4], [5], [], [6], [0, 1, 2, 3, 4], [5], [6], [], [0, 1, 2, 3, 4], [6], [5], [], [0, 1, 2, 3, 4], [6], [5], [], [0, 1, 2, 3, 4], [0, 1, 2, 3, 4], [5], [], [6], [0, 1, 2, 3, 4], [5], [], [6], [0, 1, 2, 3, 4], [0, 1, 2, 3, 4], [6], [5], [], [0, 1, 2, 3, 4], [5], [6], [], [0, 1, 2, 3, 4], [5], [], [6], [0, 1, 2, 3, 4], [], [6], [5], [0, 1, 2, 3, 4], [0, 1, 2, 3, 4], [5], [], [6], [0, 1, 2, 3, 4], [0, 1, 2, 3, 4], [6], [5], [], [0, 1, 2, 3, 4], [6], [0, 1, 2, 3, 4], [5], [], [0, 1, 2, 3, 4], [6], [5], [], [0, 1, 2, 3, 4], [0, 1, 2, 3, 4], [5], [], [6], [0, 1, 2, 3, 4], [0, 1, 2, 3, 4], [], [6], [5], [0, 1, 2, 3, 4], [6], [], [5], [0, 1, 2, 3, 4], [0, 1, 2, 3, 4], [5], [6], [], [0, 1, 2, 3, 4], [6], [0, 1, 2, 3, 4], [5], [], [0, 1, 2, 3, 4], [], [6], [5], [0, 1, 2, 3, 4], [0, 1, 2, 3, 4], [], [6], [5], [0, 1, 2, 3, 4], [], [5], [6], [5], [6], [0, 1, 2, 3, 4], [], [], [6], [5], [0, 1, 2, 3, 4], [], [5], [0, 1, 2, 3, 4], [6], [0, 1, 2, 3, 4], [], [5], [6], [0, 1, 2, 3, 4], [6], [5], [], [5], [6], [0, 1, 2, 3, 4], [], [0, 1, 2, 3, 4], [0, 1, 2, 3, 4], [5], [], [6], [0, 1, 2, 3, 4], [6], [5], [], [0, 1, 2, 3, 4], [0, 1, 2, 3, 4], [6], [], [5], [], [5], [6], [0, 1, 2, 3, 4]]
423;Central Tysons - Tysons Corner Metr;[5213020, 6834020, 8900020, 4844020, 2353020, 6336020, 9317020, 525020, 1851020, 484010, 8292080, 7198070, 818020, 1591010, 8080070, 8568080, 1116020, 1486020, 9130070, 4164010, 6484080, 9668020, 6749020, 4985010, 1010020, 8232080, 9442070, 9738020, 4521070, 4165010, 9634080, 4519020, 4203020, 7951080, 9565010, 6329070, 1469020, 8552020, 8618080, 9758010, 373020, 8799070, 2043020, 5692070, 6218080, 1409010, 4024020, 1354070, 6820010, 2315080, 62020, 1277080, 1095070, 700010, 5479070, 4825020, 5347080, 5426010, 4061020, 5000080, 1968010, 3161070, 1969010, 8426080, 4801070, 5577020, 7908020, 348080, 6434010, 3867070, 2683070, 2620080, 7338010, 4354020, 6560070, 5954020, 6760010, 783080, 9697020, 8110010, 3613070, 9118080, 6035070, 5566010, 6874020, 765080, 8517080, 6844070, 9468020, 7660010, 329020, 4864080, 7274010, 7973070, 5363070, 6319010, 2338020, 7208080, 3661070, 3943020, 9694080, 2033010, 2409010, 2949070, 3381080, 7374020, 8542070, 6501080, 3559010, 8500020, 1295070, 3016020, 4257080, 8940010, 3410020, 4919020, 7974070, 742010, 6485080, 6924020, 8429070, 1218010, 5460020, 5807080, 2947020, 4066010, 4911080, 7671020, 5293070, 8696020, 3431080, 5262010, 2608020, 5808070, 4208020, 5979070, 306080, 6730010, 2502020, 1371020, 5744020, 909080, 239010, 2543070, 2530020, 1557080, 2410010, 5301020, 5743070, 6575020, 9631070, 2960020, 340080, 9107010, 5376020, 108080, 9920070, 4204020, 9168010, 4046020, 240010, 8036080, 7530070, 8364020, 2969010, 4139070, 6795080, 94010, 9915020, 6117070, 7209080, 3748020, 7473020, 523020, 7655020, 1258020, 9066020];[05:30, 05:50, 06:00, 06:10, 06:20, 06:30, 06:40, 06:50, 07:00, 07:00, 07:00, 07:00, 07:10, 07:20, 07:20, 07:20, 07:20, 07:30, 07:40, 07:40, 07:40, 07:40, 07:50, 08:00, 08:00, 08:00, 08:00, 08:10, 08:20, 08:20, 08:20, 08:20, 08:30, 08:40, 08:40, 08:40, 08:40, 08:50, 09:00, 09:00, 09:00, 09:00, 09:20, 09:20, 09:20, 09:20, 09:40, 09:40, 09:40, 09:40, 10:00, 10:00, 10:00, 10:00, 10:20, 10:20, 10:20, 10:20, 10:40, 10:40, 10:40, 10:40, 11:00, 11:00, 11:00, 11:00, 11:20, 11:20, 11:20, 11:20, 11:40, 11:40, 11:40, 11:40, 12:00, 12:00, 12:00, 12:00, 12:20, 12:20, 12:20, 12:20, 12:40, 12:40, 12:40, 12:40, 13:00, 13:00, 13:00, 13:00, 13:20, 13:20, 13:20, 13:20, 13:40, 13:40, 13:40, 13:40, 14:00, 14:00, 14:00, 14:00, 14:20, 14:20, 14:20, 14:20, 14:40, 14:40, 14:40, 14:40, 15:00, 15:00, 15:00, 15:00, 15:10, 15:20, 15:20, 15:20, 15:20, 15:30, 15:40, 15:40, 15:40, 15:40, 15:50, 16:00, 16:00, 16:00, 16:00, 16:10, 16:20, 16:20, 16:20, 16:20, 16:30, 16:40, 16:40, 16:40, 16:40, 16:50, 17:00, 17:00, 17:00, 17:00, 17:10, 17:20, 17:20, 17:20, 17:20, 17:30, 17:40, 17:40, 17:40, 17:40, 17:50, 18:00, 18:00, 18:00, 18:00, 18:20, 18:20, 18:20, 18:20, 18:40, 18:40, 18:40, 18:40, 19:00, 19:00, 19:00, 19:00, 19:20, 19:40, 20:00, 20:20, 20:40, 21:00];[[0, 1, 2, 3, 4], [0, 1, 2, 3, 4], [0, 1, 2, 3, 4], [0, 1, 2, 3, 4], [0, 1, 2, 3, 4], [0, 1, 2, 3, 4], [0, 1, 2, 3, 4], [0, 1, 2, 3, 4], [0, 1, 2, 3, 4], [6], [], [5], [0, 1, 2, 3, 4], [6], [5], [], [0, 1, 2, 3, 4], [0, 1, 2, 3, 4], [5], [6], [], [0, 1, 2, 3, 4], [0, 1, 2, 3, 4], [6], [0, 1, 2, 3, 4], [], [5], [0, 1, 2, 3, 4], [5], [6], [], [0, 1, 2, 3, 4], [0, 1, 2, 3, 4], [], [6], [5], [0, 1, 2, 3, 4], [0, 1, 2, 3, 4], [], [6], [0, 1, 2, 3, 4], [5], [0, 1, 2, 3, 4], [5], [], [6], [0, 1, 2, 3, 4], [5], [6], [], [0, 1, 2, 3, 4], [], [5], [6], [5], [0, 1, 2, 3, 4], [], [6], [0, 1, 2, 3, 4], [], [6], [5], [6], [], [5], [0, 1, 2, 3, 4], [0, 1, 2, 3, 4], [], [6], [5], [5], [], [6], [0, 1, 2, 3, 4], [5], [0, 1, 2, 3, 4], [6], [], [0, 1, 2, 3, 4], [6], [5], [], [5], [6], [0, 1, 2, 3, 4], [], [], [5], [0, 1, 2, 3, 4], [6], [0, 1, 2, 3, 4], [], [6], [5], [5], [6], [0, 1, 2, 3, 4], [], [5], [0, 1, 2, 3, 4], [], [6], [6], [5], [], [0, 1, 2, 3, 4], [5], [], [6], [0, 1, 2, 3, 4], [5], [0, 1, 2, 3, 4], [], [6], [0, 1, 2, 3, 4], [0, 1, 2, 3, 4], [5], [6], [], [0, 1, 2, 3, 4], [5], [6], [0, 1, 2, 3, 4], [], [0, 1, 2, 3, 4], [6], [], [0, 1, 2, 3, 4], [5], [0, 1, 2, 3, 4], [], [6], [0, 1, 2, 3, 4], [5], [0, 1, 2, 3, 4], [5], [], [6], [0, 1, 2, 3, 4], [0, 1, 2, 3, 4], [0, 1, 2, 3, 4], [], [6], [5], [0, 1, 2, 3, 4], [], [6], [0, 1, 2, 3, 4], [5], [0, 1, 2, 3, 4], [5], [0, 1, 2, 3, 4], [], [6], [0, 1, 2, 3, 4], [], [5], [0, 1, 2, 3, 4], [6], [0, 1, 2, 3, 4], [6], [], [5], [0, 1, 2, 3, 4], [6], [5], [], [6], [0, 1, 2, 3, 4], [5], [], [0, 1, 2, 3, 4], [0, 1, 2, 3, 4], [0, 1, 2, 3, 4], [0, 1, 2, 3, 4], [0, 1, 2, 3, 4], [0, 1, 2, 3, 4]]
427;Spring Hill Metro- Farm Credit;[3081020, 9078020, 3105020, 9105020, 2112020, 3726020, 5634020, 7627020, 1426020, 2762020, 4007020, 9572020, 6939020, 3759020, 164020, 1268020, 2117020, 9916020, 2618020, 7414020, 8473020, 1680020, 7950020, 2080020, 6521020, 7767020, 4360020, 8927020, 4450020, 1719020, 8284020, 6891020, 2069020, 7706020, 2713020, 5197020, 3913020, 3438020, 8567020, 262020];[06:00, 06:00, 06:20, 06:20, 06:40, 06:40, 07:00, 07:00, 07:20, 07:20, 07:40, 07:40, 08:00, 08:00, 08:20, 08:20, 08:40, 08:40, 09:00, 09:00, 15:30, 15:30, 15:50, 15:50, 16:10, 16:10, 16:30, 16:30, 16:50, 16:50, 17:10, 17:10, 17:30, 17:30, 17:50, 17:50, 18:10, 18:10, 18:30, 18:30];[[0, 1, 2, 3, 4], [0, 1, 2, 3, 4], [0, 1, 2, 3, 4], [0, 1, 2, 3, 4], [0, 1, 2, 3, 4], [0, 1, 2, 3, 4], [0, 1, 2, 3, 4], [0, 1, 2, 3, 4], [0, 1, 2, 3, 4], [0, 1, 2, 3, 4], [0, 1, 2, 3, 4], [0, 1, 2, 3, 4], [0, 1, 2, 3, 4], [0, 1, 2, 3, 4], [0, 1, 2, 3, 4], [0, 1, 2, 3, 4], [0, 1, 2, 3, 4], [0, 1, 2, 3, 4], [0, 1, 2, 3, 4], [0, 1, 2, 3, 4], [0, 1, 2, 3, 4], [0, 1, 2, 3, 4], [0, 1, 2, 3, 4], [0, 1, 2, 3, 4], [0, 1, 2, 3, 4], [0, 1, 2, 3, 4], [0, 1, 2, 3, 4], [0, 1, 2, 3, 4], [0, 1, 2, 3, 4], [0, 1, 2, 3, 4], [0, 1, 2, 3, 4], [0, 1, 2, 3, 4], [0, 1, 2, 3, 4], [0, 1, 2, 3, 4], [0, 1, 2, 3, 4], [0, 1, 2, 3, 4], [0, 1, 2, 3, 4], [0, 1, 2, 3, 4], [0, 1, 2, 3, 4], [0, 1, 2, 3, 4]]
432;Old Courthouse - Beulah;[9048020, 6603020, 2681020, 6246020, 1804020, 24020, 3395020, 5620020, 6835020, 3531020, 3487020, 1645020, 4735020, 5063020, 3825020, 7110020, 7923020, 7320020, 4576020, 809020, 1217020, 9189020, 3525020];[05:31, 05:50, 06:11, 06:30, 06:51, 07:10, 07:31, 07:50, 08:11, 08:30, 08:51, 15:27, 15:30, 15:51, 16:10, 16:31, 16:50, 17:11, 17:30, 17:51, 18:10, 18:31, 18:50];[[0, 1, 2, 3, 4], [0, 1, 2, 3, 4], [0, 1, 2, 3, 4], [0, 1, 2, 3, 4], [0, 1, 2, 3, 4], [0, 1, 2, 3, 4], [0, 1, 2, 3, 4], [0, 1, 2, 3, 4], [0, 1, 2, 3, 4], [0, 1, 2, 3, 4], [0, 1, 2, 3, 4], [0, 1, 2, 3, 4], [0, 1, 2, 3, 4], [0, 1, 2, 3, 4], [0, 1, 2, 3, 4], [0, 1, 2, 3, 4], [0, 1, 2, 3, 4], [0, 1, 2, 3, 4], [0, 1, 2, 3, 4], [0, 1, 2, 3, 4], [0, 1, 2, 3, 4], [0, 1, 2, 3, 4], [0, 1, 2, 3, 4]]
461;VIENNA-OAKTON;[4035020, 9935020, 5579020, 8369020, 1548020, 6621020, 910020, 4921020, 8978020, 1813020, 437020, 776020, 5107020, 3739020, 9577020, 9699020, 537020, 1018020, 4701020, 7717020, 3877020, 5018020, 3227020, 7413020, 5975020, 6462020, 511020, 3098020];[06:00, 06:20, 06:40, 07:00, 07:20, 07:40, 08:00, 08:20, 08:40, 09:20, 10:00, 10:40, 11:20, 12:00, 13:20, 14:00, 14:40, 15:20, 16:00, 16:20, 16:40, 17:00, 17:20, 17:40, 18:00, 18:20, 18:40, 19:20];[[0, 1, 2, 3, 4], [0, 1, 2, 3, 4], [0, 1, 2, 3, 4], [0, 1, 2, 3, 4], [0, 1, 2, 3, 4], [0, 1, 2, 3, 4], [0, 1, 2, 3, 4], [0, 1, 2, 3, 4], [0, 1, 2, 3, 4], [0, 1, 2, 3, 4], [0, 1, 2, 3, 4], [0, 1, 2, 3, 4], [0, 1, 2, 3, 4], [0, 1, 2, 3, 4], [0, 1, 2, 3, 4], [0, 1, 2, 3, 4], [0, 1, 2, 3, 4], [0, 1, 2, 3, 4], [0, 1, 2, 3, 4], [0, 1, 2, 3, 4], [0, 1, 2, 3, 4], [0, 1, 2, 3, 4], [0, 1, 2, 3, 4], [0, 1, 2, 3, 4], [0, 1, 2, 3, 4], [0, 1, 2, 3, 4], [0, 1, 2, 3, 4], [0, 1, 2, 3, 4]]
462;Dunn Loring - Navy Federal - Tysons;[4091020, 5181020, 528020, 7673020, 4017020, 4956020, 5635020, 4284020, 9829020, 1583020, 4220020, 675020, 2473020, 6684020, 4963020, 5099020, 7650020, 1339020, 4326020, 364020, 7850020, 3306020, 6740020, 5456020, 6804020, 1863020, 1739020, 8016020, 3514020, 4848020];[05:15, 05:45, 05:50, 06:20, 06:21, 06:55, 06:55, 07:20, 07:30, 07:40, 07:55, 08:10, 08:15, 08:40, 08:50, 15:50, 16:00, 16:10, 16:30, 16:40, 17:00, 17:10, 17:30, 17:45, 18:00, 18:10, 18:30, 18:45, 19:00, 19:10];[[0, 1, 2, 3, 4], [0, 1, 2, 3, 4], [0, 1, 2, 3, 4], [0, 1, 2, 3, 4], [0, 1, 2, 3, 4], [0, 1, 2, 3, 4], [0, 1, 2, 3, 4], [0, 1, 2, 3, 4], [0, 1, 2, 3, 4], [0, 1, 2, 3, 4], [0, 1, 2, 3, 4], [0, 1, 2, 3, 4], [0, 1, 2, 3, 4], [0, 1, 2, 3, 4], [0, 1, 2, 3, 4], [0, 1, 2, 3, 4], [0, 1, 2, 3, 4], [0, 1, 2, 3, 4], [0, 1, 2, 3, 4], [0, 1, 2, 3, 4], [0, 1, 2, 3, 4], [0, 1, 2, 3, 4], [0, 1, 2, 3, 4], [0, 1, 2, 3, 4], [0, 1, 2, 3, 4], [0, 1, 2, 3, 4], [0, 1, 2, 3, 4], [0, 1, 2, 3, 4], [0, 1, 2, 3, 4], [0, 1, 2, 3, 4]]
463;Maple Avenue - Tysons;[1376020, 2240020, 9676020, 2397070, 4835080, 5797020, 2194020, 2291020, 935070, 8752080, 8015020, 8435020, 4718020, 3245080, 7890070, 4155010, 5395020, 1227020, 6219020, 6555070, 8513010, 4251080, 3618020, 8054020, 1947020, 4692080, 263070, 3800010, 8518020, 5798020, 4936020, 6346070, 1908080, 8361080, 9775010, 5204070, 2175020, 7353020, 4793070, 6803080, 6841010, 5100080, 8905070, 6185020, 4027020, 5041070, 1762080, 1355070, 8002080, 6610010, 7603020, 243020, 8386080, 4623070, 1732010, 2382070, 7467080, 4462020, 8665020, 2121070, 5586080, 8066070, 4806010, 4026080, 5056020, 2483020, 3177070, 238010, 1926080, 8981070, 1841080, 6287020, 4994020, 4092070, 455080, 9780080, 8647070, 7255010, 9598020, 2114020, 6606080, 646070, 7246010, 2889070, 602080, 1106020, 2833020, 8588080, 7164070, 7127010, 3663070, 7257080, 3068020, 8505020, 5636080, 2359010, 1435070, 619080, 1573070, 5915020, 9174020, 3944070, 5393080, 6322080, 7780070, 3391010, 3162020, 9158020, 2474070, 7795010, 681080, 8494080, 4582070, 7707020, 6816020, 1399070, 6260080, 3433080, 2789010, 7675070, 1397020, 936020, 5303080, 4221070, 5818010, 4207080, 7049070, 9159020, 4591020, 1279070, 3135080, 6617020, 1845020, 4105010, 5637080, 7602070, 8143020, 4881020, 1542080, 4464010, 2824070, 7267080, 9591070, 408020, 167020, 9569070, 867080, 2120070, 4409080, 5146010, 819020, 2191020, 4857070, 1983010, 1807080, 780070, 990080, 5235020, 3594020, 8451070, 3983080, 1378080, 3955070, 4281010, 4460020, 1064020, 7848020, 5869080, 3996070, 7399010, 7939020, 6930080, 5831070, 8699070, 9773080, 1015020, 1866070, 4637010, 8213080, 4489020, 3481080, 7185010, 7150070, 7317020, 7141080, 8240020, 6532070, 529020, 3872020, 1992080, 1065070, 8489010, 6750070, 6561080, 5792010, 3541020, 9067020, 8759020, 168020, 6093080, 436070, 4543010, 2684070, 4185020, 710080, 1278020, 8943020, 2763070, 8664080, 9097020, 4858080, 4261020, 4481070, 3085020, 207020, 4995020, 6006080, 2045070, 3652020, 264080, 4993070, 6491020, 6531020];[05:05, 05:35, 05:45, 06:00, 06:00, 06:05, 06:15, 06:25, 06:30, 06:30, 06:35, 06:45, 06:55, 07:00, 07:00, 07:00, 07:05, 07:15, 07:25, 07:30, 07:30, 07:30, 07:35, 07:45, 07:55, 08:00, 08:00, 08:00, 08:05, 08:15, 08:25, 08:30, 08:30, 08:30, 08:30, 08:30, 08:35, 08:45, 09:00, 09:00, 09:00, 09:00, 09:00, 09:05, 09:05, 09:30, 09:30, 09:30, 09:30, 09:30, 09:35, 09:35, 10:00, 10:00, 10:00, 10:00, 10:00, 10:05, 10:05, 10:30, 10:30, 10:30, 10:30, 10:30, 10:35, 10:35, 11:00, 11:00, 11:00, 11:00, 11:00, 11:05, 11:05, 11:30, 11:30, 11:30, 11:30, 11:30, 11:35, 11:35, 12:00, 12:00, 12:00, 12:00, 12:00, 12:05, 12:05, 12:30, 12:30, 12:30, 12:30, 12:30, 12:35, 12:35, 13:00, 13:00, 13:00, 13:00, 13:00, 13:05, 13:05, 13:30, 13:30, 13:30, 13:30, 13:30, 13:35, 13:35, 14:00, 14:00, 14:00, 14:00, 14:00, 14:05, 14:05, 14:30, 14:30, 14:30, 14:30, 14:30, 14:35, 14:35, 15:00, 15:00, 15:00, 15:00, 15:00, 15:05, 15:05, 15:30, 15:30, 15:30, 15:30, 15:30, 15:30, 15:30, 15:55, 15:55, 16:00, 16:00, 16:00, 16:00, 16:00, 16:20, 16:20, 16:30, 16:30, 16:30, 16:30, 16:30, 16:45, 16:45, 17:00, 17:00, 17:00, 17:00, 17:00, 17:10, 17:10, 17:30, 17:30, 17:30, 17:30, 17:30, 17:35, 17:35, 18:00, 18:00, 18:00, 18:00, 18:00, 18:00, 18:00, 18:30, 18:30, 18:30, 18:30, 18:30, 18:30, 18:30, 19:00, 19:00, 19:00, 19:00, 19:00, 19:00, 19:00, 19:30, 19:30, 19:30, 19:30, 19:30, 20:00, 20:00, 20:00, 20:00, 20:00, 20:30, 20:30, 20:30, 20:30, 20:30, 21:00, 21:00, 21:00, 21:00, 21:30, 21:30, 21:30, 21:30, 22:00, 22:00, 22:00, 22:00, 22:30, 22:30, 22:30, 22:30, 23:00, 23:00, 23:00, 23:00, 23:30];[[0, 1, 2, 3, 4], [0, 1, 2, 3, 4], [0, 1, 2, 3, 4], [5], [], [0, 1, 2, 3, 4], [0, 1, 2, 3, 4], [0, 1, 2, 3, 4], [5], [], [0, 1, 2, 3, 4], [0, 1, 2, 3, 4], [0, 1, 2, 3, 4], [], [5], [6], [0, 1, 2, 3, 4], [0, 1, 2, 3, 4], [0, 1, 2, 3, 4], [5], [6], [], [0, 1, 2, 3, 4], [0, 1, 2, 3, 4], [0, 1, 2, 3, 4], [], [5], [6], [0, 1, 2, 3, 4], [0, 1, 2, 3, 4], [0, 1, 2, 3, 4], [5], [], [], [6], [5], [0, 1, 2, 3, 4], [0, 1, 2, 3, 4], [5], [], [6], [], [5], [0, 1, 2, 3, 4], [0, 1, 2, 3, 4], [5], [], [5], [], [6], [0, 1, 2, 3, 4], [0, 1, 2, 3, 4], [], [5], [6], [5], [], [0, 1, 2, 3, 4], [0, 1, 2, 3, 4], [5], [], [5], [6], [], [0, 1, 2, 3, 4], [0, 1, 2, 3, 4], [5], [6], [], [5], [], [0, 1, 2, 3, 4], [0, 1, 2, 3, 4], [5], [], [], [5], [6], [0, 1, 2, 3, 4], [0, 1, 2, 3, 4], [], [5], [6], [5], [], [0, 1, 2, 3, 4], [0, 1, 2, 3, 4], [], [5], [6], [5], [], [0, 1, 2, 3, 4], [0, 1, 2, 3, 4], [], [6], [5], [], [5], [0, 1, 2, 3, 4], [0, 1, 2, 3, 4], [5], [], [], [5], [6], [0, 1, 2, 3, 4], [0, 1, 2, 3, 4], [5], [6], [], [], [5], [0, 1, 2, 3, 4], [0, 1, 2, 3, 4], [5], [], [], [6], [5], [0, 1, 2, 3, 4], [0, 1, 2, 3, 4], [], [5], [6], [], [5], [0, 1, 2, 3, 4], [0, 1, 2, 3, 4], [5], [], [0, 1, 2, 3, 4], [0, 1, 2, 3, 4], [6], [], [5], [0, 1, 2, 3, 4], [0, 1, 2, 3, 4], [], [6], [5], [], [5], [0, 1, 2, 3, 4], [0, 1, 2, 3, 4], [5], [], [5], [], [6], [0, 1, 2, 3, 4], [0, 1, 2, 3, 4], [5], [6], [], [5], [], [0, 1, 2, 3, 4], [0, 1, 2, 3, 4], [5], [], [], [5], [6], [0, 1, 2, 3, 4], [0, 1, 2, 3, 4], [0, 1, 2, 3, 4], [], [5], [6], [0, 1, 2, 3, 4], [], [5], [5], [], [0, 1, 2, 3, 4], [5], [6], [], [0, 1, 2, 3, 4], [], [6], [5], [0, 1, 2, 3, 4], [], [0, 1, 2, 3, 4], [5], [0, 1, 2, 3, 4], [0, 1, 2, 3, 4], [], [5], [6], [5], [], [6], [0, 1, 2, 3, 4], [0, 1, 2, 3, 4], [0, 1, 2, 3, 4], [0, 1, 2, 3, 4], [], [5], [6], [5], [0, 1, 2, 3, 4], [], [0, 1, 2, 3, 4], [0, 1, 2, 3, 4], [5], [], [0, 1, 2, 3, 4], [], [0, 1, 2, 3, 4], [5], [0, 1, 2, 3, 4], [0, 1, 2, 3, 4], [0, 1, 2, 3, 4], [], [5], [0, 1, 2, 3, 4], [], [5], [0, 1, 2, 3, 4], [0, 1, 2, 3, 4]]
467;Dunn Loring - Tysons;[865070, 3211080, 8285080, 1487070, 4272070, 2044080, 8460080, 2279070, 9340070, 8822080, 7334080, 7567070, 1022010, 8014070, 1203080, 9249080, 7186010, 2260070, 2619080, 6330020, 8761010, 3018070, 8233020, 4248010, 2661070, 4673080, 2157020, 7692070, 3886080, 5147010, 2241020, 4817070, 6064080, 853010, 677010, 6582080, 1980070, 9934020, 570020, 8789010, 3488070, 8209080, 3301070, 8065080, 7048020, 6719010, 769020, 9541070, 4099080, 3040010, 7129010, 9179080, 2952020, 9443070, 6356020, 7522010, 9482070, 5438080, 1805080, 5775010, 33070, 3868020, 9484020, 7693070, 1151080, 4192010, 2823070, 7527080, 4507020, 4224010, 6343020, 5431080, 136070, 2588010, 9166080, 1850070, 8559020, 4034010, 3136020, 8312070, 4292080, 4499010, 2512010, 6065080, 9283070, 1892020, 5825020, 2723080, 6883070, 2443010, 6569010, 6878080, 8543070, 838020, 6104010, 8616080, 7250070, 6489010, 5020070, 5433080, 3820010, 5899070, 8427080, 8790010, 8528070, 4090080, 5742080, 6687010, 3382070, 6036080, 3790010, 4561070, 8553080, 1225010, 7628070, 1252080, 1152070, 2071010, 1447070, 8008010, 4653080, 8363080, 9201010, 7775070, 5318010, 8758080, 9363070, 1102010, 32070, 5889080, 7991010, 8846070, 3612080, 6904070, 4640010, 7119080, 1904020, 6982020, 2269070, 4548010, 8975080, 2030010, 7866080, 3383070, 9306020, 1943020, 1143080, 3489070, 7476070, 6453080, 1589020, 8991020, 3300080, 6454070, 4816080, 7306070, 9864020, 9536020, 764070, 8569080, 7548080, 5480070, 5134020, 7210070, 3333080, 6519070, 2290080, 5385020];[06:20, 06:20, 07:00, 07:00, 07:00, 07:00, 07:40, 07:40, 07:40, 07:40, 08:20, 08:20, 08:20, 08:20, 08:20, 09:00, 09:00, 09:00, 09:00, 09:00, 09:00, 09:00, 09:38, 09:40, 09:40, 09:40, 09:40, 09:40, 09:40, 09:40, 10:18, 10:20, 10:20, 10:20, 10:20, 10:20, 10:20, 10:20, 10:58, 11:00, 11:00, 11:00, 11:00, 11:00, 11:00, 11:00, 11:38, 11:40, 11:40, 11:40, 11:40, 11:40, 11:40, 11:40, 12:18, 12:20, 12:20, 12:20, 12:20, 12:20, 12:20, 12:20, 12:58, 13:00, 13:00, 13:00, 13:00, 13:00, 13:00, 13:00, 13:38, 13:40, 13:40, 13:40, 13:40, 13:40, 13:40, 13:40, 14:18, 14:20, 14:20, 14:20, 14:20, 14:20, 14:20, 14:20, 14:58, 15:00, 15:00, 15:00, 15:00, 15:00, 15:00, 15:00, 15:40, 15:40, 15:40, 15:40, 15:40, 15:40, 16:20, 16:20, 16:20, 16:20, 16:20, 16:20, 17:00, 17:00, 17:00, 17:00, 17:00, 17:00, 17:40, 17:40, 17:40, 17:40, 17:40, 17:40, 18:20, 18:20, 18:20, 18:20, 18:20, 18:20, 19:00, 19:00, 19:00, 19:00, 19:00, 19:00, 19:40, 19:40, 19:40, 19:40, 19:40, 19:40, 19:58, 20:00, 20:20, 20:20, 20:20, 20:20, 20:20, 20:20, 20:38, 20:40, 21:00, 21:00, 21:00, 21:00, 21:18, 21:20, 21:40, 21:40, 21:40, 21:40, 21:58, 22:00, 22:20, 22:20, 22:20, 22:20, 22:40, 23:00, 23:00, 23:00, 23:00, 23:18];[[5], [], [], [5], [5], [], [], [5], [5], [], [], [5], [6], [5], [], [], [6], [5], [], [0, 1, 2, 3, 4], [6], [5], [0, 1, 2, 3, 4], [6], [5], [], [0, 1, 2, 3, 4], [5], [], [6], [0, 1, 2, 3, 4], [5], [], [6], [6], [], [5], [0, 1, 2, 3, 4], [0, 1, 2, 3, 4], [6], [5], [], [5], [], [0, 1, 2, 3, 4], [6], [0, 1, 2, 3, 4], [5], [], [6], [6], [], [0, 1, 2, 3, 4], [5], [0, 1, 2, 3, 4], [6], [5], [], [], [6], [5], [0, 1, 2, 3, 4], [0, 1, 2, 3, 4], [5], [], [6], [5], [], [0, 1, 2, 3, 4], [6], [0, 1, 2, 3, 4], [], [5], [6], [], [5], [0, 1, 2, 3, 4], [6], [0, 1, 2, 3, 4], [5], [], [6], [6], [], [5], [0, 1, 2, 3, 4], [0, 1, 2, 3, 4], [], [5], [6], [6], [], [5], [0, 1, 2, 3, 4], [6], [], [5], [6], [5], [], [6], [5], [], [6], [5], [], [], [6], [5], [], [6], [5], [], [6], [5], [], [5], [6], [5], [6], [], [], [6], [5], [6], [], [5], [6], [5], [], [6], [5], [], [5], [6], [], [0, 1, 2, 3, 4], [0, 1, 2, 3, 4], [5], [6], [], [6], [], [5], [0, 1, 2, 3, 4], [0, 1, 2, 3, 4], [], [5], [5], [], [0, 1, 2, 3, 4], [0, 1, 2, 3, 4], [], [5], [], [5], [0, 1, 2, 3, 4], [0, 1, 2, 3, 4], [5], [], [], [5], [0, 1, 2, 3, 4], [5], [], [5], [], [0, 1, 2, 3, 4]]
480;Wolf Trap Special Shuttle;[];[];[]
494;Springfield - Tysons;[4699020, 5246020, 8628020, 3628020, 6029020, 9781020, 9990020, 4438020, 7100020, 6276020, 8753020, 3233020, 2656020, 8204020, 3875020, 7403020, 9907020, 7311020, 2836020, 7508020, 3717020, 6622020, 8931020, 8241020, 2211020, 8250020, 6951020, 799020, 6027020, 1575020, 9211020, 1919020, 4598020, 1927020, 5533020, 1820020, 2374020, 7876020, 1130020, 7260020, 7082020, 5595020, 157020, 6354020, 3579020, 7526020, 9979020, 8703020, 8773020, 6071020, 7823020, 8219020, 387020, 1790020, 4458020, 1301020, 3283020, 9783020, 1516020, 5974020, 7436020, 916020, 9208020, 912020, 1117020, 5463020];[05:00, 05:27, 06:00, 06:15, 06:27, 06:30, 06:45, 06:46, 07:00, 07:01, 07:15, 07:16, 07:30, 07:31, 07:45, 07:49, 08:00, 08:04, 08:15, 08:22, 08:30, 08:37, 08:45, 08:52, 09:00, 09:07, 09:27, 10:15, 10:42, 11:15, 11:42, 12:15, 12:42, 13:15, 13:42, 14:30, 14:57, 15:15, 15:27, 15:30, 15:42, 15:45, 15:57, 16:00, 16:12, 16:15, 16:30, 16:32, 16:45, 16:47, 17:00, 17:02, 17:17, 17:20, 17:32, 17:35, 17:50, 17:52, 18:07, 18:10, 18:22, 18:37, 19:00, 19:27, 20:00, 20:27];[[0, 1, 2, 3, 4], [0, 1, 2, 3, 4], [0, 1, 2, 3, 4], [0, 1, 2, 3, 4], [0, 1, 2, 3, 4], [0, 1, 2, 3, 4], [0, 1, 2, 3, 4], [0, 1, 2, 3, 4], [0, 1, 2, 3, 4], [0, 1, 2, 3, 4], [0, 1, 2, 3, 4], [0, 1, 2, 3, 4], [0, 1, 2, 3, 4], [0, 1, 2, 3, 4], [0, 1, 2, 3, 4], [0, 1, 2, 3, 4], [0, 1, 2, 3, 4], [0, 1, 2, 3, 4], [0, 1, 2, 3, 4], [0, 1, 2, 3, 4], [0, 1, 2, 3, 4], [0, 1, 2, 3, 4], [0, 1, 2, 3, 4], [0, 1, 2, 3, 4], [0, 1, 2, 3, 4], [0, 1, 2, 3, 4], [0, 1, 2, 3, 4], [0, 1, 2, 3, 4], [0, 1, 2, 3, 4], [0, 1, 2, 3, 4], [0, 1, 2, 3, 4], [0, 1, 2, 3, 4], [0, 1, 2, 3, 4], [0, 1, 2, 3, 4], [0, 1, 2, 3, 4], [0, 1, 2, 3, 4], [0, 1, 2, 3, 4], [0, 1, 2, 3, 4], [0, 1, 2, 3, 4], [0, 1, 2, 3, 4], [0, 1, 2, 3, 4], [0, 1, 2, 3, 4], [0, 1, 2, 3, 4], [0, 1, 2, 3, 4], [0, 1, 2, 3, 4], [0, 1, 2, 3, 4], [0, 1, 2, 3, 4], [0, 1, 2, 3, 4], [0, 1, 2, 3, 4], [0, 1, 2, 3, 4], [0, 1, 2, 3, 4], [0, 1, 2, 3, 4], [0, 1, 2, 3, 4], [0, 1, 2, 3, 4], [0, 1, 2, 3, 4], [0, 1, 2, 3, 4], [0, 1, 2, 3, 4], [0, 1, 2, 3, 4], [0, 1, 2, 3, 4], [0, 1, 2, 3, 4], [0, 1, 2, 3, 4], [0, 1, 2, 3, 4], [0, 1, 2, 3, 4], [0, 1, 2, 3, 4], [0, 1, 2, 3, 4], [0, 1, 2, 3, 4]]
495;Burke Center VRE - Tysons;[1337020, 8146020, 5676020, 4997020, 8906020, 4849020, 9106020, 323020, 3408020, 5425020, 9969020, 4621020, 1244020];[06:10, 06:45, 07:20, 07:55, 08:30, 12:30, 13:00, 15:45, 16:20, 16:55, 17:30, 18:05, 18:40];[[0, 1, 2, 3, 4], [0, 1, 2, 3, 4], [0, 1, 2, 3, 4], [0, 1, 2, 3, 4], [0, 1, 2, 3, 4], [0, 1, 2, 3, 4], [0, 1, 2, 3, 4], [0, 1, 2, 3, 4], [0, 1, 2, 3, 4], [0, 1, 2, 3, 4], [0, 1, 2, 3, 4], [0, 1, 2, 3, 4], [0, 1, 2, 3, 4]]
507;Sunrise Valley - Sunset Hills;[3973020, 3920020, 9707020, 2552020, 555020, 9592020, 9959020, 7711020, 2039020, 9825020, 3482020, 7779020, 4254020, 1948020, 7930020, 1028020, 1577020, 2775020, 725020, 641020, 5084020, 1453020, 9927020, 2992020, 8788020, 9085020, 2649020, 9742020, 8200020, 9489020, 4722020, 1044020, 1314020, 8816020, 2510020];[05:15, 05:40, 06:10, 06:40, 07:08, 07:35, 08:00, 08:24, 08:48, 09:13, 09:37, 10:01, 10:25, 10:49, 11:13, 11:37, 11:58, 12:20, 12:43, 13:07, 13:31, 13:55, 14:19, 14:43, 15:07, 15:31, 15:55, 16:19, 16:43, 17:07, 17:31, 17:55, 18:19, 18:41, 19:05];[[0, 1, 2, 3, 4], [0, 1, 2, 3, 4], [0, 1, 2, 3, 4], [0, 1, 2, 3, 4], [0, 1, 2, 3, 4], [0, 1, 2, 3, 4], [0, 1, 2, 3, 4], [0, 1, 2, 3, 4], [0, 1, 2, 3, 4], [0, 1, 2, 3, 4], [0, 1, 2, 3, 4], [0, 1, 2, 3, 4], [0, 1, 2, 3, 4], [0, 1, 2, 3, 4], [0, 1, 2, 3, 4], [0, 1, 2, 3, 4], [0, 1, 2, 3, 4], [0, 1, 2, 3, 4], [0, 1, 2, 3, 4], [0, 1, 2, 3, 4], [0, 1, 2, 3, 4], [0, 1, 2, 3, 4], [0, 1, 2, 3, 4], [0, 1, 2, 3, 4], [0, 1, 2, 3, 4], [0, 1, 2, 3, 4], [0, 1, 2, 3, 4], [0, 1, 2, 3, 4], [0, 1, 2, 3, 4], [0, 1, 2, 3, 4], [0, 1, 2, 3, 4], [0, 1, 2, 3, 4], [0, 1, 2, 3, 4], [0, 1, 2, 3, 4], [0, 1, 2, 3, 4]]
552;Innovation Center - Wiehle Reston E;[655020, 1139020, 6941020, 332020, 7582020, 4890020, 8093020, 622020, 1122020, 4811020, 3898020, 5781020, 7687020, 8743020, 8169020, 7500020, 4145020, 9846020, 7491020, 3467020, 2405020, 5669020, 3536020, 6857020, 5032020, 1269020, 6942020, 6030020, 2963020, 104020, 2623020, 459020, 8397020, 5009020, 4967020, 3909020];[06:00, 06:11, 06:20, 06:31, 06:40, 06:51, 07:00, 07:11, 07:20, 07:31, 07:40, 07:51, 08:00, 08:11, 08:20, 08:31, 08:40, 08:51, 16:00, 16:11, 16:20, 16:31, 16:40, 16:51, 17:00, 17:11, 17:20, 17:31, 17:40, 17:51, 18:00, 18:11, 18:20, 18:31, 18:40, 18:51];[[0, 1, 2, 3, 4], [0, 1, 2, 3, 4], [0, 1, 2, 3, 4], [0, 1, 2, 3, 4], [0, 1, 2, 3, 4], [0, 1, 2, 3, 4], [0, 1, 2, 3, 4], [0, 1, 2, 3, 4], [0, 1, 2, 3, 4], [0, 1, 2, 3, 4], [0, 1, 2, 3, 4], [0, 1, 2, 3, 4], [0, 1, 2, 3, 4], [0, 1, 2, 3, 4], [0, 1, 2, 3, 4], [0, 1, 2, 3, 4], [0, 1, 2, 3, 4], [0, 1, 2, 3, 4], [0, 1, 2, 3, 4], [0, 1, 2, 3, 4], [0, 1, 2, 3, 4], [0, 1, 2, 3, 4], [0, 1, 2, 3, 4], [0, 1, 2, 3, 4], [0, 1, 2, 3, 4], [0, 1, 2, 3, 4], [0, 1, 2, 3, 4], [0, 1, 2, 3, 4], [0, 1, 2, 3, 4], [0, 1, 2, 3, 4], [0, 1, 2, 3, 4], [0, 1, 2, 3, 4], [0, 1, 2, 3, 4], [0, 1, 2, 3, 4], [0, 1, 2, 3, 4], [0, 1, 2, 3, 4]]
553;Kingstream - Herndon - Fox MIll;[7861020, 5011020, 7813020, 1713020, 7793020, 2076020, 882020, 9691020, 2554020, 4861020, 3796020, 896020, 4515020, 6450020, 9452020, 810020, 6368020, 5288020, 2905020, 665020, 7407020, 9428020, 9908020, 2626020, 5608020, 5359020, 8888020, 5062020, 8573020, 1370020, 3120020, 5630020, 3637020, 5865020, 832020, 378020, 5498020];[05:40, 06:00, 06:16, 06:20, 06:36, 06:40, 06:56, 07:00, 07:16, 07:20, 07:36, 07:40, 07:56, 08:00, 08:16, 08:20, 08:36, 08:56, 15:06, 15:40, 15:56, 16:00, 16:16, 16:20, 16:36, 16:40, 16:56, 17:00, 17:16, 17:20, 17:36, 17:40, 17:56, 18:00, 18:16, 18:20, 18:36];[[0, 1, 2, 3, 4], [0, 1, 2, 3, 4], [0, 1, 2, 3, 4], [0, 1, 2, 3, 4], [0, 1, 2, 3, 4], [0, 1, 2, 3, 4], [0, 1, 2, 3, 4], [0, 1, 2, 3, 4], [0, 1, 2, 3, 4], [0, 1, 2, 3, 4], [0, 1, 2, 3, 4], [0, 1, 2, 3, 4], [0, 1, 2, 3, 4], [0, 1, 2, 3, 4], [0, 1, 2, 3, 4], [0, 1, 2, 3, 4], [0, 1, 2, 3, 4], [0, 1, 2, 3, 4], [0, 1, 2, 3, 4], [0, 1, 2, 3, 4], [0, 1, 2, 3, 4], [0, 1, 2, 3, 4], [0, 1, 2, 3, 4], [0, 1, 2, 3, 4], [0, 1, 2, 3, 4], [0, 1, 2, 3, 4], [0, 1, 2, 3, 4], [0, 1, 2, 3, 4], [0, 1, 2, 3, 4], [0, 1, 2, 3, 4], [0, 1, 2, 3, 4], [0, 1, 2, 3, 4], [0, 1, 2, 3, 4], [0, 1, 2, 3, 4], [0, 1, 2, 3, 4], [0, 1, 2, 3, 4], [0, 1, 2, 3, 4]]
557;Reston South - Soapstone;[8117020, 6667020, 883020, 3959020, 538020, 8955020, 1020, 2087020, 5499020, 7170020];[05:57, 06:37, 07:17, 07:57, 08:37, 16:17, 16:57, 17:37, 18:17, 18:57];[[0, 1, 2, 3, 4], [0, 1, 2, 3, 4], [0, 1, 2, 3, 4], [0, 1, 2, 3, 4], [0, 1, 2, 3, 4], [0, 1, 2, 3, 4], [0, 1, 2, 3, 4], [0, 1, 2, 3, 4], [0, 1, 2, 3, 4], [0, 1, 2, 3, 4]]
558;Center Harbor - Wiehle;[6155020, 4287020, 6618020, 2922020, 3551020, 8056020, 381020, 7913020, 3468020, 125080, 4318010, 4511070, 1849070, 5268010, 9554080, 9503020, 2077020, 8153020, 8140020, 3933020, 2774020, 1981080, 1811070, 4556010, 9265070, 692080, 7008010, 4906020, 2391020, 4619020, 6213020, 6068020, 5228020, 5596070, 1778010, 1935080, 4791080, 327010, 5501070, 7622020, 1658010, 2354070, 7649020, 7528080, 9026070, 2934080, 9113020, 6474010, 2864020, 4880070, 5693080, 616010, 1874080, 9769010, 4106020, 9397070, 2028020, 3396080, 2535070, 5261010, 9810070, 4397080, 4455020, 6589010, 4827080, 6465010, 3706070, 7588020, 6565010, 2273020, 217080, 5622070, 3936010, 2471020, 7919080, 6772070, 1294070, 9643080, 3266010, 5035020, 7996020, 4353080, 4168070, 2098010, 5866080, 328020, 5034010, 1767070, 295020, 6506020, 3067070, 3062020, 331080, 8626010, 7429070, 6290010, 9055080, 1043020, 9047020, 2119020, 3588020, 7180020, 9449080, 2138020, 1224010, 5502070, 4729070, 6197010, 3634020, 5890080, 8918020, 8001020, 1746020, 7788020, 7773010, 3532080, 9342070, 5229020, 6662010, 3887080, 3526020, 8644070, 9248020, 2839020, 2489020, 5503070, 1361010, 1430020, 1700080, 1955080, 3005010, 9558020, 7251070, 6943010, 1917080, 7288020, 372070, 3378020, 307070, 4240080, 614010, 1723010, 8956080, 1326070, 4723020];[05:28, 05:35, 05:47, 06:05, 06:18, 06:25, 06:27, 06:45, 06:47, 06:58, 06:58, 06:58, 07:05, 07:05, 07:05, 07:05, 07:07, 07:25, 07:27, 07:45, 07:47, 07:47, 07:47, 07:47, 08:05, 08:05, 08:05, 08:05, 08:07, 08:25, 08:27, 08:45, 08:47, 08:47, 08:47, 08:47, 09:05, 09:05, 09:05, 09:05, 09:47, 09:47, 09:47, 09:47, 10:05, 10:05, 10:05, 10:05, 10:47, 10:47, 10:47, 10:47, 11:05, 11:05, 11:05, 11:05, 11:47, 11:47, 11:47, 11:47, 12:05, 12:05, 12:05, 12:05, 12:47, 12:47, 12:47, 12:47, 13:05, 13:05, 13:05, 13:05, 13:47, 13:47, 13:47, 13:47, 14:05, 14:05, 14:05, 14:05, 14:47, 14:47, 14:47, 14:47, 15:05, 15:05, 15:05, 15:05, 15:27, 15:45, 15:47, 15:47, 15:47, 15:47, 16:05, 16:05, 16:05, 16:05, 16:07, 16:25, 16:27, 16:45, 16:47, 16:47, 16:47, 16:47, 17:05, 17:05, 17:05, 17:05, 17:07, 17:25, 17:27, 17:45, 17:47, 17:47, 17:47, 17:47, 18:05, 18:05, 18:05, 18:05, 18:07, 18:25, 18:27, 18:47, 18:47, 18:47, 18:47, 19:05, 19:05, 19:05, 19:05, 19:47, 19:47, 19:47, 19:47, 20:05, 20:05, 20:05, 20:05, 20:47, 20:47, 20:47, 20:47];[[0, 1, 2, 3, 4], [0, 1, 2, 3, 4], [0, 1, 2, 3, 4], [0, 1, 2, 3, 4], [0, 1, 2, 3, 4], [0, 1, 2, 3, 4], [0, 1, 2, 3, 4], [0, 1, 2, 3, 4], [0, 1, 2, 3, 4], [], [6], [5], [5], [6], [], [0, 1, 2, 3, 4], [0, 1, 2, 3, 4], [0, 1, 2, 3, 4], [0, 1, 2, 3, 4], [0, 1, 2, 3, 4], [0, 1, 2, 3, 4], [], [5], [6], [5], [], [6], [0, 1, 2, 3, 4], [0, 1, 2, 3, 4], [0, 1, 2, 3, 4], [0, 1, 2, 3, 4], [0, 1, 2, 3, 4], [0, 1, 2, 3, 4], [5], [6], [], [], [6], [5], [0, 1, 2, 3, 4], [6], [5], [0, 1, 2, 3, 4], [], [5], [], [0, 1, 2, 3, 4], [6], [0, 1, 2, 3, 4], [5], [], [6], [], [6], [0, 1, 2, 3, 4], [5], [0, 1, 2, 3, 4], [], [5], [6], [5], [], [0, 1, 2, 3, 4], [6], [], [6], [5], [0, 1, 2, 3, 4], [6], [0, 1, 2, 3, 4], [], [5], [6], [0, 1, 2, 3, 4], [], [5], [5], [], [6], [0, 1, 2, 3, 4], [0, 1, 2, 3, 4], [], [5], [6], [], [0, 1, 2, 3, 4], [6], [5], [0, 1, 2, 3, 4], [0, 1, 2, 3, 4], [5], [0, 1, 2, 3, 4], [], [6], [5], [6], [], [0, 1, 2, 3, 4], [0, 1, 2, 3, 4], [0, 1, 2, 3, 4], [0, 1, 2, 3, 4], [0, 1, 2, 3, 4], [], [0, 1, 2, 3, 4], [6], [5], [5], [6], [0, 1, 2, 3, 4], [], [0, 1, 2, 3, 4], [0, 1, 2, 3, 4], [0, 1, 2, 3, 4], [0, 1, 2, 3, 4], [6], [], [5], [0, 1, 2, 3, 4], [6], [], [0, 1, 2, 3, 4], [5], [0, 1, 2, 3, 4], [0, 1, 2, 3, 4], [0, 1, 2, 3, 4], [5], [6], [0, 1, 2, 3, 4], [], [], [6], [0, 1, 2, 3, 4], [5], [6], [], [0, 1, 2, 3, 4], [5], [0, 1, 2, 3, 4], [5], [], [6], [6], [], [5], [0, 1, 2, 3, 4]]
559;Reston TC - Wiehle;[2485020, 8446020, 4015020, 3684020, 757020, 218020, 1861020, 6693020, 9948010, 9061080, 1021020, 8926070, 5700020, 6827020, 1097070, 7520010, 8721020, 569080, 6624020, 5824020, 5272020, 3599010, 8922070, 8434080, 5405020, 6789020, 3083080, 8980010, 9973020, 1991070, 6298020, 2156080, 5998070, 7241020, 7284010, 7727010, 5039070, 281020, 5256080, 8286080, 7459020, 8295010, 961070, 3497080, 4557010, 5759020, 7585070, 7066080, 6654070, 9751010, 3731020, 2438070, 7447010, 7638080, 9223020, 3805020, 1587010, 5999080, 7578070, 257020, 1077010, 4654070, 4239080, 514070, 3462020, 933010, 4025080, 1080020, 9341080, 6522010, 4258070, 9305070, 4390010, 3575080, 8692020, 8617070, 3058010, 6373080, 9837020, 5234080, 4638010, 3709020, 4974070, 1556020, 6069020, 8801070, 6947080, 8625010, 8294020, 5751020, 1552020, 2846010, 3666080, 1318070, 1961020, 3232020, 7336010, 9153070, 4209020, 8461080, 8221020, 9483020, 5313020, 1852070, 9385080, 8613010, 2984020, 2680020, 8595070, 469010, 1622020, 652080, 9161020, 6500020, 2396080, 6128020, 2126010, 7566070, 6946020, 5504080, 14010, 5760020, 3212070, 6437020, 7149070, 148010, 6490080, 903070, 1817010, 6655080, 9070020, 8470020, 3432080, 149010, 9234070, 6848020, 7738080, 25070, 8972010];[05:37, 05:44, 06:14, 06:17, 06:34, 06:37, 06:54, 06:57, 07:14, 07:14, 07:14, 07:14, 07:17, 07:34, 07:37, 07:37, 07:37, 07:37, 07:54, 07:57, 08:14, 08:14, 08:14, 08:14, 08:17, 08:34, 08:37, 08:37, 08:37, 08:37, 08:54, 09:14, 09:14, 09:14, 09:14, 09:37, 09:37, 09:37, 09:37, 10:14, 10:14, 10:14, 10:14, 10:37, 10:37, 10:37, 10:37, 11:14, 11:14, 11:14, 11:14, 11:37, 11:37, 11:37, 11:37, 12:14, 12:14, 12:14, 12:14, 12:37, 12:37, 12:37, 12:37, 13:14, 13:14, 13:14, 13:14, 13:37, 13:37, 13:37, 13:37, 14:14, 14:14, 14:14, 14:14, 14:37, 14:37, 14:37, 14:37, 15:14, 15:14, 15:14, 15:14, 15:34, 15:37, 15:37, 15:37, 15:37, 15:54, 15:57, 16:14, 16:14, 16:14, 16:14, 16:17, 16:34, 16:37, 16:37, 16:37, 16:37, 16:54, 16:57, 17:14, 17:14, 17:14, 17:14, 17:17, 17:34, 17:37, 17:37, 17:37, 17:37, 17:54, 17:57, 18:14, 18:14, 18:14, 18:14, 18:17, 18:37, 18:37, 18:37, 18:37, 19:14, 19:14, 19:14, 19:14, 19:37, 19:37, 19:37, 19:37, 20:14, 20:14, 20:14, 20:14, 20:37, 20:37, 20:37, 20:37];[[0, 1, 2, 3, 4], [0, 1, 2, 3, 4], [0, 1, 2, 3, 4], [0, 1, 2, 3, 4], [0, 1, 2, 3, 4], [0, 1, 2, 3, 4], [0, 1, 2, 3, 4], [0, 1, 2, 3, 4], [6], [], [0, 1, 2, 3, 4], [5], [0, 1, 2, 3, 4], [0, 1, 2, 3, 4], [5], [6], [0, 1, 2, 3, 4], [], [0, 1, 2, 3, 4], [0, 1, 2, 3, 4], [0, 1, 2, 3, 4], [6], [5], [], [0, 1, 2, 3, 4], [0, 1, 2, 3, 4], [], [6], [0, 1, 2, 3, 4], [5], [0, 1, 2, 3, 4], [], [5], [0, 1, 2, 3, 4], [6], [6], [5], [0, 1, 2, 3, 4], [], [], [0, 1, 2, 3, 4], [6], [5], [], [6], [0, 1, 2, 3, 4], [5], [], [5], [6], [0, 1, 2, 3, 4], [5], [6], [], [0, 1, 2, 3, 4], [0, 1, 2, 3, 4], [6], [], [5], [0, 1, 2, 3, 4], [6], [5], [], [5], [0, 1, 2, 3, 4], [6], [], [0, 1, 2, 3, 4], [], [6], [5], [5], [6], [], [0, 1, 2, 3, 4], [5], [6], [], [0, 1, 2, 3, 4], [], [6], [0, 1, 2, 3, 4], [5], [0, 1, 2, 3, 4], [0, 1, 2, 3, 4], [5], [], [6], [0, 1, 2, 3, 4], [0, 1, 2, 3, 4], [0, 1, 2, 3, 4], [6], [], [5], [0, 1, 2, 3, 4], [0, 1, 2, 3, 4], [6], [5], [0, 1, 2, 3, 4], [], [0, 1, 2, 3, 4], [0, 1, 2, 3, 4], [0, 1, 2, 3, 4], [5], [], [6], [0, 1, 2, 3, 4], [0, 1, 2, 3, 4], [5], [6], [0, 1, 2, 3, 4], [], [0, 1, 2, 3, 4], [0, 1, 2, 3, 4], [], [0, 1, 2, 3, 4], [6], [5], [0, 1, 2, 3, 4], [], [6], [0, 1, 2, 3, 4], [5], [0, 1, 2, 3, 4], [5], [6], [], [5], [6], [], [0, 1, 2, 3, 4], [0, 1, 2, 3, 4], [], [6], [5], [0, 1, 2, 3, 4], [], [5], [6]]
574;Reston Town Center - Tysons;[811020, 8744020, 3469020, 3261070, 109080, 8840020, 5230020, 3797020, 8303080, 3303020, 5447010, 2238070, 6713070, 3626080, 2638020, 6452020, 3145080, 8654010, 5461070, 1431020, 2988010, 3592080, 4120070, 8050020, 9801020, 1619070, 1414020, 9985010, 3454080, 2536070, 9712010, 7045080, 9552020, 9167020, 2950070, 6604080, 9596010, 5180070, 9827010, 7729080, 594020, 6451020, 7540010, 7730080, 1011070, 3411010, 5097070, 8913080, 8829020, 2127020, 6123080, 3399070, 9931010, 6124080, 2749010, 191070, 4188020, 8049020, 5432080, 8823070, 1410010, 3735010, 8475070, 718080, 984020, 3858020, 133010, 2481080, 8882070, 4440010, 1235070, 9532080, 7107020, 6387020, 5109010, 5597080, 9933070, 7601080, 9560010, 6656070, 8830020, 5951020, 5481080, 8039010, 8802070, 7175080, 9215070, 4909010, 7135020, 1536020, 9991010, 9347080, 1760070, 7427080, 7187070, 9389010, 9377020, 1464020, 9024010, 2714070, 8428080, 8324070, 4067010, 2118080, 4382020, 5681020, 9170020, 7159020, 4755010, 2662070, 6948080, 5402070, 2818010, 3492080, 1612020, 3037020, 743020, 4958010, 2034080, 8586070, 4786010, 9264080, 9096070, 2911020, 2414020, 228010, 396080, 5391020, 5141070, 9819070, 8603010, 3243080, 5273020, 282020, 927020, 4773070, 583010, 4016080, 6092070, 1838010, 3662080, 7499020, 1087020, 2925070, 1257080, 5016010, 7505080, 6925010, 1936070, 8141020, 1862020, 5720010, 5294070, 9119080, 5540070, 7960010, 2000080, 640020, 4947020, 824010, 93070, 9406080, 9318070, 2924080, 8111010, 1162020, 5069020, 9965010, 3397080, 2862070, 8876020, 166070, 2225080, 5541070, 2472080, 6882080, 9157070, 8545070, 5525080];[05:00, 05:44, 05:45, 06:15, 06:15, 06:20, 06:30, 06:50, 07:00, 07:00, 07:00, 07:00, 07:06, 07:06, 07:18, 07:30, 07:45, 07:45, 07:45, 07:48, 07:51, 07:51, 07:51, 08:00, 08:18, 08:30, 08:30, 08:30, 08:30, 08:36, 08:36, 08:36, 09:00, 09:06, 09:15, 09:15, 09:15, 09:21, 09:21, 09:21, 09:45, 09:51, 10:00, 10:00, 10:00, 10:06, 10:06, 10:06, 10:30, 10:36, 10:45, 10:45, 10:45, 10:51, 10:51, 10:51, 11:15, 11:21, 11:30, 11:30, 11:30, 11:36, 11:36, 11:36, 12:00, 12:06, 12:15, 12:15, 12:15, 12:21, 12:21, 12:21, 12:45, 12:51, 13:00, 13:00, 13:00, 13:06, 13:06, 13:06, 13:30, 13:36, 13:45, 13:45, 13:45, 13:51, 13:51, 13:51, 14:15, 14:21, 14:30, 14:30, 14:30, 14:36, 14:36, 14:36, 14:51, 15:00, 15:15, 15:15, 15:15, 15:21, 15:21, 15:21, 15:21, 15:30, 15:51, 16:00, 16:00, 16:00, 16:00, 16:06, 16:06, 16:06, 16:12, 16:30, 16:42, 16:45, 16:45, 16:45, 16:51, 16:51, 16:51, 17:00, 17:09, 17:30, 17:30, 17:30, 17:30, 17:36, 17:36, 17:36, 17:39, 18:00, 18:14, 18:15, 18:15, 18:15, 18:21, 18:21, 18:21, 18:44, 18:45, 19:00, 19:00, 19:00, 19:06, 19:06, 19:06, 19:30, 19:37, 19:45, 19:45, 19:45, 19:51, 19:51, 19:51, 20:15, 20:22, 20:30, 20:30, 20:30, 20:36, 20:36, 20:36, 21:00, 21:07, 21:21, 21:21, 21:21, 21:52, 22:00, 22:00, 22:36, 22:36, 23:15, 23:15, 23:51, 23:51];[[0, 1, 2, 3, 4], [0, 1, 2, 3, 4], [0, 1, 2, 3, 4], [5], [], [0, 1, 2, 3, 4], [0, 1, 2, 3, 4], [0, 1, 2, 3, 4], [], [0, 1, 2, 3, 4], [6], [5], [5], [], [0, 1, 2, 3, 4], [0, 1, 2, 3, 4], [], [6], [5], [0, 1, 2, 3, 4], [6], [], [5], [0, 1, 2, 3, 4], [0, 1, 2, 3, 4], [5], [0, 1, 2, 3, 4], [6], [], [5], [6], [], [0, 1, 2, 3, 4], [0, 1, 2, 3, 4], [5], [], [6], [5], [6], [], [0, 1, 2, 3, 4], [0, 1, 2, 3, 4], [6], [], [5], [6], [5], [], [0, 1, 2, 3, 4], [0, 1, 2, 3, 4], [], [5], [6], [], [6], [5], [0, 1, 2, 3, 4], [0, 1, 2, 3, 4], [], [5], [6], [6], [5], [], [0, 1, 2, 3, 4], [0, 1, 2, 3, 4], [6], [], [5], [6], [5], [], [0, 1, 2, 3, 4], [0, 1, 2, 3, 4], [6], [], [5], [], [6], [5], [0, 1, 2, 3, 4], [0, 1, 2, 3, 4], [], [6], [5], [], [5], [6], [0, 1, 2, 3, 4], [0, 1, 2, 3, 4], [6], [], [5], [], [5], [6], [0, 1, 2, 3, 4], [0, 1, 2, 3, 4], [6], [5], [], [5], [6], [], [0, 1, 2, 3, 4], [0, 1, 2, 3, 4], [0, 1, 2, 3, 4], [0, 1, 2, 3, 4], [6], [5], [], [5], [6], [], [0, 1, 2, 3, 4], [0, 1, 2, 3, 4], [0, 1, 2, 3, 4], [6], [], [5], [6], [], [5], [0, 1, 2, 3, 4], [0, 1, 2, 3, 4], [6], [], [0, 1, 2, 3, 4], [5], [5], [6], [], [0, 1, 2, 3, 4], [0, 1, 2, 3, 4], [0, 1, 2, 3, 4], [5], [6], [], [5], [6], [], [0, 1, 2, 3, 4], [0, 1, 2, 3, 4], [5], [], [6], [], [6], [5], [0, 1, 2, 3, 4], [0, 1, 2, 3, 4], [6], [5], [], [5], [6], [], [0, 1, 2, 3, 4], [0, 1, 2, 3, 4], [6], [5], [], [5], [], [6], [0, 1, 2, 3, 4], [0, 1, 2, 3, 4], [6], [], [5], [0, 1, 2, 3, 4], [5], [], [5], [], [], [5], [5], []]
598;Reston S - Pentagon;[7771020, 7302020, 1358020, 5453020, 3180020, 161020, 2636020, 4381020, 7287020, 358020, 7137020, 3103020, 2111020, 2425020, 3446020, 1472020, 9242020, 312020, 6431020, 9387020];[05:20, 05:50, 06:20, 06:45, 07:00, 07:15, 07:30, 07:45, 08:05, 08:30, 15:02, 15:22, 15:47, 16:03, 16:18, 16:33, 16:58, 17:28, 17:57, 18:27];[[0, 1, 2, 3, 4], [0, 1, 2, 3, 4], [0, 1, 2, 3, 4], [0, 1, 2, 3, 4], [0, 1, 2, 3, 4], [0, 1, 2, 3, 4], [0, 1, 2, 3, 4], [0, 1, 2, 3, 4], [0, 1, 2, 3, 4], [0, 1, 2, 3, 4], [0, 1, 2, 3, 4], [0, 1, 2, 3, 4], [0, 1, 2, 3, 4], [0, 1, 2, 3, 4], [0, 1, 2, 3, 4], [0, 1, 2, 3, 4], [0, 1, 2, 3, 4], [0, 1, 2, 3, 4], [0, 1, 2, 3, 4], [0, 1, 2, 3, 4]]
605;Reston - Monument -Fair Oaks Hosp;[4862020, 3700020, 4643020, 1598020, 7731080, 5837070, 4480070, 2122010, 8501080, 4247010, 4217020, 4384020, 9796070, 1150080, 395070, 1144080, 1163020, 4127010, 3772010, 116020, 1280020, 4954070, 192080, 1504010, 9284070, 34080, 4107010, 3379020, 5572020, 5814080, 6767020, 974070, 8976070, 7672080, 4108010, 3686010, 3254020, 788020, 6815070, 4541080, 2381080, 4845070, 7493010, 6338010, 7422020, 8637020, 126080, 7466070, 7252070, 3992080, 5137010, 5005010, 105020, 840020, 4709070, 9624080, 3398080, 6255070, 6893010, 181010, 4812020, 5911020, 8362080, 5055070, 2682070, 301010, 7475080, 4465010, 5473020, 4745020, 7739080, 3788070, 3490080, 9845070, 4008010, 180010, 6280020, 858020, 9517070, 3787080, 9583080, 7940010, 3084070, 4900010, 7233020, 9653020, 7067070, 2371080, 9016070, 1253080, 6253010, 9010010, 2592020, 1454020, 8046070, 4100080, 9892070, 5024010, 8883080, 3024010, 2879020, 2392020, 1313020, 8504080, 5302070, 2340010, 9555070, 7867080, 8575010, 8794020, 6814020, 9901080, 1061010, 7952070, 5823020, 2670010, 4792080, 9438070, 9309020, 8034020, 2971070, 6894010, 545080, 2765010, 9706080, 4846070, 8154020, 8471020, 6585020, 5868080, 7154010, 8977070, 8503080, 5403070, 8319010, 3878020, 9725020, 3090010, 5340010, 9632080, 1769070, 9319080, 1014070, 4383020, 4599020, 1855010, 1681010, 8476070, 544080, 3262080, 5040070, 5314020, 8261020, 7266070, 3091010, 944080, 3054010, 7428070, 1937080, 2146020, 6593020, 7656070, 5841010, 1096080, 4337010, 7976070, 2746080, 2169020];[06:00, 06:21, 06:35, 06:54, 06:59, 06:59, 07:00, 07:00, 07:00, 07:01, 07:10, 07:29, 07:44, 07:44, 07:45, 07:45, 07:45, 07:45, 07:46, 08:00, 08:20, 08:29, 08:29, 08:30, 08:30, 08:30, 08:31, 08:39, 09:00, 09:14, 09:14, 09:14, 09:15, 09:15, 09:15, 09:16, 09:45, 09:47, 09:59, 09:59, 10:00, 10:00, 10:00, 10:01, 10:30, 10:32, 10:44, 10:44, 10:45, 10:45, 10:45, 10:46, 11:15, 11:17, 11:29, 11:29, 11:30, 11:30, 11:30, 11:31, 12:00, 12:02, 12:14, 12:14, 12:15, 12:15, 12:15, 12:16, 12:45, 12:47, 12:59, 12:59, 13:00, 13:00, 13:00, 13:01, 13:30, 13:32, 13:44, 13:44, 13:45, 13:45, 13:45, 13:46, 14:15, 14:15, 14:29, 14:29, 14:30, 14:30, 14:30, 14:31, 14:45, 15:00, 15:14, 15:14, 15:15, 15:15, 15:15, 15:15, 15:17, 15:35, 15:52, 15:59, 15:59, 16:00, 16:00, 16:00, 16:00, 16:10, 16:27, 16:45, 16:45, 16:45, 16:45, 16:45, 16:45, 16:45, 17:02, 17:20, 17:30, 17:30, 17:30, 17:30, 17:30, 17:30, 17:37, 17:55, 18:12, 18:15, 18:15, 18:15, 18:15, 18:15, 18:16, 18:45, 18:47, 19:00, 19:01, 19:02, 19:02, 19:02, 19:02, 19:30, 19:32, 19:45, 19:46, 19:47, 19:47, 19:47, 19:47, 20:15, 20:17, 20:30, 20:30, 20:30, 20:31, 20:32, 20:32, 21:00, 21:06, 21:15, 21:15, 21:15, 21:16, 21:17, 21:17, 21:51];[[0, 1, 2, 3, 4], [0, 1, 2, 3, 4], [0, 1, 2, 3, 4], [0, 1, 2, 3, 4], [], [5], [5], [6], [], [6], [0, 1, 2, 3, 4], [0, 1, 2, 3, 4], [5], [], [5], [], [0, 1, 2, 3, 4], [6], [6], [0, 1, 2, 3, 4], [0, 1, 2, 3, 4], [5], [], [6], [5], [], [6], [0, 1, 2, 3, 4], [0, 1, 2, 3, 4], [], [0, 1, 2, 3, 4], [5], [5], [], [6], [6], [0, 1, 2, 3, 4], [0, 1, 2, 3, 4], [5], [], [], [5], [6], [6], [0, 1, 2, 3, 4], [0, 1, 2, 3, 4], [], [5], [5], [], [6], [6], [0, 1, 2, 3, 4], [0, 1, 2, 3, 4], [5], [], [], [5], [6], [6], [0, 1, 2, 3, 4], [0, 1, 2, 3, 4], [], [5], [5], [6], [], [6], [0, 1, 2, 3, 4], [0, 1, 2, 3, 4], [], [5], [], [5], [6], [6], [0, 1, 2, 3, 4], [0, 1, 2, 3, 4], [5], [], [], [6], [5], [6], [0, 1, 2, 3, 4], [0, 1, 2, 3, 4], [5], [], [5], [], [6], [6], [0, 1, 2, 3, 4], [0, 1, 2, 3, 4], [5], [], [5], [6], [], [6], [0, 1, 2, 3, 4], [0, 1, 2, 3, 4], [0, 1, 2, 3, 4], [], [5], [6], [5], [], [6], [0, 1, 2, 3, 4], [0, 1, 2, 3, 4], [], [6], [5], [0, 1, 2, 3, 4], [6], [], [5], [0, 1, 2, 3, 4], [0, 1, 2, 3, 4], [5], [6], [], [6], [], [5], [0, 1, 2, 3, 4], [0, 1, 2, 3, 4], [0, 1, 2, 3, 4], [], [6], [5], [], [5], [6], [0, 1, 2, 3, 4], [0, 1, 2, 3, 4], [6], [6], [], [5], [], [5], [0, 1, 2, 3, 4], [0, 1, 2, 3, 4], [6], [6], [5], [], [], [5], [0, 1, 2, 3, 4], [0, 1, 2, 3, 4], [5], [6], [], [6], [5], [], [0, 1, 2, 3, 4], [0, 1, 2, 3, 4], [5], [6], [], [6], [5], [], [0, 1, 2, 3, 4]]
610;GMU - Centreville;[4262020, 3606020, 2975020, 8350020, 7751020, 5885020, 8210070, 3134080, 9756020, 4610080, 6126070, 8633020, 5534020, 1665020, 20020, 2544080, 4063070, 4691070, 6643080, 5360020, 4072020, 5296080, 241020, 5098070, 1390020, 8619070, 2780080, 3982070, 2193080, 1976020, 4577020, 5838080, 5295070, 6997080, 3779020, 1605070, 283020, 2621070, 2173080, 6421070, 8144080, 2601020, 1396070, 5761020, 1169080, 7328020, 9625080, 9542070, 4429080, 26070, 5455020, 4205070, 2195020, 5558080, 729080, 2493020, 3036070, 3971020, 206070, 4892020, 6135080, 7849080, 9500070, 5535020, 9918020, 3882020, 1176080, 6868070, 6019020, 8095070, 3850080, 2873020, 8337020, 6177020, 3597020, 4491080, 4206070, 1076080, 6921070, 8952020, 36020, 8243080, 4819070, 726020, 558020, 3577070, 3974080, 5938080, 6869070, 643020, 1031070, 1929080, 8745020, 3948020, 8658020, 5860020, 3425020, 2796020];[05:30, 05:56, 06:00, 06:18, 06:30, 06:48, 07:00, 07:00, 07:00, 07:00, 07:00, 07:18, 07:30, 07:48, 08:00, 08:00, 08:00, 08:00, 08:00, 08:24, 08:30, 09:00, 09:00, 09:00, 09:00, 09:00, 09:00, 10:00, 10:00, 10:00, 10:00, 10:00, 10:00, 11:00, 11:00, 11:00, 11:00, 11:00, 11:00, 12:00, 12:00, 12:00, 12:00, 12:00, 12:00, 13:00, 13:00, 13:00, 13:00, 13:00, 13:00, 14:00, 14:00, 14:00, 14:00, 14:00, 14:00, 14:50, 15:00, 15:00, 15:00, 15:00, 15:00, 15:17, 15:30, 15:47, 16:00, 16:00, 16:00, 16:00, 16:00, 16:17, 16:30, 16:47, 17:00, 17:00, 17:00, 17:00, 17:00, 17:20, 17:30, 18:00, 18:00, 18:00, 18:00, 18:00, 18:00, 19:00, 19:00, 19:00, 19:00, 19:00, 19:00, 20:00, 20:00, 21:00, 21:00, 22:00];[[0, 1, 2, 3, 4], [0, 1, 2, 3, 4], [0, 1, 2, 3, 4], [0, 1, 2, 3, 4], [0, 1, 2, 3, 4], [0, 1, 2, 3, 4], [5], [], [0, 1, 2, 3, 4], [], [5], [0, 1, 2, 3, 4], [0, 1, 2, 3, 4], [0, 1, 2, 3, 4], [0, 1, 2, 3, 4], [], [5], [5], [], [0, 1, 2, 3, 4], [0, 1, 2, 3, 4], [], [0, 1, 2, 3, 4], [5], [0, 1, 2, 3, 4], [5], [], [5], [], [0, 1, 2, 3, 4], [0, 1, 2, 3, 4], [], [5], [], [0, 1, 2, 3, 4], [5], [0, 1, 2, 3, 4], [5], [], [5], [], [0, 1, 2, 3, 4], [5], [0, 1, 2, 3, 4], [], [0, 1, 2, 3, 4], [], [5], [], [5], [0, 1, 2, 3, 4], [5], [0, 1, 2, 3, 4], [], [], [0, 1, 2, 3, 4], [5], [0, 1, 2, 3, 4], [5], [0, 1, 2, 3, 4], [], [], [5], [0, 1, 2, 3, 4], [0, 1, 2, 3, 4], [0, 1, 2, 3, 4], [], [5], [0, 1, 2, 3, 4], [5], [], [0, 1, 2, 3, 4], [0, 1, 2, 3, 4], [0, 1, 2, 3, 4], [0, 1, 2, 3, 4], [], [5], [], [5], [0, 1, 2, 3, 4], [0, 1, 2, 3, 4], [], [5], [0, 1, 2, 3, 4], [0, 1, 2, 3, 4], [5], [], [], [5], [0, 1, 2, 3, 4], [5], [], [0, 1, 2, 3, 4], [0, 1, 2, 3, 4], [0, 1, 2, 3, 4], [0, 1, 2, 3, 4], [0, 1, 2, 3, 4], [0, 1, 2, 3, 4]]
615;Monument -Fair Oaks Hosp;[7946020, 1786020, 8657020, 3905080, 1982070, 8234010, 8800080, 3059070, 4570010, 5884020, 7060020, 347070, 3576080, 8604010, 7581020, 4989020, 253070, 6475080, 3522010, 8335020, 1553020, 8047070, 3580080, 1038010, 3892010, 8217070, 543080, 2912020, 2204020, 5732010, 1990080, 3760070, 8704070, 3242080, 2896010, 4375020, 8907020, 5850010, 6075070, 6550080, 330080, 9529070, 6165010, 7895020, 2263020, 5703010, 1875070, 2280080, 1531070, 3115080, 3881010, 1388020, 9817020, 6291010, 1013070, 374080, 2439070, 691080, 9513010, 5846020, 2764020, 7623010, 7118080, 8862070, 4818070, 9836080, 9464010, 342020, 1775020, 6466010, 6508070, 4740080, 9724070, 8697080, 7990010, 3550020, 9580020, 8439010, 8863080, 7309070, 2105020, 193070, 4062080, 9369010, 929020, 8497020, 2411010, 2655070, 5980080, 3344070, 5867080, 3915010, 8756020, 7761020, 80010, 2926070, 6553080, 2669010, 1918080, 234070, 3604020, 3370020, 170010, 1325070, 5891080, 6125080, 5892070, 2807010, 4011020, 4320020, 9188020, 701010, 9293080, 5922070, 7111020, 6949080, 1446070, 2323010, 3972020, 1251020, 9403010, 3244070, 7188080, 2324010, 5142080, 2663070, 3605020, 771020, 7448010, 2877080, 7375070, 5106070, 9797080, 8058010, 2184020, 2376020, 552010, 775080, 1907070, 9040080, 6079010, 4325070, 3273020, 5704010, 4712020, 9587070, 2289080, 6867080, 9039070, 5136010, 7814020, 7819070, 2848010, 145080, 8944020, 1876080, 5914070, 3237010];[06:40, 07:14, 07:16, 07:40, 07:40, 07:40, 07:49, 07:49, 07:50, 07:51, 07:53, 08:25, 08:25, 08:25, 08:26, 08:28, 08:34, 08:34, 08:35, 09:01, 09:03, 09:10, 09:10, 09:10, 09:18, 09:18, 09:18, 09:40, 09:50, 09:55, 09:57, 09:57, 10:02, 10:02, 10:03, 10:25, 10:35, 10:40, 10:42, 10:42, 10:47, 10:47, 10:48, 11:10, 11:20, 11:25, 11:27, 11:27, 11:32, 11:32, 11:33, 11:55, 12:05, 12:10, 12:12, 12:12, 12:15, 12:15, 12:18, 12:40, 12:50, 12:55, 12:57, 12:57, 13:00, 13:00, 13:03, 13:25, 13:33, 13:40, 13:42, 13:42, 13:45, 13:45, 13:48, 13:59, 14:10, 14:25, 14:27, 14:27, 14:29, 14:30, 14:30, 14:32, 14:55, 15:04, 15:10, 15:12, 15:12, 15:15, 15:15, 15:17, 15:39, 15:47, 15:55, 15:57, 15:57, 16:02, 16:03, 16:03, 16:14, 16:22, 16:40, 16:42, 16:42, 16:48, 16:48, 16:49, 16:49, 16:57, 17:24, 17:25, 17:27, 17:27, 17:32, 17:33, 17:33, 17:35, 18:04, 18:07, 18:10, 18:12, 18:12, 18:20, 18:20, 18:20, 18:42, 18:50, 18:55, 18:57, 18:57, 19:05, 19:05, 19:05, 19:25, 19:35, 19:40, 19:42, 19:42, 19:50, 19:50, 19:50, 20:10, 20:25, 20:25, 20:27, 20:27, 20:35, 20:35, 20:35, 20:55, 21:10, 21:10, 21:10, 21:10, 21:15, 21:15, 21:15];[[0, 1, 2, 3, 4], [0, 1, 2, 3, 4], [0, 1, 2, 3, 4], [], [5], [6], [], [5], [6], [0, 1, 2, 3, 4], [0, 1, 2, 3, 4], [5], [], [6], [0, 1, 2, 3, 4], [0, 1, 2, 3, 4], [5], [], [6], [0, 1, 2, 3, 4], [0, 1, 2, 3, 4], [5], [], [6], [6], [5], [], [0, 1, 2, 3, 4], [0, 1, 2, 3, 4], [6], [], [5], [5], [], [6], [0, 1, 2, 3, 4], [0, 1, 2, 3, 4], [6], [5], [], [], [5], [6], [0, 1, 2, 3, 4], [0, 1, 2, 3, 4], [6], [5], [], [5], [], [6], [0, 1, 2, 3, 4], [0, 1, 2, 3, 4], [6], [5], [], [5], [], [6], [0, 1, 2, 3, 4], [0, 1, 2, 3, 4], [6], [], [5], [5], [], [6], [0, 1, 2, 3, 4], [0, 1, 2, 3, 4], [6], [5], [], [5], [], [6], [0, 1, 2, 3, 4], [0, 1, 2, 3, 4], [6], [], [5], [0, 1, 2, 3, 4], [5], [], [6], [0, 1, 2, 3, 4], [0, 1, 2, 3, 4], [6], [5], [], [5], [], [6], [0, 1, 2, 3, 4], [0, 1, 2, 3, 4], [6], [5], [], [6], [], [5], [0, 1, 2, 3, 4], [0, 1, 2, 3, 4], [6], [5], [], [], [5], [6], [0, 1, 2, 3, 4], [0, 1, 2, 3, 4], [0, 1, 2, 3, 4], [6], [], [5], [0, 1, 2, 3, 4], [], [5], [6], [0, 1, 2, 3, 4], [0, 1, 2, 3, 4], [6], [5], [], [6], [], [5], [0, 1, 2, 3, 4], [0, 1, 2, 3, 4], [6], [], [5], [5], [], [6], [0, 1, 2, 3, 4], [0, 1, 2, 3, 4], [6], [], [5], [], [6], [5], [0, 1, 2, 3, 4], [6], [0, 1, 2, 3, 4], [5], [], [], [5], [6], [0, 1, 2, 3, 4], [5], [6], [], [0, 1, 2, 3, 4], [], [5], [6]]
622;Penderbrook- Monument Dr;[4445020, 343020, 5887010, 7038080, 2477070, 1000020, 4762020, 5916070, 6040020, 654080, 440010, 3206020, 1273010, 7323080, 4161020, 6423070, 6140080, 9672070, 334020, 5341010, 8452080, 6706020, 494070, 5819010, 8185010, 3178070, 177020, 9639080, 1660010, 982080, 6817070, 4606020, 9921070, 9196010, 4277020, 2143080, 5923080, 2369010, 1743020, 1377070, 1425020, 2035080, 7155010, 10010070, 6188020, 8701070, 9021020, 7837010, 3741080, 6629020, 5506010, 7421080, 3307070, 1608020, 4366020, 8017080, 8414020, 6663010, 3455070, 5977020, 9348080, 7782070, 9084010, 2948010, 9079080, 3826020, 837070, 1327080, 2458010, 3869070, 8581020, 6455080, 5799070, 9835020];[06:00, 06:30, 07:00, 07:00, 07:00, 07:00, 07:30, 08:00, 08:00, 08:00, 08:00, 08:30, 09:00, 09:00, 09:00, 09:00, 10:00, 10:00, 10:00, 10:00, 11:00, 11:00, 11:00, 11:00, 12:00, 12:00, 12:00, 12:00, 13:00, 13:00, 13:00, 13:00, 14:00, 14:00, 14:00, 14:00, 15:00, 15:00, 15:00, 15:00, 16:00, 16:00, 16:00, 16:00, 16:30, 17:00, 17:00, 17:00, 17:00, 17:30, 18:00, 18:00, 18:00, 18:00, 18:30, 19:00, 19:00, 19:00, 19:00, 20:00, 20:00, 20:00, 20:00, 21:00, 21:00, 21:00, 21:00, 22:00, 22:00, 22:00, 22:00, 23:00, 23:00, 23:00];[[0, 1, 2, 3, 4], [0, 1, 2, 3, 4], [6], [], [5], [0, 1, 2, 3, 4], [0, 1, 2, 3, 4], [5], [0, 1, 2, 3, 4], [], [6], [0, 1, 2, 3, 4], [6], [], [0, 1, 2, 3, 4], [5], [], [5], [0, 1, 2, 3, 4], [6], [], [0, 1, 2, 3, 4], [5], [6], [6], [5], [0, 1, 2, 3, 4], [], [6], [], [5], [0, 1, 2, 3, 4], [5], [6], [0, 1, 2, 3, 4], [], [], [6], [0, 1, 2, 3, 4], [5], [0, 1, 2, 3, 4], [], [6], [5], [0, 1, 2, 3, 4], [5], [0, 1, 2, 3, 4], [6], [], [0, 1, 2, 3, 4], [6], [], [5], [0, 1, 2, 3, 4], [0, 1, 2, 3, 4], [], [0, 1, 2, 3, 4], [6], [5], [0, 1, 2, 3, 4], [], [5], [6], [6], [], [0, 1, 2, 3, 4], [5], [], [6], [5], [0, 1, 2, 3, 4], [], [5], [0, 1, 2, 3, 4]]
625;Random Hills - Pender Dr;[4683020, 3355020, 7034020, 8447020, 5206020, 5330020, 4196020, 6239020, 977020, 3951020, 7094020, 9332020, 3129020, 8170020, 2205020, 3274020, 8708020, 2460020, 1281020, 4763020, 1995020, 5702020, 6441020, 9767020, 5224020, 7546020, 7997020, 4172020, 5315020, 9315020, 9030020, 986020, 7664020, 87020, 4884020, 5351020, 9611020, 2310020, 6315020, 2465020, 1406020, 2320020, 8223020, 962020, 5716020, 7112020, 6669020, 3216020, 802020, 4322020, 2967020, 3322020];[06:00, 06:11, 06:30, 06:41, 07:00, 07:11, 07:30, 07:41, 08:00, 08:11, 08:30, 08:41, 09:00, 09:11, 09:30, 09:41, 10:00, 10:11, 10:30, 10:41, 11:00, 11:11, 11:30, 11:41, 12:00, 12:11, 12:30, 12:41, 13:00, 13:11, 13:30, 13:41, 14:00, 14:11, 14:30, 14:41, 15:00, 15:11, 15:30, 15:41, 16:00, 16:11, 16:30, 16:41, 17:00, 17:11, 17:30, 17:41, 18:00, 18:11, 18:30, 18:41];[[0, 1, 2, 3, 4], [0, 1, 2, 3, 4], [0, 1, 2, 3, 4], [0, 1, 2, 3, 4], [0, 1, 2, 3, 4], [0, 1, 2, 3, 4], [0, 1, 2, 3, 4], [0, 1, 2, 3, 4], [0, 1, 2, 3, 4], [0, 1, 2, 3, 4], [0, 1, 2, 3, 4], [0, 1, 2, 3, 4], [0, 1, 2, 3, 4], [0, 1, 2, 3, 4], [0, 1, 2, 3, 4], [0, 1, 2, 3, 4], [0, 1, 2, 3, 4], [0, 1, 2, 3, 4], [0, 1, 2, 3, 4], [0, 1, 2, 3, 4], [0, 1, 2, 3, 4], [0, 1, 2, 3, 4], [0, 1, 2, 3, 4], [0, 1, 2, 3, 4], [0, 1, 2, 3, 4], [0, 1, 2, 3, 4], [0, 1, 2, 3, 4], [0, 1, 2, 3, 4], [0, 1, 2, 3, 4], [0, 1, 2, 3, 4], [0, 1, 2, 3, 4], [0, 1, 2, 3, 4], [0, 1, 2, 3, 4], [0, 1, 2, 3, 4], [0, 1, 2, 3, 4], [0, 1, 2, 3, 4], [0, 1, 2, 3, 4], [0, 1, 2, 3, 4], [0, 1, 2, 3, 4], [0, 1, 2, 3, 4], [0, 1, 2, 3, 4], [0, 1, 2, 3, 4], [0, 1, 2, 3, 4], [0, 1, 2, 3, 4], [0, 1, 2, 3, 4], [0, 1, 2, 3, 4], [0, 1, 2, 3, 4], [0, 1, 2, 3, 4], [0, 1, 2, 3, 4], [0, 1, 2, 3, 4], [0, 1, 2, 3, 4], [0, 1, 2, 3, 4]]
630;Centreville - Monument -;[44020, 5739020, 7516020, 2019020, 2308020, 5021080, 27070, 1578020, 9141020, 4571010, 5514080, 7807010, 6486070, 6178020, 3860020, 7694080, 7091070, 6157020, 2809010, 3447020, 8253010, 28070, 9993080, 8242020, 6619020, 9432010, 8596070, 6597080, 518020, 8835080, 6845070, 2487010, 2639020, 137080, 4282010, 2309020, 6552070, 574010, 1701080, 9277070, 4505020, 6372070, 9559020, 2575080, 953010, 9803010, 1558070, 2622080, 401020, 2673080, 4832010, 1319070, 9745070, 3412010, 2174080, 1045020, 258020, 6554070, 3617080, 2961010, 9761070, 8558080, 2486010, 5701020, 3921020, 3993080, 1877070, 6503010, 7674080, 4614010, 1501070, 6547020, 1952020, 4130080, 5567010, 7468020, 2176070, 9008020, 5646010, 4273070, 2724080, 8155020, 5562020, 4283070, 9967010, 4775080, 934020, 985020, 1839010, 600080, 1320070, 8338020, 7884020, 2840080, 2232010, 1584070, 6058020, 6673070, 6337080, 9897010, 7552020, 8659020, 1140020, 5773080, 791010, 7348070, 3513020, 2303010, 719080, 645070, 3607020, 5392080, 6351020, 9225010, 4665070, 4774080, 708070, 7535020, 317010, 4710080, 5110010, 5654070, 3827020, 7630080, 7532010, 9099020, 7986070, 4054070, 7820080, 6838020, 5930010, 5364070, 3220010, 8477080, 8670020, 1346080, 9193070, 4547010, 5415020, 1005080, 7055070, 7665020, 7740080, 759020, 709070];[05:10, 06:03, 06:10, 06:33, 06:40, 07:03, 07:03, 07:03, 07:06, 07:07, 07:09, 07:09, 07:09, 07:33, 07:36, 08:03, 08:03, 08:03, 08:03, 08:06, 08:09, 08:09, 08:09, 08:33, 08:39, 09:03, 09:03, 09:03, 09:03, 09:09, 09:09, 09:09, 09:09, 10:03, 10:03, 10:03, 10:03, 10:09, 10:09, 10:09, 10:09, 11:03, 11:03, 11:03, 11:03, 11:09, 11:09, 11:09, 11:24, 12:03, 12:03, 12:03, 12:09, 12:09, 12:09, 12:18, 12:24, 13:03, 13:03, 13:03, 13:09, 13:09, 13:09, 13:18, 13:23, 14:03, 14:03, 14:03, 14:09, 14:09, 14:09, 14:18, 14:36, 15:03, 15:03, 15:03, 15:03, 15:06, 15:09, 15:09, 15:09, 15:33, 15:36, 16:03, 16:03, 16:03, 16:07, 16:08, 16:09, 16:09, 16:09, 16:37, 16:38, 17:03, 17:03, 17:03, 17:08, 17:09, 17:09, 17:09, 17:12, 17:38, 17:42, 18:03, 18:03, 18:03, 18:07, 18:09, 18:09, 18:09, 18:13, 19:03, 19:03, 19:03, 19:03, 19:09, 19:09, 19:09, 19:09, 20:03, 20:03, 20:03, 20:03, 20:09, 20:09, 20:09, 20:09, 21:03, 21:03, 21:03, 21:03, 21:09, 21:09, 21:09, 21:09, 22:03, 22:03, 22:03, 22:03, 22:09, 22:09, 22:09, 23:03, 23:03, 23:03];[[0, 1, 2, 3, 4], [0, 1, 2, 3, 4], [0, 1, 2, 3, 4], [0, 1, 2, 3, 4], [0, 1, 2, 3, 4], [], [5], [0, 1, 2, 3, 4], [0, 1, 2, 3, 4], [6], [], [6], [5], [0, 1, 2, 3, 4], [0, 1, 2, 3, 4], [], [5], [0, 1, 2, 3, 4], [6], [0, 1, 2, 3, 4], [6], [5], [], [0, 1, 2, 3, 4], [0, 1, 2, 3, 4], [6], [5], [], [0, 1, 2, 3, 4], [], [5], [6], [0, 1, 2, 3, 4], [], [6], [0, 1, 2, 3, 4], [5], [6], [], [5], [0, 1, 2, 3, 4], [5], [0, 1, 2, 3, 4], [], [6], [6], [5], [], [0, 1, 2, 3, 4], [], [6], [5], [5], [6], [], [0, 1, 2, 3, 4], [0, 1, 2, 3, 4], [5], [], [6], [5], [], [6], [0, 1, 2, 3, 4], [0, 1, 2, 3, 4], [], [5], [6], [], [6], [5], [0, 1, 2, 3, 4], [0, 1, 2, 3, 4], [], [6], [0, 1, 2, 3, 4], [5], [0, 1, 2, 3, 4], [6], [5], [], [0, 1, 2, 3, 4], [0, 1, 2, 3, 4], [5], [6], [], [0, 1, 2, 3, 4], [0, 1, 2, 3, 4], [6], [], [5], [0, 1, 2, 3, 4], [0, 1, 2, 3, 4], [], [6], [5], [0, 1, 2, 3, 4], [5], [], [6], [0, 1, 2, 3, 4], [0, 1, 2, 3, 4], [0, 1, 2, 3, 4], [], [6], [5], [0, 1, 2, 3, 4], [6], [], [5], [0, 1, 2, 3, 4], [], [0, 1, 2, 3, 4], [6], [5], [], [5], [0, 1, 2, 3, 4], [6], [], [6], [5], [0, 1, 2, 3, 4], [], [6], [0, 1, 2, 3, 4], [5], [5], [], [0, 1, 2, 3, 4], [6], [5], [6], [], [0, 1, 2, 3, 4], [], [5], [6], [0, 1, 2, 3, 4], [], [5], [0, 1, 2, 3, 4], [], [0, 1, 2, 3, 4], [5]]
642;Aubrey Patent - Westfields;[3228020, 3458020, 5591020, 8870070, 5143080, 1859010, 8746020, 225020, 9402070, 7430080, 196010, 653070, 2070010, 5326080, 3173020, 7879020, 9417070, 8812080, 2247010, 9465010, 9816070, 1532080, 9382020, 6442020, 8672010, 1956080, 5384070, 5257080, 1884010, 925070, 758020, 6929070, 3738080, 8224010, 7815020, 7777080, 1307010, 2951070, 2171020, 5981070, 5621080, 5169010, 402020, 2288010, 3813070, 6928080, 5474020, 9772070, 6163080, 1793010, 7702020, 7376080, 9418070, 6379010, 1207020, 7594010, 3802080, 6657070, 349070, 8164080, 7568010, 2450020, 9509070, 8962080, 1529010, 2702020, 9961010, 2113080, 8365070, 57020, 7140070, 73080, 1199010, 866080, 8212070, 2162010, 516020, 421020, 6689070, 2029010, 375080, 7229080, 5774010, 9981070, 3529020, 9354020, 1082010, 571080, 7228070, 473010, 904070, 8960080, 1296020, 4662020, 1180010, 7868070, 5022080, 4935070, 7885020, 9776080, 1200010, 4905070, 7572020, 5660010, 4946080, 8211080, 4241070, 6637020, 6884080, 1470070, 2533020, 9092020, 3439080, 8884070];[05:20, 06:00, 06:20, 06:58, 06:58, 06:58, 07:00, 07:20, 07:30, 07:30, 07:30, 07:58, 07:58, 07:58, 08:00, 08:20, 08:30, 08:30, 08:30, 08:58, 08:58, 08:58, 09:00, 09:30, 09:30, 09:30, 09:30, 09:58, 09:58, 09:58, 10:13, 10:30, 10:30, 10:30, 10:45, 10:58, 10:58, 10:58, 11:13, 11:30, 11:30, 11:30, 11:45, 11:58, 11:58, 11:58, 12:13, 12:30, 12:30, 12:30, 12:45, 12:58, 12:58, 12:58, 13:28, 13:30, 13:30, 13:30, 13:58, 13:58, 13:58, 14:00, 14:30, 14:30, 14:30, 14:43, 14:58, 14:58, 14:58, 15:15, 15:30, 15:30, 15:30, 15:58, 15:58, 15:58, 16:00, 16:19, 16:30, 16:30, 16:30, 16:58, 16:58, 16:58, 17:00, 17:25, 17:30, 17:30, 17:30, 17:58, 17:58, 17:58, 18:05, 18:19, 18:30, 18:30, 18:30, 18:58, 18:58, 18:58, 18:58, 19:30, 19:30, 19:30, 19:30, 19:58, 19:58, 19:58, 20:30, 20:30, 20:30, 20:58, 20:58, 20:58];[[0, 1, 2, 3, 4], [0, 1, 2, 3, 4], [0, 1, 2, 3, 4], [5], [], [6], [0, 1, 2, 3, 4], [0, 1, 2, 3, 4], [5], [], [6], [5], [6], [], [0, 1, 2, 3, 4], [0, 1, 2, 3, 4], [5], [], [6], [6], [5], [], [0, 1, 2, 3, 4], [0, 1, 2, 3, 4], [6], [], [5], [], [6], [5], [0, 1, 2, 3, 4], [5], [], [6], [0, 1, 2, 3, 4], [], [6], [5], [0, 1, 2, 3, 4], [5], [], [6], [0, 1, 2, 3, 4], [6], [5], [], [0, 1, 2, 3, 4], [5], [], [6], [0, 1, 2, 3, 4], [], [5], [6], [0, 1, 2, 3, 4], [6], [], [5], [5], [], [6], [0, 1, 2, 3, 4], [5], [], [6], [0, 1, 2, 3, 4], [6], [], [5], [0, 1, 2, 3, 4], [5], [], [6], [], [5], [6], [0, 1, 2, 3, 4], [0, 1, 2, 3, 4], [5], [6], [], [], [6], [5], [0, 1, 2, 3, 4], [0, 1, 2, 3, 4], [6], [], [5], [6], [5], [], [0, 1, 2, 3, 4], [0, 1, 2, 3, 4], [6], [5], [], [5], [0, 1, 2, 3, 4], [], [6], [5], [0, 1, 2, 3, 4], [6], [], [], [5], [0, 1, 2, 3, 4], [], [5], [0, 1, 2, 3, 4], [0, 1, 2, 3, 4], [], [5]]
651;Chantilly - Monument Dt.;[9788020, 7290020, 141020, 58020, 7557020, 9768020, 9429070, 6385080, 432010, 951020, 4882020, 8760080, 975070, 7494010, 7279020, 6089020, 2457010, 3169080, 9903070, 1245020, 1770070, 3463010, 7395080, 1902020, 3528020, 7304020, 8090020, 669010, 82080, 5047070, 9822010, 8495070, 9180080, 2442020, 1172010, 8791080, 4883020, 8842070, 9770010, 1867080, 5685020, 6094070, 6414020, 9360070, 7415010, 3414080, 3906070, 1592010, 2855020, 7778080, 2791010, 4151020, 7756070, 2878080, 5601010, 3697080, 46020, 454070, 9613010, 2129020, 1887080, 2115070, 4110080, 1715020, 7009010, 1411070, 4212080, 637010, 5788020, 9227070, 6265080, 9469070, 9983020, 5688010, 4584020, 8430080, 2972070, 3248010, 562080, 8436070, 7026020, 3564010, 2431020, 3699020, 3757010, 7211080, 4624070, 4166020, 1868070, 9681020, 3361080, 9974010, 9194020, 21020, 6751080, 4173010, 1958070, 6727020, 4538020, 991080, 836070, 6650010, 8660020, 2168020, 1986010, 5694070, 7165080, 2659020, 6714070, 4639010, 2078020, 7943080, 63080, 7377070, 3736010, 1666020, 9224010, 4407070, 3780020, 5124080, 4927080, 6745010, 711070, 6350020, 1633070, 5337020, 8850010, 6674080, 9466010, 1459070, 2781080, 6250020, 7953070, 2539020, 6025080, 2511010, 1066080, 9635020, 6008070, 740070, 3509080, 6158020];[05:45, 06:00, 06:15, 06:30, 06:45, 07:00, 07:15, 07:15, 07:15, 07:20, 07:30, 07:30, 07:30, 07:30, 07:50, 08:00, 08:15, 08:15, 08:15, 08:20, 08:30, 08:30, 08:30, 08:30, 08:50, 09:00, 09:15, 09:15, 09:15, 09:15, 09:30, 09:30, 09:30, 09:30, 10:15, 10:15, 10:15, 10:15, 10:30, 10:30, 10:30, 10:30, 11:15, 11:15, 11:15, 11:15, 11:30, 11:30, 11:30, 11:30, 12:15, 12:15, 12:15, 12:15, 12:30, 12:30, 12:30, 12:30, 13:15, 13:15, 13:15, 13:15, 13:30, 13:30, 13:30, 13:30, 14:15, 14:15, 14:15, 14:15, 14:30, 14:30, 14:30, 14:30, 15:15, 15:15, 15:15, 15:15, 15:30, 15:30, 15:30, 15:30, 15:45, 16:00, 16:15, 16:15, 16:15, 16:20, 16:30, 16:30, 16:30, 16:30, 16:50, 17:00, 17:15, 17:15, 17:15, 17:20, 17:30, 17:30, 17:30, 17:30, 17:50, 18:00, 18:15, 18:15, 18:15, 18:20, 18:30, 18:30, 18:30, 18:30, 19:15, 19:15, 19:15, 19:15, 19:30, 19:30, 19:30, 19:30, 20:15, 20:15, 20:15, 20:15, 20:30, 20:30, 20:30, 20:30, 21:15, 21:15, 21:15, 21:15, 21:30, 21:30, 21:30, 21:30, 22:15, 22:15, 22:15, 22:30, 22:30, 22:30];[[0, 1, 2, 3, 4], [0, 1, 2, 3, 4], [0, 1, 2, 3, 4], [0, 1, 2, 3, 4], [0, 1, 2, 3, 4], [0, 1, 2, 3, 4], [5], [], [6], [0, 1, 2, 3, 4], [0, 1, 2, 3, 4], [], [5], [6], [0, 1, 2, 3, 4], [0, 1, 2, 3, 4], [6], [], [5], [0, 1, 2, 3, 4], [5], [6], [], [0, 1, 2, 3, 4], [0, 1, 2, 3, 4], [0, 1, 2, 3, 4], [0, 1, 2, 3, 4], [6], [], [5], [6], [5], [], [0, 1, 2, 3, 4], [6], [], [0, 1, 2, 3, 4], [5], [6], [], [0, 1, 2, 3, 4], [5], [0, 1, 2, 3, 4], [5], [6], [], [5], [6], [0, 1, 2, 3, 4], [], [6], [0, 1, 2, 3, 4], [5], [], [6], [], [0, 1, 2, 3, 4], [5], [6], [0, 1, 2, 3, 4], [], [5], [], [0, 1, 2, 3, 4], [6], [5], [], [6], [0, 1, 2, 3, 4], [5], [], [5], [0, 1, 2, 3, 4], [6], [0, 1, 2, 3, 4], [], [5], [6], [], [5], [0, 1, 2, 3, 4], [6], [0, 1, 2, 3, 4], [0, 1, 2, 3, 4], [6], [], [5], [0, 1, 2, 3, 4], [5], [0, 1, 2, 3, 4], [], [6], [0, 1, 2, 3, 4], [0, 1, 2, 3, 4], [], [6], [5], [0, 1, 2, 3, 4], [0, 1, 2, 3, 4], [], [5], [6], [0, 1, 2, 3, 4], [0, 1, 2, 3, 4], [6], [5], [], [0, 1, 2, 3, 4], [5], [6], [0, 1, 2, 3, 4], [], [], [5], [6], [0, 1, 2, 3, 4], [6], [5], [0, 1, 2, 3, 4], [], [], [6], [5], [0, 1, 2, 3, 4], [5], [0, 1, 2, 3, 4], [6], [], [6], [5], [], [0, 1, 2, 3, 4], [5], [0, 1, 2, 3, 4], [], [6], [], [0, 1, 2, 3, 4], [5], [5], [], [0, 1, 2, 3, 4]]
652;Chantilly - Stringfellow P 7 R;[9633020, 5847020, 8069020, 415020, 2965020, 6240020, 7688020];[05:34, 06:34, 07:34, 16:53, 17:58, 18:48, 19:48];[[0, 1, 2, 3, 4], [0, 1, 2, 3, 4], [0, 1, 2, 3, 4], [0, 1, 2, 3, 4], [0, 1, 2, 3, 4], [0, 1, 2, 3, 4], [0, 1, 2, 3, 4]]
660;Centreville PnR - Tysons Exp;[2009020, 7390080, 5709020, 859080, 7043080, 6231020, 3817080, 9456020, 644080, 4124020, 6819080, 580020, 4073020, 8777080, 1754020, 4278080, 4279080, 6168020, 3255080, 1510020, 748020, 6369080, 2556080, 2710020, 5388080, 5710020, 7042080, 9374020, 9847080, 4339020, 5886020, 7461080, 5336080, 7834020, 9894080, 8622020, 2854020, 151080, 4907020, 9802080, 6059020, 7406080, 8142020, 2871080, 2266020, 6648080, 2058080, 1231020, 2827080, 2603020, 2416080, 7536020, 1903020, 7370080, 9187020, 2462080, 5070020, 8945080, 9388020, 860080, 9128020, 2880080, 5715020, 1512080, 3099080, 3369020, 4231020, 2107080, 9133020, 2976080, 3781020, 7835080, 8201080, 22020, 481080, 5132020, 2057020, 4814080, 8711020, 5848080, 7319080, 8156020, 559080, 8536020, 1349080, 7677020, 1669020, 1656080, 2861020, 5133080, 7076080, 9470020, 5476080, 460020, 7423020, 830080, 6759080, 1003020, 5497080, 2895020, 7160080, 6875020, 6726080, 9117020, 2870080, 519020, 1930080, 3321020, 6020080, 2494020, 5396020, 2349080, 2856080, 2047020, 1369020, 9662080, 3139080, 4044020, 8901080, 9181020, 3584020, 8029080, 7205080, 5978020, 8582080, 9664020, 6316020, 2389080, 9700080, 6494020, 2130080, 9229020, 1599020, 5782080, 1942080, 6110020, 2979020, 6495080, 9887080, 9872020, 439080, 8040020, 3149080, 7345020, 3934080, 1133020, 2011020, 5174080, 9471080, 8776020, 1220020, 3935080, 1340080, 4948020, 6647080, 2348020, 4032020, 5839080, 5496080, 1799020, 6586080, 2417020, 4525020, 8415080, 2629020, 8925080, 8315080, 1729020, 4815020, 6325080, 8584020, 6757080];[05:00, 05:00, 05:15, 05:15, 05:30, 05:30, 05:40, 05:40, 05:45, 05:45, 05:55, 05:55, 06:00, 06:00, 06:10, 06:10, 06:15, 06:15, 06:25, 06:25, 06:30, 06:30, 06:40, 06:40, 06:40, 06:40, 06:50, 06:50, 06:55, 06:55, 07:00, 07:00, 07:10, 07:10, 07:15, 07:15, 07:20, 07:20, 07:25, 07:25, 07:30, 07:30, 07:35, 07:35, 07:40, 07:40, 07:45, 07:45, 07:50, 07:50, 07:55, 07:55, 08:00, 08:00, 08:05, 08:05, 08:10, 08:10, 08:15, 08:15, 08:20, 08:20, 08:25, 08:25, 08:30, 08:30, 08:35, 08:35, 08:45, 08:45, 08:50, 08:50, 09:00, 09:00, 09:05, 09:05, 09:25, 09:25, 15:00, 15:00, 15:05, 15:05, 15:15, 15:15, 15:20, 15:20, 15:30, 15:30, 15:35, 15:35, 15:45, 15:45, 15:50, 15:50, 16:00, 16:00, 16:00, 16:00, 16:10, 16:10, 16:15, 16:15, 16:20, 16:20, 16:30, 16:30, 16:30, 16:30, 16:40, 16:40, 16:40, 16:40, 16:50, 16:50, 16:50, 16:50, 17:00, 17:00, 17:00, 17:00, 17:10, 17:10, 17:10, 17:10, 17:20, 17:20, 17:20, 17:20, 17:30, 17:30, 17:30, 17:30, 17:40, 17:40, 17:40, 17:40, 17:50, 17:50, 17:50, 17:50, 18:00, 18:00, 18:05, 18:05, 18:10, 18:10, 18:20, 18:20, 18:20, 18:20, 18:30, 18:30, 18:35, 18:35, 18:45, 18:45, 18:50, 18:50, 19:00, 19:00, 19:05, 19:05, 19:15, 19:15, 19:20, 19:20, 19:30, 19:30, 19:45, 19:45, 20:00, 20:00];[[0, 1, 2, 3, 4], [], [0, 1, 2, 3, 4], [], [], [0, 1, 2, 3, 4], [], [0, 1, 2, 3, 4], [], [0, 1, 2, 3, 4], [], [0, 1, 2, 3, 4], [0, 1, 2, 3, 4], [], [0, 1, 2, 3, 4], [], [], [0, 1, 2, 3, 4], [], [0, 1, 2, 3, 4], [0, 1, 2, 3, 4], [], [], [0, 1, 2, 3, 4], [], [0, 1, 2, 3, 4], [], [0, 1, 2, 3, 4], [], [0, 1, 2, 3, 4], [0, 1, 2, 3, 4], [], [], [0, 1, 2, 3, 4], [], [0, 1, 2, 3, 4], [0, 1, 2, 3, 4], [], [0, 1, 2, 3, 4], [], [0, 1, 2, 3, 4], [], [0, 1, 2, 3, 4], [], [0, 1, 2, 3, 4], [], [], [0, 1, 2, 3, 4], [], [0, 1, 2, 3, 4], [], [0, 1, 2, 3, 4], [0, 1, 2, 3, 4], [], [0, 1, 2, 3, 4], [], [0, 1, 2, 3, 4], [], [0, 1, 2, 3, 4], [], [0, 1, 2, 3, 4], [], [0, 1, 2, 3, 4], [], [], [0, 1, 2, 3, 4], [0, 1, 2, 3, 4], [], [0, 1, 2, 3, 4], [], [0, 1, 2, 3, 4], [], [], [0, 1, 2, 3, 4], [], [0, 1, 2, 3, 4], [0, 1, 2, 3, 4], [], [0, 1, 2, 3, 4], [], [], [0, 1, 2, 3, 4], [], [0, 1, 2, 3, 4], [], [0, 1, 2, 3, 4], [0, 1, 2, 3, 4], [], [0, 1, 2, 3, 4], [], [], [0, 1, 2, 3, 4], [], [0, 1, 2, 3, 4], [0, 1, 2, 3, 4], [], [], [0, 1, 2, 3, 4], [], [0, 1, 2, 3, 4], [], [0, 1, 2, 3, 4], [], [0, 1, 2, 3, 4], [], [0, 1, 2, 3, 4], [], [0, 1, 2, 3, 4], [], [0, 1, 2, 3, 4], [0, 1, 2, 3, 4], [], [], [0, 1, 2, 3, 4], [0, 1, 2, 3, 4], [], [], [0, 1, 2, 3, 4], [], [0, 1, 2, 3, 4], [0, 1, 2, 3, 4], [], [], [0, 1, 2, 3, 4], [], [0, 1, 2, 3, 4], [0, 1, 2, 3, 4], [], [], [0, 1, 2, 3, 4], [], [0, 1, 2, 3, 4], [0, 1, 2, 3, 4], [], [], [0, 1, 2, 3, 4], [0, 1, 2, 3, 4], [], [], [0, 1, 2, 3, 4], [], [0, 1, 2, 3, 4], [], [0, 1, 2, 3, 4], [], [0, 1, 2, 3, 4], [0, 1, 2, 3, 4], [], [], [0, 1, 2, 3, 4], [0, 1, 2, 3, 4], [], [], [0, 1, 2, 3, 4], [], [0, 1, 2, 3, 4], [0, 1, 2, 3, 4], [], [], [0, 1, 2, 3, 4], [], [0, 1, 2, 3, 4], [0, 1, 2, 3, 4], [], [0, 1, 2, 3, 4], [], [], [0, 1, 2, 3, 4], [0, 1, 2, 3, 4], [], [0, 1, 2, 3, 4], []]
662;Centreville PnR - Vienna;[1672070, 7748010, 6080010, 5319070, 293010, 6127070, 7010010, 2249070, 2651010, 4741070, 8848070, 7880010, 8366070, 9704010, 1708070, 9453010, 2989010, 2398070, 7142070, 554010, 9884070, 5754080, 7749010, 2426020, 4029080, 3901020, 5982070, 5066010, 3647010, 7821070, 7573020, 2160080, 8313070, 4529010, 1836080, 9646020, 7212070, 968010, 9171020, 849080, 5939020, 7783070, 7013080, 1724010, 8197070, 1105080, 1173010, 3861020, 6728020, 680080, 9540010, 8123070, 9474070, 5263080, 7289020, 4808010, 5664020, 8589070, 442010, 8661080, 1145070, 8623020, 1083010, 7755080, 1957070, 4267020, 861080, 4756010, 6694080, 8349020, 4410070, 8556010, 1101020, 4513070, 1661010, 1684080, 8649020, 1491010, 8710080, 7258070, 409070, 727080, 8254010, 4232020, 1197080, 693010, 5439070, 1865020, 3833070, 8192080, 6596020, 8354010, 7482010, 8314070, 5495020, 9941080, 7075020, 2081070, 7495010, 9604080, 7998020, 5678010, 992070, 9863080, 530070, 9998020, 3400080, 9190010, 9444070, 2550010, 3152070, 6752010, 575010, 4592070, 980010, 4131070, 7954070, 2962010, 1519010, 7586070, 8304070, 4687010, 8532010, 5548070, 3170070, 3131010, 4625070, 4586010, 474010, 9198070, 6467010, 7213070, 9147010, 9820070, 4259070, 316010, 2584070, 9589010, 6984010, 7709070, 7011010, 7166070, 476010, 6607070, 7830020, 8722010, 2787080, 8717070, 884010, 5613070, 2367020, 486070, 8448080, 5468010, 1662010, 382020, 581080, 1357070, 1543080, 2401010, 6111020, 4153070, 7018070, 324080, 5064010, 4578020, 1428070, 2766010, 6112080, 4829020, 4486080, 3100020, 5093070, 6811010, 4874010, 8351080, 5628020, 2793070, 6109010, 1574070, 5085020, 2732080, 3328070, 6169080, 2393020, 4447080, 1728020, 7167070, 7621080, 4631070, 7183020, 6456070, 4031080, 1164020];[07:00, 07:00, 07:30, 07:30, 07:30, 07:30, 08:00, 08:00, 08:00, 08:00, 08:30, 08:30, 08:30, 08:30, 09:00, 09:00, 09:00, 09:00, 09:30, 09:30, 09:30, 09:30, 09:30, 09:30, 10:00, 10:00, 10:00, 10:00, 10:00, 10:00, 10:00, 10:00, 10:30, 10:30, 10:30, 10:30, 10:30, 10:30, 10:30, 10:30, 11:00, 11:00, 11:00, 11:00, 11:00, 11:00, 11:00, 11:00, 11:30, 11:30, 11:30, 11:30, 11:30, 11:30, 11:30, 11:30, 12:00, 12:00, 12:00, 12:00, 12:00, 12:00, 12:00, 12:00, 12:30, 12:30, 12:30, 12:30, 12:30, 12:30, 12:30, 12:30, 13:00, 13:00, 13:00, 13:00, 13:00, 13:00, 13:00, 13:00, 13:30, 13:30, 13:30, 13:30, 13:30, 13:30, 13:30, 13:30, 14:00, 14:00, 14:00, 14:00, 14:00, 14:00, 14:00, 14:00, 14:30, 14:30, 14:30, 14:30, 14:30, 14:30, 14:30, 14:30, 15:00, 15:00, 15:00, 15:00, 15:00, 15:00, 15:30, 15:30, 15:30, 15:30, 16:00, 16:00, 16:00, 16:00, 16:30, 16:30, 16:30, 16:30, 17:00, 17:00, 17:00, 17:00, 17:30, 17:30, 17:30, 17:30, 18:00, 18:00, 18:00, 18:00, 18:30, 18:30, 18:30, 18:30, 19:00, 19:00, 19:00, 19:00, 19:30, 19:30, 19:30, 19:30, 19:30, 19:30, 20:00, 20:00, 20:00, 20:00, 20:00, 20:00, 20:30, 20:30, 20:30, 20:30, 20:30, 20:30, 20:30, 20:30, 21:00, 21:00, 21:00, 21:00, 21:00, 21:00, 21:00, 21:00, 21:30, 21:30, 21:30, 21:30, 21:30, 21:30, 21:30, 21:30, 22:00, 22:00, 22:00, 22:00, 22:00, 22:00, 22:00, 22:30, 22:30, 22:30, 22:30, 22:30, 22:30, 23:00, 23:00, 23:00];[[5], [6], [6], [5], [6], [5], [6], [5], [6], [5], [5], [6], [5], [6], [5], [6], [6], [5], [5], [6], [5], [], [6], [0, 1, 2, 3, 4], [], [0, 1, 2, 3, 4], [5], [6], [6], [5], [0, 1, 2, 3, 4], [], [5], [6], [], [0, 1, 2, 3, 4], [5], [6], [0, 1, 2, 3, 4], [], [0, 1, 2, 3, 4], [5], [], [6], [5], [], [6], [0, 1, 2, 3, 4], [0, 1, 2, 3, 4], [], [6], [5], [5], [], [0, 1, 2, 3, 4], [6], [0, 1, 2, 3, 4], [5], [6], [], [5], [0, 1, 2, 3, 4], [6], [], [5], [0, 1, 2, 3, 4], [], [6], [], [0, 1, 2, 3, 4], [5], [6], [0, 1, 2, 3, 4], [5], [6], [], [0, 1, 2, 3, 4], [6], [], [5], [5], [], [6], [0, 1, 2, 3, 4], [], [6], [5], [0, 1, 2, 3, 4], [5], [], [0, 1, 2, 3, 4], [6], [6], [5], [0, 1, 2, 3, 4], [], [0, 1, 2, 3, 4], [5], [6], [], [0, 1, 2, 3, 4], [6], [5], [], [5], [0, 1, 2, 3, 4], [], [6], [5], [6], [5], [6], [6], [5], [6], [5], [5], [6], [6], [5], [5], [6], [6], [5], [5], [6], [5], [6], [6], [5], [6], [5], [6], [5], [5], [6], [5], [6], [6], [5], [6], [5], [6], [5], [0, 1, 2, 3, 4], [6], [], [5], [6], [5], [0, 1, 2, 3, 4], [5], [], [6], [6], [0, 1, 2, 3, 4], [], [5], [], [6], [0, 1, 2, 3, 4], [5], [5], [], [6], [0, 1, 2, 3, 4], [5], [6], [], [0, 1, 2, 3, 4], [], [0, 1, 2, 3, 4], [5], [6], [6], [], [0, 1, 2, 3, 4], [5], [6], [5], [0, 1, 2, 3, 4], [], [5], [], [0, 1, 2, 3, 4], [], [0, 1, 2, 3, 4], [5], [], [5], [0, 1, 2, 3, 4], [5], [], [0, 1, 2, 3, 4]]
663;Stringfellow Rd. - Vienna;[2570020, 8785020, 5072020, 5640020, 841020, 7501020, 8562020, 3890020, 9994020, 3148020, 5580020, 2463020, 2427020, 9750020, 4263020, 8934020, 5645020, 502020, 6171020, 9446020, 3734020, 5512020, 5817020, 8070020];[05:02, 05:22, 05:42, 06:02, 06:22, 06:42, 07:02, 07:22, 07:42, 08:02, 08:22, 08:42, 15:43, 16:03, 16:23, 16:43, 17:03, 17:23, 17:43, 18:03, 18:23, 18:43, 19:03, 19:23];[[0, 1, 2, 3, 4], [0, 1, 2, 3, 4], [0, 1, 2, 3, 4], [0, 1, 2, 3, 4], [0, 1, 2, 3, 4], [0, 1, 2, 3, 4], [0, 1, 2, 3, 4], [0, 1, 2, 3, 4], [0, 1, 2, 3, 4], [0, 1, 2, 3, 4], [0, 1, 2, 3, 4], [0, 1, 2, 3, 4], [0, 1, 2, 3, 4], [0, 1, 2, 3, 4], [0, 1, 2, 3, 4], [0, 1, 2, 3, 4], [0, 1, 2, 3, 4], [0, 1, 2, 3, 4], [0, 1, 2, 3, 4], [0, 1, 2, 3, 4], [0, 1, 2, 3, 4], [0, 1, 2, 3, 4], [0, 1, 2, 3, 4], [0, 1, 2, 3, 4]]
670;Chantilly - Franconia Limited Stop;[6370020, 2131020, 8806020, 5652020, 8694020, 260020, 3923020, 5118020, 6230020, 8091020, 3021020, 8537020, 7243020, 3174020, 3182020, 7369020, 279020, 7733020, 3352020, 6609020, 3621020, 8437020, 8767020, 3720020, 7574020, 633020, 3406020, 298020, 2383020];[05:00, 05:37, 05:40, 06:15, 06:17, 06:45, 06:55, 07:15, 07:25, 07:45, 08:00, 08:15, 08:30, 08:45, 09:00, 15:32, 15:45, 15:58, 16:15, 16:28, 16:45, 16:58, 17:15, 17:28, 17:45, 18:02, 18:15, 18:32, 19:04];[[0, 1, 2, 3, 4], [0, 1, 2, 3, 4], [0, 1, 2, 3, 4], [0, 1, 2, 3, 4], [0, 1, 2, 3, 4], [0, 1, 2, 3, 4], [0, 1, 2, 3, 4], [0, 1, 2, 3, 4], [0, 1, 2, 3, 4], [0, 1, 2, 3, 4], [0, 1, 2, 3, 4], [0, 1, 2, 3, 4], [0, 1, 2, 3, 4], [0, 1, 2, 3, 4], [0, 1, 2, 3, 4], [0, 1, 2, 3, 4], [0, 1, 2, 3, 4], [0, 1, 2, 3, 4], [0, 1, 2, 3, 4], [0, 1, 2, 3, 4], [0, 1, 2, 3, 4], [0, 1, 2, 3, 4], [0, 1, 2, 3, 4], [0, 1, 2, 3, 4], [0, 1, 2, 3, 4], [0, 1, 2, 3, 4], [0, 1, 2, 3, 4], [0, 1, 2, 3, 4], [0, 1, 2, 3, 4]]
671;Chantilly - Dunn Loring Limited Sto;[6809020, 3293020, 286020, 6210020, 9654020, 5154020, 428020, 8600020, 8583020, 3636020, 4256020, 204020, 118020, 8807020, 9814020, 7754020, 2795020, 9621020, 4847020, 4930020, 7346020, 4047020, 5061020, 9882020, 9952020, 1756020, 2528020, 749020];[05:20, 05:53, 06:00, 06:30, 06:36, 07:00, 07:06, 07:30, 07:36, 08:00, 08:11, 08:30, 08:41, 14:41, 15:08, 15:30, 15:38, 16:00, 16:08, 16:30, 16:38, 17:00, 17:08, 17:30, 17:42, 18:00, 18:12, 18:30];[[0, 1, 2, 3, 4], [0, 1, 2, 3, 4], [0, 1, 2, 3, 4], [0, 1, 2, 3, 4], [0, 1, 2, 3, 4], [0, 1, 2, 3, 4], [0, 1, 2, 3, 4], [0, 1, 2, 3, 4], [0, 1, 2, 3, 4], [0, 1, 2, 3, 4], [0, 1, 2, 3, 4], [0, 1, 2, 3, 4], [0, 1, 2, 3, 4], [0, 1, 2, 3, 4], [0, 1, 2, 3, 4], [0, 1, 2, 3, 4], [0, 1, 2, 3, 4], [0, 1, 2, 3, 4], [0, 1, 2, 3, 4], [0, 1, 2, 3, 4], [0, 1, 2, 3, 4], [0, 1, 2, 3, 4], [0, 1, 2, 3, 4], [0, 1, 2, 3, 4], [0, 1, 2, 3, 4], [0, 1, 2, 3, 4], [0, 1, 2, 3, 4], [0, 1, 2, 3, 4]]
672;Chantilly - Dunn Loring Limited Sto;[6331080, 610070, 2147010, 885010, 4912080, 601070, 7230070, 5282010, 7019080, 6812010, 7541080, 7325070, 1398070, 6544080, 242010, 2341010, 5626080, 8478070, 5614070, 9407080, 8899010, 2210080, 7542070, 8390010, 712070, 6567010, 1559080, 6487020, 4109080, 4064070, 4694010, 1747010, 4915070, 1568020, 1436080, 1965020, 350080, 2100010, 8836070, 8171010, 9411070, 6889020, 7708080, 6707020, 2883010, 3832080, 8450070, 2346080, 3459020, 2747070, 2884010, 3562020, 318010, 9978070, 3581080, 3687010, 7683080, 7014020, 7891070, 8328020, 265070, 3477010, 5236080, 2036080, 2587010, 3110020, 6258070, 5012020, 8772070, 2841080, 5638010, 9228020, 4367010, 5286070, 4742080, 2857020, 208070, 5467010, 3359080, 8597080, 7479020, 3615010, 777070, 4871020, 7746010, 7841070, 5058080, 5320080, 6208070, 4804020, 2573010, 1511020, 5126010, 7047080, 7046070, 3763070, 4738010, 5411080, 7367020, 4753020, 4329070, 3069080, 7132010, 6314020, 2729020, 6870070, 3179080, 852010, 9419080, 3761070, 1921010, 43020, 9648070, 4194010, 5976020, 1814080, 7842080, 6568010, 9110070, 6078020, 8771010, 1448080, 5753070, 8225010, 8287080, 8783070, 4411070, 3093010, 5893080, 2104080, 5182070, 6273010, 4944010, 2372070, 2466080, 9205010, 6536070, 5830080, 7506070, 5001080, 16010, 5795010, 1808080, 3415070, 5542070, 3163080, 1174010, 3888080, 1321070, 5863010, 8896010, 5516080, 7869070, 8645070, 3916010, 3873080, 9257070, 4036080, 1922010, 766010, 3740080, 730070, 4685010, 5549070, 2475080, 647080, 7168070, 4641010, 5183070, 6308010, 4071080, 576010, 4859080, 7379020, 7039070, 1329020, 8706070, 8423080, 7035010, 5232020, 2517070, 721010, 9911080, 4739010, 2082080, 9329070, 634020, 3653080, 4501010, 1236070, 966020, 9821010, 6256070, 8193020, 3095080, 2048020, 5585010, 2770070, 2133080, 6685020, 4487070, 8173080, 7560010, 4964070, 9210080, 831020, 2233010, 8607010, 5531080, 4904070, 5902020, 9302070, 553010, 2690080, 5849020, 4470080, 8849020, 4820070, 6762080, 4210020, 182070, 4776070, 3654080, 3818020, 8453070, 3667080, 1456020];[07:03, 07:03, 07:03, 07:05, 07:05, 07:05, 07:33, 07:33, 07:33, 07:35, 07:35, 07:35, 08:03, 08:03, 08:03, 08:05, 08:05, 08:05, 08:33, 08:33, 08:33, 08:35, 08:35, 08:35, 09:03, 09:03, 09:03, 09:05, 09:06, 09:06, 09:06, 09:33, 09:33, 09:33, 09:33, 09:35, 09:36, 09:36, 09:36, 10:03, 10:03, 10:03, 10:03, 10:05, 10:06, 10:06, 10:06, 10:33, 10:33, 10:33, 10:33, 10:35, 10:36, 10:36, 10:36, 11:03, 11:03, 11:03, 11:03, 11:04, 11:05, 11:05, 11:05, 11:33, 11:33, 11:33, 11:33, 11:34, 11:35, 11:35, 11:35, 12:03, 12:03, 12:03, 12:03, 12:04, 12:05, 12:05, 12:05, 12:33, 12:33, 12:33, 12:33, 12:34, 12:35, 12:35, 12:35, 13:03, 13:03, 13:03, 13:03, 13:04, 13:05, 13:05, 13:05, 13:33, 13:33, 13:33, 13:33, 13:34, 13:35, 13:35, 13:35, 14:02, 14:03, 14:03, 14:03, 14:03, 14:05, 14:05, 14:05, 14:32, 14:33, 14:33, 14:33, 14:33, 14:35, 14:35, 14:35, 15:02, 15:03, 15:03, 15:03, 15:05, 15:05, 15:05, 15:33, 15:33, 15:33, 15:35, 15:35, 15:35, 16:03, 16:03, 16:03, 16:05, 16:05, 16:05, 16:33, 16:33, 16:33, 16:35, 16:35, 16:35, 17:03, 17:03, 17:03, 17:05, 17:05, 17:05, 17:33, 17:33, 17:33, 17:35, 17:35, 17:35, 18:03, 18:03, 18:03, 18:05, 18:05, 18:05, 18:33, 18:33, 18:33, 18:35, 18:35, 18:35, 19:03, 19:03, 19:03, 19:06, 19:06, 19:06, 19:06, 19:33, 19:33, 19:33, 19:33, 19:36, 19:36, 19:36, 19:36, 20:03, 20:03, 20:03, 20:03, 20:06, 20:06, 20:06, 20:06, 20:33, 20:33, 20:33, 20:33, 20:36, 20:36, 20:36, 20:36, 21:03, 21:03, 21:03, 21:03, 21:06, 21:06, 21:06, 21:06, 21:33, 21:33, 21:33, 21:33, 21:36, 21:36, 21:36, 21:36, 22:03, 22:03, 22:03, 22:06, 22:06, 22:06, 22:33, 22:33, 22:33, 22:36, 22:36, 22:36];[[], [5], [6], [6], [], [5], [5], [6], [], [6], [], [5], [5], [], [6], [6], [], [5], [5], [], [6], [], [5], [6], [5], [6], [], [0, 1, 2, 3, 4], [], [5], [6], [6], [5], [0, 1, 2, 3, 4], [], [0, 1, 2, 3, 4], [], [6], [5], [6], [5], [0, 1, 2, 3, 4], [], [0, 1, 2, 3, 4], [6], [], [5], [], [0, 1, 2, 3, 4], [5], [6], [0, 1, 2, 3, 4], [6], [5], [], [6], [], [0, 1, 2, 3, 4], [5], [0, 1, 2, 3, 4], [5], [6], [], [], [6], [0, 1, 2, 3, 4], [5], [0, 1, 2, 3, 4], [5], [], [6], [0, 1, 2, 3, 4], [6], [5], [], [0, 1, 2, 3, 4], [5], [6], [], [], [0, 1, 2, 3, 4], [6], [5], [0, 1, 2, 3, 4], [6], [5], [], [], [5], [0, 1, 2, 3, 4], [6], [0, 1, 2, 3, 4], [6], [], [5], [5], [6], [], [0, 1, 2, 3, 4], [0, 1, 2, 3, 4], [5], [], [6], [0, 1, 2, 3, 4], [0, 1, 2, 3, 4], [5], [], [6], [], [5], [6], [0, 1, 2, 3, 4], [5], [6], [0, 1, 2, 3, 4], [], [], [6], [5], [0, 1, 2, 3, 4], [6], [], [5], [6], [], [5], [5], [6], [], [], [5], [6], [6], [5], [], [6], [5], [], [5], [], [6], [6], [], [5], [5], [], [6], [], [5], [6], [6], [], [5], [5], [6], [], [5], [], [6], [6], [], [5], [6], [5], [], [], [5], [6], [5], [6], [], [6], [], [0, 1, 2, 3, 4], [5], [0, 1, 2, 3, 4], [5], [], [6], [0, 1, 2, 3, 4], [5], [6], [], [6], [], [5], [0, 1, 2, 3, 4], [], [6], [5], [0, 1, 2, 3, 4], [6], [5], [0, 1, 2, 3, 4], [], [0, 1, 2, 3, 4], [6], [5], [], [0, 1, 2, 3, 4], [5], [], [6], [5], [], [0, 1, 2, 3, 4], [6], [6], [], [5], [0, 1, 2, 3, 4], [5], [6], [], [0, 1, 2, 3, 4], [], [0, 1, 2, 3, 4], [5], [], [0, 1, 2, 3, 4], [5], [5], [], [0, 1, 2, 3, 4], [5], [], [0, 1, 2, 3, 4]]
697;Stringfellow Rd - D St SW DC;[5784020, 9431020, 2847020, 8416020, 221020, 7163020, 1216020, 299020, 3691020, 8662020, 3816020, 2285020, 1951020, 6445020, 1704020, 297020, 1544020, 6136020, 1801020, 300020];[05:35, 05:55, 06:15, 06:35, 06:55, 07:15, 07:35, 07:55, 08:15, 08:35, 15:10, 15:35, 16:00, 16:25, 16:45, 17:05, 17:25, 17:45, 18:05, 18:30];[[0, 1, 2, 3, 4], [0, 1, 2, 3, 4], [0, 1, 2, 3, 4], [0, 1, 2, 3, 4], [0, 1, 2, 3, 4], [0, 1, 2, 3, 4], [0, 1, 2, 3, 4], [0, 1, 2, 3, 4], [0, 1, 2, 3, 4], [0, 1, 2, 3, 4], [0, 1, 2, 3, 4], [0, 1, 2, 3, 4], [0, 1, 2, 3, 4], [0, 1, 2, 3, 4], [0, 1, 2, 3, 4], [0, 1, 2, 3, 4], [0, 1, 2, 3, 4], [0, 1, 2, 3, 4], [0, 1, 2, 3, 4], [0, 1, 2, 3, 4]]
698;Stringfellow Rd. - Pentagon;[4885020, 9001020, 1854020, 9734020, 9199020, 7903020, 7016020, 4982020, 2966020, 5581020, 7999020, 178020, 1962020, 9636020, 130020, 2350020, 3112020, 5582020, 8498020, 5442020, 4703020, 7502020, 1689020, 5176020, 2464020, 3587020, 3277020, 4177020, 5665020, 9200020, 1020020, 7669020, 3371020];[05:08, 05:28, 05:43, 05:58, 06:13, 06:28, 06:43, 06:58, 07:13, 07:28, 07:43, 07:58, 08:13, 08:28, 08:43, 08:58, 15:15, 15:30, 15:45, 16:00, 16:15, 16:30, 16:45, 17:00, 17:15, 17:30, 17:45, 18:00, 18:15, 18:30, 18:45, 19:00, 19:15];[[0, 1, 2, 3, 4], [0, 1, 2, 3, 4], [0, 1, 2, 3, 4], [0, 1, 2, 3, 4], [0, 1, 2, 3, 4], [0, 1, 2, 3, 4], [0, 1, 2, 3, 4], [0, 1, 2, 3, 4], [0, 1, 2, 3, 4], [0, 1, 2, 3, 4], [0, 1, 2, 3, 4], [0, 1, 2, 3, 4], [0, 1, 2, 3, 4], [0, 1, 2, 3, 4], [0, 1, 2, 3, 4], [0, 1, 2, 3, 4], [0, 1, 2, 3, 4], [0, 1, 2, 3, 4], [0, 1, 2, 3, 4], [0, 1, 2, 3, 4], [0, 1, 2, 3, 4], [0, 1, 2, 3, 4], [0, 1, 2, 3, 4], [0, 1, 2, 3, 4], [0, 1, 2, 3, 4], [0, 1, 2, 3, 4], [0, 1, 2, 3, 4], [0, 1, 2, 3, 4], [0, 1, 2, 3, 4], [0, 1, 2, 3, 4], [0, 1, 2, 3, 4], [0, 1, 2, 3, 4], [0, 1, 2, 3, 4]]
699;Monument Dr - DOWNTOWN D.C.;[5177020, 4579020, 9447020, 2882020, 4201020, 5290020, 4932020, 7077020, 5156020, 4448020, 6709020, 4075020, 745020, 6963020, 3128020, 1882020, 5291020, 9463020, 7968020, 5104020, 6060020, 2010020, 6359020, 7971020, 773020, 7281020, 341020, 4446020, 6407020, 666020, 8730020, 9071020, 4317020, 482020, 7760020, 5166020, 9709020, 5413020];[05:40, 05:55, 06:10, 06:25, 06:25, 06:40, 06:41, 06:55, 06:58, 07:10, 07:13, 07:25, 07:30, 07:40, 07:51, 07:55, 08:10, 08:30, 08:50, 15:35, 15:50, 16:05, 16:20, 16:32, 16:35, 16:47, 16:50, 17:02, 17:05, 17:17, 17:20, 17:35, 17:37, 17:50, 17:57, 18:05, 18:25, 18:45];[[0, 1, 2, 3, 4], [0, 1, 2, 3, 4], [0, 1, 2, 3, 4], [0, 1, 2, 3, 4], [0, 1, 2, 3, 4], [0, 1, 2, 3, 4], [0, 1, 2, 3, 4], [0, 1, 2, 3, 4], [0, 1, 2, 3, 4], [0, 1, 2, 3, 4], [0, 1, 2, 3, 4], [0, 1, 2, 3, 4], [0, 1, 2, 3, 4], [0, 1, 2, 3, 4], [0, 1, 2, 3, 4], [0, 1, 2, 3, 4], [0, 1, 2, 3, 4], [0, 1, 2, 3, 4], [0, 1, 2, 3, 4], [0, 1, 2, 3, 4], [0, 1, 2, 3, 4], [0, 1, 2, 3, 4], [0, 1, 2, 3, 4], [0, 1, 2, 3, 4], [0, 1, 2, 3, 4], [0, 1, 2, 3, 4], [0, 1, 2, 3, 4], [0, 1, 2, 3, 4], [0, 1, 2, 3, 4], [0, 1, 2, 3, 4], [0, 1, 2, 3, 4], [0, 1, 2, 3, 4], [0, 1, 2, 3, 4], [0, 1, 2, 3, 4], [0, 1, 2, 3, 4], [0, 1, 2, 3, 4], [0, 1, 2, 3, 4], [0, 1, 2, 3, 4]]
703;Pimmit HIlls;[7734020, 6270020, 8808020, 7921020, 7358080, 4408070, 7904020, 2771080, 9149070, 2406020, 4873020, 8499020, 6007070, 4140080, 7537020, 7684070, 8880020, 6357080, 4323020, 8529020, 223070, 9857080, 2228020, 9300080, 911070, 2625020, 7804020, 2928080, 5802020, 4512070, 4675080, 8109020, 6422070, 7032020, 8666070, 9098080, 5462080, 1146070, 8092020, 1071080, 3360070, 5826020, 3956070, 2049020, 9335080, 6154080, 4377020, 1888070, 1690080, 7283020, 29070, 2421080, 146070, 4600020, 4012020, 7478080, 3845070, 8329020, 5647070, 2691080, 1477020, 8889070, 7870080, 5756070, 4693080, 8297020, 3586020, 9839070, 563080, 9806020, 8979020, 1730020, 1549080, 9556070, 6365080, 4765070, 5353020, 7134020, 8055020, 103070, 2329080, 3841020, 2083080, 8325070, 5196020, 5627020, 5397020, 872080, 6147020, 9081070, 6509080, 8106070, 9266020, 8097080, 2200070, 7613020, 8198080, 4626070, 8574020, 9680080, 9294070, 2646020, 8479070, 9131020, 1107080, 6295080, 6416020, 1072070];[05:35, 06:05, 06:05, 06:35, 06:35, 06:35, 06:35, 07:05, 07:05, 07:05, 07:05, 07:35, 07:35, 07:35, 07:35, 08:05, 08:05, 08:05, 08:05, 08:35, 08:35, 08:35, 08:35, 09:05, 09:05, 09:05, 09:05, 09:35, 09:35, 09:35, 10:05, 10:05, 10:05, 10:35, 10:35, 10:35, 11:05, 11:05, 11:05, 11:35, 11:35, 11:35, 12:05, 12:05, 12:05, 12:35, 12:35, 12:35, 13:05, 13:05, 13:05, 13:35, 13:35, 13:35, 14:05, 14:05, 14:05, 14:35, 14:35, 14:35, 15:03, 15:05, 15:05, 15:35, 15:35, 15:35, 16:03, 16:05, 16:05, 16:05, 16:33, 16:35, 16:35, 16:35, 17:05, 17:05, 17:05, 17:05, 17:35, 17:35, 17:35, 17:35, 18:05, 18:05, 18:05, 18:05, 18:35, 18:35, 18:35, 18:35, 19:05, 19:05, 19:05, 19:35, 19:35, 19:35, 20:05, 20:05, 20:05, 20:35, 20:35, 20:35, 21:05, 21:05, 21:05, 21:35, 21:35, 21:35];[[0, 1, 2, 3, 4], [0, 1, 2, 3, 4], [0, 1, 2, 3, 4], [0, 1, 2, 3, 4], [], [5], [0, 1, 2, 3, 4], [], [5], [0, 1, 2, 3, 4], [0, 1, 2, 3, 4], [0, 1, 2, 3, 4], [5], [], [0, 1, 2, 3, 4], [5], [0, 1, 2, 3, 4], [], [0, 1, 2, 3, 4], [0, 1, 2, 3, 4], [5], [], [0, 1, 2, 3, 4], [], [5], [0, 1, 2, 3, 4], [0, 1, 2, 3, 4], [], [0, 1, 2, 3, 4], [5], [], [0, 1, 2, 3, 4], [5], [0, 1, 2, 3, 4], [5], [], [], [5], [0, 1, 2, 3, 4], [], [5], [0, 1, 2, 3, 4], [5], [0, 1, 2, 3, 4], [], [], [0, 1, 2, 3, 4], [5], [], [0, 1, 2, 3, 4], [5], [], [5], [0, 1, 2, 3, 4], [0, 1, 2, 3, 4], [], [5], [0, 1, 2, 3, 4], [5], [], [0, 1, 2, 3, 4], [5], [], [5], [], [0, 1, 2, 3, 4], [0, 1, 2, 3, 4], [5], [], [0, 1, 2, 3, 4], [0, 1, 2, 3, 4], [0, 1, 2, 3, 4], [], [5], [], [5], [0, 1, 2, 3, 4], [0, 1, 2, 3, 4], [0, 1, 2, 3, 4], [5], [], [0, 1, 2, 3, 4], [], [5], [0, 1, 2, 3, 4], [0, 1, 2, 3, 4], [0, 1, 2, 3, 4], [], [0, 1, 2, 3, 4], [5], [], [5], [0, 1, 2, 3, 4], [], [5], [0, 1, 2, 3, 4], [], [5], [0, 1, 2, 3, 4], [], [5], [0, 1, 2, 3, 4], [5], [0, 1, 2, 3, 4], [], [], [0, 1, 2, 3, 4], [5]]
715;East Falls Church - Langley;[7645020, 1037020, 5013020, 7445020, 9888020, 8522020, 205020, 8041020, 1613020, 8449020, 582020, 598020, 4983020, 4049020, 4013020, 3257020, 8585020, 4872020, 10008020, 3246020, 6810020, 3183020, 6090020, 8719020, 3184020];[05:51, 05:55, 06:21, 06:25, 06:51, 06:55, 07:21, 07:25, 07:51, 07:55, 08:19, 08:25, 15:15, 15:45, 15:49, 16:15, 16:19, 16:45, 16:49, 17:15, 17:24, 17:50, 17:59, 18:25, 18:34];[[0, 1, 2, 3, 4], [0, 1, 2, 3, 4], [0, 1, 2, 3, 4], [0, 1, 2, 3, 4], [0, 1, 2, 3, 4], [0, 1, 2, 3, 4], [0, 1, 2, 3, 4], [0, 1, 2, 3, 4], [0, 1, 2, 3, 4], [0, 1, 2, 3, 4], [0, 1, 2, 3, 4], [0, 1, 2, 3, 4], [0, 1, 2, 3, 4], [0, 1, 2, 3, 4], [0, 1, 2, 3, 4], [0, 1, 2, 3, 4], [0, 1, 2, 3, 4], [0, 1, 2, 3, 4], [0, 1, 2, 3, 4], [0, 1, 2, 3, 4], [0, 1, 2, 3, 4], [0, 1, 2, 3, 4], [0, 1, 2, 3, 4], [0, 1, 2, 3, 4], [0, 1, 2, 3, 4]]
721;Chain Bridge Road - Mclean;[7207020, 8951070, 438080, 1153020, 9101020, 3384080, 4914070, 4674070, 5666080, 4280020, 2985020, 3598020, 9651080, 3533070, 6890020, 7549070, 517080, 7887020, 4233020, 1347070, 183080, 6347080, 4913070, 9743020, 276020, 7862020, 6998070, 6699080, 134010, 9297020, 3282080, 4018070, 994020, 95020, 905070, 8235010, 1691080, 9963080, 17010, 5780070, 7480020, 833020, 8686010, 5948020, 496080, 8096070, 319010, 778080, 6950070, 5487020, 8318020, 3530020, 8445070, 3593080, 6292010, 6931070, 9568080, 3600010, 4568020, 261020, 3619080, 6015010, 6895070, 64070, 4939010, 5559080, 8997020, 7244020, 1712070, 3434080, 2402010, 9626070, 8740010, 9588080, 3256020, 5050020, 9579010, 3440080, 7513070, 7189070, 97010, 6608080, 1405020, 6742020, 4193010, 5057070, 1842080, 7961010, 8587070, 1159080, 4830020, 8538020, 2476080, 3092010, 6046070, 6257070, 6061010, 4328080, 7184020, 4456020, 8043010, 1761070, 9394080, 4055070, 6952080, 3758010, 3353020, 7424020, 9519010, 3226080, 5482070, 3345070, 8813080, 9843010, 1905020, 1206020, 964080, 7372010, 8419070, 9111080, 1871070, 4128010, 5386020, 8521020, 6510070, 4213080, 9848010, 1634070, 2161010, 3441080, 5641020, 5424020, 6095080, 7416010, 101070, 8387070, 8174080, 658010, 400020, 1527020, 1243080, 2808010, 308070, 3874080, 7227010, 2834070, 8768020, 8668020, 1530010, 779080, 9904070, 5993010, 7657080, 7396070, 4553020, 8695020, 5708080, 7259070, 5733010, 4050010, 1909070, 9480080, 7592020, 2734020, 4852020, 5457020, 5707080, 7828010, 6598070, 4700070, 6400010, 2445080, 1393020, 4949020, 7757070, 9573080, 5042010, 1335080, 8833010, 8395070, 5260020, 1824020, 2339020, 5334020, 8811010, 1910070, 937080, 2526010, 3510070, 4436080, 9543020, 9230020, 8388080, 1024070, 1833010, 4356080, 3749010, 9811070, 3229020, 7152020, 4178020, 8333020, 477010, 2752070, 1135080, 6638010, 2347070, 1056080, 1457020, 6864020, 9942010, 9834070, 6676080, 682070, 5434080, 4787010, 8512020, 8859020, 4430080, 3984070, 61010, 8590080, 2953070, 6828010, 917020, 1488020, 2863080, 1067070, 8018070, 5440080, 9182010, 3011020, 9953020, 3346070, 102080, 2973080, 4632070, 4083020, 5010020, 6773080, 6675070, 1026080, 3534070, 2132020, 2611020, 2316070, 3997080, 9876070, 564080, 7612020, 7558020, 2576070, 3777080, 6588020];[06:00, 06:00, 06:00, 06:20, 06:22, 06:30, 06:30, 06:33, 06:33, 06:40, 06:42, 07:00, 07:00, 07:00, 07:02, 07:03, 07:03, 07:20, 07:22, 07:30, 07:30, 07:33, 07:33, 07:40, 07:42, 08:00, 08:00, 08:00, 08:00, 08:02, 08:03, 08:03, 08:20, 08:22, 08:30, 08:30, 08:30, 08:33, 08:33, 08:33, 08:40, 08:42, 09:00, 09:00, 09:00, 09:00, 09:03, 09:03, 09:03, 09:07, 09:25, 09:28, 09:30, 09:30, 09:30, 09:33, 09:33, 09:33, 09:55, 09:58, 10:00, 10:00, 10:00, 10:02, 10:02, 10:02, 10:25, 10:28, 10:30, 10:30, 10:30, 10:32, 10:32, 10:32, 10:55, 10:58, 11:00, 11:00, 11:00, 11:02, 11:02, 11:02, 11:25, 11:28, 11:30, 11:30, 11:30, 11:32, 11:32, 11:32, 11:55, 11:58, 12:00, 12:00, 12:00, 12:02, 12:02, 12:02, 12:25, 12:28, 12:30, 12:30, 12:30, 12:32, 12:32, 12:32, 12:55, 12:58, 13:00, 13:00, 13:00, 13:02, 13:02, 13:02, 13:25, 13:28, 13:30, 13:30, 13:30, 13:32, 13:32, 13:32, 13:55, 13:58, 14:00, 14:00, 14:00, 14:02, 14:02, 14:02, 14:25, 14:28, 14:30, 14:30, 14:30, 14:32, 14:32, 14:32, 14:55, 14:58, 15:00, 15:00, 15:00, 15:02, 15:02, 15:02, 15:25, 15:27, 15:30, 15:30, 15:30, 15:32, 15:32, 15:32, 15:45, 15:47, 16:00, 16:00, 16:00, 16:02, 16:02, 16:02, 16:05, 16:07, 16:25, 16:27, 16:30, 16:30, 16:30, 16:32, 16:32, 16:32, 16:45, 16:47, 17:00, 17:00, 17:00, 17:02, 17:02, 17:02, 17:05, 17:07, 17:25, 17:27, 17:30, 17:30, 17:30, 17:32, 17:32, 17:32, 17:45, 17:47, 18:00, 18:00, 18:00, 18:02, 18:02, 18:02, 18:05, 18:07, 18:25, 18:27, 18:30, 18:30, 18:30, 18:32, 18:32, 18:32, 18:45, 18:58, 19:00, 19:00, 19:00, 19:03, 19:03, 19:03, 19:25, 19:28, 19:30, 19:30, 19:30, 19:33, 19:33, 19:33, 19:55, 19:58, 20:00, 20:00, 20:03, 20:03, 20:03, 20:25, 20:28, 20:30, 20:30, 20:33, 20:33, 20:55, 20:58, 21:00, 21:00, 21:03, 21:03, 21:25, 21:28, 21:30, 21:30, 21:33, 21:33, 21:55, 21:58, 22:03, 22:03, 22:28];[[0, 1, 2, 3, 4], [5], [], [0, 1, 2, 3, 4], [0, 1, 2, 3, 4], [], [5], [5], [], [0, 1, 2, 3, 4], [0, 1, 2, 3, 4], [0, 1, 2, 3, 4], [], [5], [0, 1, 2, 3, 4], [5], [], [0, 1, 2, 3, 4], [0, 1, 2, 3, 4], [5], [], [], [5], [0, 1, 2, 3, 4], [0, 1, 2, 3, 4], [0, 1, 2, 3, 4], [5], [], [6], [0, 1, 2, 3, 4], [], [5], [0, 1, 2, 3, 4], [0, 1, 2, 3, 4], [5], [6], [], [], [6], [5], [0, 1, 2, 3, 4], [0, 1, 2, 3, 4], [6], [0, 1, 2, 3, 4], [], [5], [6], [], [5], [0, 1, 2, 3, 4], [0, 1, 2, 3, 4], [0, 1, 2, 3, 4], [5], [], [6], [5], [], [6], [0, 1, 2, 3, 4], [0, 1, 2, 3, 4], [], [6], [5], [5], [6], [], [0, 1, 2, 3, 4], [0, 1, 2, 3, 4], [5], [], [6], [5], [6], [], [0, 1, 2, 3, 4], [0, 1, 2, 3, 4], [6], [], [5], [5], [6], [], [0, 1, 2, 3, 4], [0, 1, 2, 3, 4], [6], [5], [], [6], [5], [], [0, 1, 2, 3, 4], [0, 1, 2, 3, 4], [], [6], [5], [5], [6], [], [0, 1, 2, 3, 4], [0, 1, 2, 3, 4], [6], [5], [], [5], [], [6], [0, 1, 2, 3, 4], [0, 1, 2, 3, 4], [6], [], [5], [5], [], [6], [0, 1, 2, 3, 4], [0, 1, 2, 3, 4], [], [6], [5], [], [5], [6], [0, 1, 2, 3, 4], [0, 1, 2, 3, 4], [5], [], [6], [5], [6], [], [0, 1, 2, 3, 4], [0, 1, 2, 3, 4], [], [6], [5], [5], [], [6], [0, 1, 2, 3, 4], [0, 1, 2, 3, 4], [], [6], [5], [], [6], [5], [0, 1, 2, 3, 4], [0, 1, 2, 3, 4], [6], [], [5], [6], [], [5], [0, 1, 2, 3, 4], [0, 1, 2, 3, 4], [], [5], [6], [6], [5], [], [0, 1, 2, 3, 4], [0, 1, 2, 3, 4], [0, 1, 2, 3, 4], [0, 1, 2, 3, 4], [], [6], [5], [5], [6], [], [0, 1, 2, 3, 4], [0, 1, 2, 3, 4], [5], [], [6], [], [6], [5], [0, 1, 2, 3, 4], [0, 1, 2, 3, 4], [0, 1, 2, 3, 4], [0, 1, 2, 3, 4], [6], [5], [], [6], [5], [], [0, 1, 2, 3, 4], [0, 1, 2, 3, 4], [], [5], [6], [], [6], [5], [0, 1, 2, 3, 4], [0, 1, 2, 3, 4], [0, 1, 2, 3, 4], [0, 1, 2, 3, 4], [6], [5], [], [6], [5], [], [0, 1, 2, 3, 4], [0, 1, 2, 3, 4], [6], [5], [], [5], [], [6], [0, 1, 2, 3, 4], [0, 1, 2, 3, 4], [], [5], [6], [], [5], [6], [0, 1, 2, 3, 4], [0, 1, 2, 3, 4], [], [5], [5], [], [6], [0, 1, 2, 3, 4], [0, 1, 2, 3, 4], [5], [], [], [5], [0, 1, 2, 3, 4], [0, 1, 2, 3, 4], [], [5], [], [5], [0, 1, 2, 3, 4], [0, 1, 2, 3, 4], [5], [], [5], [], [0, 1, 2, 3, 4], [0, 1, 2, 3, 4], [5], [], [0, 1, 2, 3, 4]]
798;Tysons - Bethesda;[1931020, 3863020, 7593020, 8262020, 7726020, 5014020, 1261020, 8832020, 3295020, 4526020, 6344020, 7559020, 2245020, 9686020, 1441020, 8374020, 9433020, 2055020, 7776020, 4180020, 5081020, 2678020, 2593020, 1111020, 8705020, 3199020, 4554020, 4931020];[05:50, 06:05, 06:10, 06:30, 06:30, 06:50, 07:00, 07:17, 07:20, 07:45, 07:47, 08:04, 08:07, 08:40, 08:50, 15:30, 15:50, 16:00, 16:10, 16:20, 16:40, 16:50, 17:00, 17:20, 17:27, 17:50, 18:07, 18:30];[[0, 1, 2, 3, 4], [0, 1, 2, 3, 4], [0, 1, 2, 3, 4], [0, 1, 2, 3, 4], [0, 1, 2, 3, 4], [0, 1, 2, 3, 4], [0, 1, 2, 3, 4], [0, 1, 2, 3, 4], [0, 1, 2, 3, 4], [0, 1, 2, 3, 4], [0, 1, 2, 3, 4], [0, 1, 2, 3, 4], [0, 1, 2, 3, 4], [0, 1, 2, 3, 4], [0, 1, 2, 3, 4], [0, 1, 2, 3, 4], [0, 1, 2, 3, 4], [0, 1, 2, 3, 4], [0, 1, 2, 3, 4], [0, 1, 2, 3, 4], [0, 1, 2, 3, 4], [0, 1, 2, 3, 4], [0, 1, 2, 3, 4], [0, 1, 2, 3, 4], [0, 1, 2, 3, 4], [0, 1, 2, 3, 4], [0, 1, 2, 3, 4], [0, 1, 2, 3, 4]]
803;Annandale Road;[1758020, 8993020, 4343020, 8245020, 6345020, 8851080, 6376020, 4664010, 5924070, 7607020, 8652020, 6193080, 5746070, 5734010, 4033020, 8519070, 784080, 4522010, 1479020, 6892020, 1032080, 5114070, 2003010, 4169080, 6458070, 2898010, 179020, 2368020, 7987070, 6690080, 8019010, 7400010, 4937080, 3987070, 6649020, 1124020, 9112080, 6973070, 1520010, 405010, 3986080, 209070, 5446020, 1647020, 1086080, 6871070, 9362010, 76020, 6488020, 5269070, 5656080, 9390010, 4754020, 3464080, 3567070, 5466020, 6813010, 5820010, 9766080, 8205070, 3236020, 8118020, 5215010, 5925070, 1429080, 1819070, 3132010, 5373080, 200020, 7371020, 1039010, 9533070, 6386080, 4530010, 6118070, 6225080, 2267020, 5571020, 8742010, 3334080, 1673070, 8114070, 9609010, 5327080, 595020, 6743020, 7417010, 4019070, 4285080, 4437080, 8985070, 2101010, 4646020, 2448020, 9124010, 9007080, 6374070, 7710080, 9313070, 573010, 7770020, 2944020, 8655010, 531080, 7543070, 8651020, 5934080, 8546070, 2178010, 7368020, 635020, 5190010, 5365070, 5832080, 9491020, 6204010, 9126080, 9144070, 3603020, 1687020, 1659010, 9677070, 702080, 603070, 3461020, 2242010, 4889080, 772020, 5643020, 4901010, 2738080, 6972070, 4104020, 2144080, 2835070, 2937010, 6156020, 5488020, 1310070, 385080, 2188010, 5966020, 8440010, 4531080, 2980070, 4405010, 6599070, 3417080, 5785020, 8809020, 713070, 2513010, 6000080, 5051020, 9505020, 9954020];[05:35, 06:10, 06:15, 06:35, 06:45, 07:05, 07:05, 07:05, 07:05, 07:15, 07:35, 07:40, 07:40, 07:41, 07:45, 07:50, 07:50, 07:50, 08:05, 08:15, 08:25, 08:25, 08:26, 08:35, 08:35, 08:35, 08:45, 08:45, 09:10, 09:10, 09:11, 09:20, 09:20, 09:20, 09:25, 09:25, 09:55, 09:55, 09:56, 10:05, 10:05, 10:05, 10:05, 10:05, 10:40, 10:40, 10:41, 10:45, 10:45, 10:50, 10:50, 10:50, 11:25, 11:25, 11:25, 11:25, 11:26, 11:35, 11:35, 11:35, 12:05, 12:05, 12:11, 12:14, 12:14, 12:20, 12:20, 12:20, 12:45, 12:45, 12:56, 12:59, 12:59, 13:05, 13:05, 13:05, 13:25, 13:25, 13:41, 13:44, 13:44, 13:50, 13:50, 13:50, 14:05, 14:05, 14:26, 14:29, 14:29, 14:35, 14:35, 14:35, 14:45, 14:45, 15:11, 15:14, 15:14, 15:20, 15:20, 15:20, 15:25, 15:25, 15:56, 15:59, 15:59, 16:05, 16:05, 16:05, 16:05, 16:05, 16:35, 16:43, 16:44, 16:44, 16:45, 16:50, 16:50, 16:50, 17:05, 17:17, 17:28, 17:29, 17:29, 17:35, 17:35, 17:35, 17:35, 17:47, 18:05, 18:13, 18:14, 18:14, 18:17, 18:20, 18:20, 18:20, 18:35, 18:55, 18:57, 18:57, 18:58, 19:05, 19:05, 19:05, 19:05, 19:41, 19:42, 19:42, 19:45, 19:45, 20:05, 20:05, 20:05, 20:25, 20:45, 21:15];[[0, 1, 2, 3, 4], [0, 1, 2, 3, 4], [0, 1, 2, 3, 4], [0, 1, 2, 3, 4], [0, 1, 2, 3, 4], [], [0, 1, 2, 3, 4], [6], [5], [0, 1, 2, 3, 4], [0, 1, 2, 3, 4], [], [5], [6], [0, 1, 2, 3, 4], [5], [], [6], [0, 1, 2, 3, 4], [0, 1, 2, 3, 4], [], [5], [6], [], [5], [6], [0, 1, 2, 3, 4], [0, 1, 2, 3, 4], [5], [], [6], [6], [], [5], [0, 1, 2, 3, 4], [0, 1, 2, 3, 4], [], [5], [6], [6], [], [5], [0, 1, 2, 3, 4], [0, 1, 2, 3, 4], [], [5], [6], [0, 1, 2, 3, 4], [0, 1, 2, 3, 4], [5], [], [6], [0, 1, 2, 3, 4], [], [5], [0, 1, 2, 3, 4], [6], [6], [], [5], [0, 1, 2, 3, 4], [0, 1, 2, 3, 4], [6], [5], [], [5], [6], [], [0, 1, 2, 3, 4], [0, 1, 2, 3, 4], [6], [5], [], [6], [5], [], [0, 1, 2, 3, 4], [0, 1, 2, 3, 4], [6], [], [5], [5], [6], [], [0, 1, 2, 3, 4], [0, 1, 2, 3, 4], [6], [5], [], [], [5], [6], [0, 1, 2, 3, 4], [0, 1, 2, 3, 4], [6], [], [5], [], [5], [6], [0, 1, 2, 3, 4], [0, 1, 2, 3, 4], [6], [], [5], [0, 1, 2, 3, 4], [], [5], [6], [0, 1, 2, 3, 4], [0, 1, 2, 3, 4], [6], [5], [], [0, 1, 2, 3, 4], [6], [], [5], [0, 1, 2, 3, 4], [0, 1, 2, 3, 4], [6], [5], [], [5], [0, 1, 2, 3, 4], [6], [], [0, 1, 2, 3, 4], [0, 1, 2, 3, 4], [6], [], [5], [0, 1, 2, 3, 4], [], [5], [6], [0, 1, 2, 3, 4], [0, 1, 2, 3, 4], [5], [], [6], [0, 1, 2, 3, 4], [6], [], [5], [6], [5], [], [0, 1, 2, 3, 4], [0, 1, 2, 3, 4], [5], [6], [], [0, 1, 2, 3, 4], [0, 1, 2, 3, 4], [0, 1, 2, 3, 4]]
834;Pentagon - Annandale;[7863020, 4475020, 6840020, 160020, 2322020, 1975020, 6735020, 744020];[06:45, 07:10, 07:40, 16:27, 16:57, 17:25, 17:55, 18:27];[[0, 1, 2, 3, 4], [0, 1, 2, 3, 4], [0, 1, 2, 3, 4], [0, 1, 2, 3, 4], [0, 1, 2, 3, 4], [0, 1, 2, 3, 4], [0, 1, 2, 3, 4], [0, 1, 2, 3, 4]]
835;Braeburn Dr - Pentagon;[4714020, 5267020, 6446020, 7906020, 4246020, 4737020, 6788020, 6632020, 1091020, 623020, 8087020, 3958020, 8982020, 6668020];[05:50, 06:20, 06:50, 07:20, 07:50, 08:20, 15:35, 16:05, 16:35, 17:05, 17:35, 18:05, 18:35, 19:05];[[0, 1, 2, 3, 4], [0, 1, 2, 3, 4], [0, 1, 2, 3, 4], [0, 1, 2, 3, 4], [0, 1, 2, 3, 4], [0, 1, 2, 3, 4], [0, 1, 2, 3, 4], [0, 1, 2, 3, 4], [0, 1, 2, 3, 4], [0, 1, 2, 3, 4], [0, 1, 2, 3, 4], [0, 1, 2, 3, 4], [0, 1, 2, 3, 4], [0, 1, 2, 3, 4]]
901;Herndon Metro -Centreville;[3835020, 8347020, 879020, 9957020, 5129020, 3751020, 947020, 1707020, 3836020, 7156010, 6266080, 9564020, 1205070, 6026080, 9177010, 1182070, 100020, 2610020, 1959020, 1248010, 512020, 5067070, 5394080, 9052010, 2586070, 1073080, 3792020, 9420070, 427020, 4111080, 1564010, 9004080, 5833070, 2125010, 6432020, 1795010, 6905080, 1911070, 5027020, 7802020, 406070, 4069010, 7231080, 171010, 4532070, 2005020, 6571080, 2261010, 9939070, 6320080, 8255020, 1503070, 6763080, 9808010, 2074020, 2423070, 9041020, 6967010, 8276080, 9359020, 9058010, 3416080, 2251070, 5451020, 7579070, 359010, 1136080, 8128020, 7794020, 7335020, 2482020, 7431080, 6476070, 4157010, 3630010, 5412070, 2753080, 2492020, 5485020, 5285010, 4563080, 9164070, 9607020, 9455080, 4928070, 8892010, 5082020, 8954020, 9902020, 1635070, 1630010, 7977080, 8965020, 2692070, 9454010, 3627080, 561020, 2825020, 418020, 7507080, 6227010, 642020, 9549070, 1365010, 2440070, 7944080, 6527020, 8847020, 4372020, 8898010, 3387020, 7843070, 2292080, 6412010, 3568080, 9858070, 6051020, 7720010, 5745070, 7785080, 1385020, 8535010, 3374070, 9527080, 7845020, 1025070, 7365010, 1170080, 7004020, 9688010, 3673020, 5983070, 9062080];[05:00, 05:30, 05:45, 06:00, 06:24, 06:30, 06:54, 07:00, 07:24, 07:30, 07:30, 07:30, 07:30, 07:30, 07:30, 07:30, 07:54, 08:00, 08:24, 08:30, 08:30, 08:30, 08:30, 08:30, 08:30, 08:30, 08:56, 09:30, 09:30, 09:30, 09:30, 09:30, 09:30, 09:30, 09:30, 10:30, 10:30, 10:30, 10:30, 10:30, 10:30, 10:30, 10:30, 11:30, 11:30, 11:30, 11:30, 11:30, 11:30, 11:30, 11:30, 12:30, 12:30, 12:30, 12:30, 12:30, 12:30, 12:30, 12:30, 13:30, 13:30, 13:30, 13:30, 13:30, 13:30, 13:30, 13:30, 13:55, 13:55, 14:25, 14:25, 14:30, 14:30, 14:30, 14:30, 14:30, 14:30, 15:00, 15:00, 15:30, 15:30, 15:30, 15:30, 15:30, 15:30, 15:30, 15:35, 16:00, 16:20, 16:30, 16:30, 16:30, 16:30, 16:30, 16:30, 16:30, 16:50, 17:00, 17:20, 17:30, 17:30, 17:30, 17:30, 17:30, 17:30, 17:30, 17:50, 18:00, 18:20, 18:30, 18:30, 18:30, 18:30, 18:30, 18:30, 18:30, 18:50, 19:30, 19:30, 19:30, 19:30, 19:30, 19:30, 19:30, 19:30, 20:30, 20:30, 20:30, 20:30, 20:30, 20:30, 20:30, 20:30];[[0, 1, 2, 3, 4], [0, 1, 2, 3, 4], [0, 1, 2, 3, 4], [0, 1, 2, 3, 4], [0, 1, 2, 3, 4], [0, 1, 2, 3, 4], [0, 1, 2, 3, 4], [0, 1, 2, 3, 4], [0, 1, 2, 3, 4], [6], [], [0, 1, 2, 3, 4], [5], [], [6], [5], [0, 1, 2, 3, 4], [0, 1, 2, 3, 4], [0, 1, 2, 3, 4], [6], [0, 1, 2, 3, 4], [5], [], [6], [5], [], [0, 1, 2, 3, 4], [5], [0, 1, 2, 3, 4], [], [6], [], [5], [6], [0, 1, 2, 3, 4], [6], [], [5], [0, 1, 2, 3, 4], [0, 1, 2, 3, 4], [5], [6], [], [6], [5], [0, 1, 2, 3, 4], [], [6], [5], [], [0, 1, 2, 3, 4], [5], [], [6], [0, 1, 2, 3, 4], [5], [0, 1, 2, 3, 4], [6], [], [0, 1, 2, 3, 4], [6], [], [5], [0, 1, 2, 3, 4], [5], [6], [], [0, 1, 2, 3, 4], [0, 1, 2, 3, 4], [0, 1, 2, 3, 4], [0, 1, 2, 3, 4], [], [5], [6], [6], [5], [], [0, 1, 2, 3, 4], [0, 1, 2, 3, 4], [6], [], [5], [0, 1, 2, 3, 4], [], [5], [6], [0, 1, 2, 3, 4], [0, 1, 2, 3, 4], [0, 1, 2, 3, 4], [5], [6], [], [0, 1, 2, 3, 4], [5], [6], [], [0, 1, 2, 3, 4], [0, 1, 2, 3, 4], [0, 1, 2, 3, 4], [], [6], [0, 1, 2, 3, 4], [5], [6], [5], [], [0, 1, 2, 3, 4], [0, 1, 2, 3, 4], [0, 1, 2, 3, 4], [6], [0, 1, 2, 3, 4], [5], [], [6], [], [5], [0, 1, 2, 3, 4], [6], [5], [], [0, 1, 2, 3, 4], [6], [5], [], [0, 1, 2, 3, 4], [5], [6], [], [0, 1, 2, 3, 4], [6], [0, 1, 2, 3, 4], [5], []]
921;Herndon Circulator;[7647080, 7721010, 6846070, 4697020, 3060070, 8176080, 3968010, 2344020, 8754080, 792010, 4260070, 8408020, 6512070, 7682010, 8480080, 3480020, 6546070, 6254010, 7437080, 7177020, 3290070, 478010, 7610080, 1009020, 1109070, 2331080, 173010, 74020, 993080, 7609070, 4158010, 3937010, 6959020, 1228080, 3214070, 3857010, 723020, 5270070, 6119080, 2507020, 5624010, 6048070, 9871080, 5857010, 9202020, 9574070, 4583080, 9279010, 5172080, 2355070, 9011020, 7269020, 4385010, 945070, 9877080, 5528010, 6613020, 4575080, 1379070, 3286010, 4009020, 2736080, 7268070, 6152010, 3764070, 419020, 2737080, 2674070, 7092080, 174010, 2768020, 4758010, 3907080, 9222070, 1359020, 2073010, 2270070, 7810080, 5029020, 2566010, 4345070, 7646080, 6392010, 2388020, 2390070, 8930080, 4266010, 2053070, 8411020, 3542080, 8073010, 8086020, 2084070, 1502080];[07:15, 07:15, 07:15, 07:20, 07:45, 07:45, 07:45, 08:00, 08:15, 08:15, 08:15, 08:40, 08:45, 08:45, 08:45, 09:15, 09:15, 09:15, 09:15, 09:45, 09:50, 09:50, 09:50, 10:15, 10:20, 10:20, 10:20, 10:45, 10:50, 10:50, 10:50, 11:20, 11:25, 11:30, 11:30, 11:55, 11:55, 12:00, 12:00, 12:25, 12:25, 12:30, 12:30, 12:55, 12:55, 13:00, 13:00, 13:25, 13:30, 13:30, 13:30, 14:00, 14:00, 14:05, 14:05, 14:30, 14:30, 14:35, 14:35, 15:00, 15:00, 15:05, 15:05, 15:30, 15:35, 15:35, 15:35, 16:05, 16:05, 16:05, 16:10, 16:35, 16:45, 16:45, 16:50, 17:05, 17:15, 17:15, 17:30, 17:35, 17:45, 17:45, 18:10, 18:10, 18:20, 18:20, 18:40, 18:50, 18:50, 18:50, 19:15, 19:20, 19:20, 19:20];[[], [6], [5], [0, 1, 2, 3, 4], [5], [], [6], [0, 1, 2, 3, 4], [], [6], [5], [0, 1, 2, 3, 4], [5], [6], [], [0, 1, 2, 3, 4], [5], [6], [], [0, 1, 2, 3, 4], [5], [6], [], [0, 1, 2, 3, 4], [5], [], [6], [0, 1, 2, 3, 4], [], [5], [6], [6], [0, 1, 2, 3, 4], [], [5], [6], [0, 1, 2, 3, 4], [5], [], [0, 1, 2, 3, 4], [6], [5], [], [6], [0, 1, 2, 3, 4], [5], [], [6], [], [5], [0, 1, 2, 3, 4], [0, 1, 2, 3, 4], [6], [5], [], [6], [0, 1, 2, 3, 4], [], [5], [6], [0, 1, 2, 3, 4], [], [5], [6], [5], [0, 1, 2, 3, 4], [], [5], [], [6], [0, 1, 2, 3, 4], [6], [], [5], [0, 1, 2, 3, 4], [6], [5], [], [0, 1, 2, 3, 4], [6], [5], [], [6], [0, 1, 2, 3, 4], [5], [], [6], [5], [0, 1, 2, 3, 4], [], [6], [0, 1, 2, 3, 4], [5], []]
924;Dranesville Rd - Franklin Farm;[5251020, 3938020, 322020, 919020, 8409020, 2444020, 1683020, 6268020, 425020, 3203070, 4542080, 7361010, 4627070, 9320080, 1119010, 2785020, 6977020, 2065020, 6774020, 9410020, 175020, 4249010, 7102070, 4223080, 4453070, 873080, 3402010, 315020, 8682020, 129020, 1751020, 7626020, 3715070, 7680010, 2327080, 5843010, 5517070, 377020, 1336080, 2598080, 7523010, 565070, 3969020, 797070, 533020, 8367080, 6267010, 9521010, 5350020, 4534080, 8202070, 5163010, 6600070, 9955020, 5532080, 9910010, 5896020, 1460070, 8145080, 9281020, 386080, 9037010, 7232070, 3265020, 9510070, 5390010, 3698080, 7021080, 3713010, 4843020, 7550070, 1606070, 8203080, 9094010, 3231020, 3386010, 3985080, 7442020, 2177070, 7272020, 3269020, 9485010, 3204080, 9733070, 8591070, 4020080, 5149010, 3405020, 3429020, 1960020, 732070, 856080, 4594010, 9544070, 2716080, 2866010, 2282020, 3215020, 7234020, 4833020, 997020, 926020, 731080, 848010, 3171070, 6614070, 1204080, 2893010, 75020, 9603020, 3071020, 9889020, 3565020, 4159020, 5762070, 8175080, 9183010, 1856010, 3213070, 6296080, 7178020, 1387020, 5879020, 5698020, 1636080, 244070, 7741010, 6047080, 5680010, 4766070, 3043020, 3651020, 1971070, 8805010, 4836080, 8094010, 7239070, 266080, 5728020, 1367020, 2867010, 4132070, 8115080, 2890080, 4471070, 7020, 6724010, 2845020];[05:00, 05:52, 06:00, 06:12, 06:16, 06:32, 06:36, 06:52, 06:56, 07:00, 07:00, 07:00, 07:03, 07:03, 07:03, 07:12, 07:16, 07:32, 07:36, 07:52, 07:56, 08:00, 08:00, 08:00, 08:03, 08:03, 08:03, 08:12, 08:16, 08:32, 08:36, 09:00, 09:00, 09:00, 09:00, 09:02, 09:02, 09:02, 09:02, 10:00, 10:00, 10:00, 10:00, 10:02, 10:02, 10:02, 10:02, 11:00, 11:00, 11:00, 11:00, 11:02, 11:02, 11:02, 11:02, 12:00, 12:00, 12:00, 12:00, 12:02, 12:02, 12:02, 12:02, 13:00, 13:00, 13:00, 13:00, 13:02, 13:02, 13:02, 13:02, 14:00, 14:00, 14:00, 14:00, 14:02, 14:02, 14:02, 14:02, 14:55, 14:57, 15:00, 15:00, 15:00, 15:02, 15:02, 15:02, 15:31, 15:51, 15:55, 16:00, 16:00, 16:00, 16:02, 16:02, 16:02, 16:11, 16:15, 16:31, 16:35, 16:51, 16:55, 17:00, 17:00, 17:00, 17:02, 17:02, 17:02, 17:11, 17:15, 17:31, 17:35, 17:51, 17:55, 18:00, 18:00, 18:00, 18:02, 18:02, 18:02, 18:11, 18:15, 18:35, 18:58, 19:00, 19:00, 19:00, 19:02, 19:02, 19:02, 19:02, 19:58, 20:00, 20:00, 20:00, 20:02, 20:02, 20:02, 20:02, 20:58, 21:00, 21:00, 21:00, 21:02, 21:02, 21:02, 21:02, 22:06];[[0, 1, 2, 3, 4], [0, 1, 2, 3, 4], [0, 1, 2, 3, 4], [0, 1, 2, 3, 4], [0, 1, 2, 3, 4], [0, 1, 2, 3, 4], [0, 1, 2, 3, 4], [0, 1, 2, 3, 4], [0, 1, 2, 3, 4], [5], [], [6], [5], [], [6], [0, 1, 2, 3, 4], [0, 1, 2, 3, 4], [0, 1, 2, 3, 4], [0, 1, 2, 3, 4], [0, 1, 2, 3, 4], [0, 1, 2, 3, 4], [6], [5], [], [5], [], [6], [0, 1, 2, 3, 4], [0, 1, 2, 3, 4], [0, 1, 2, 3, 4], [0, 1, 2, 3, 4], [0, 1, 2, 3, 4], [5], [6], [], [6], [5], [0, 1, 2, 3, 4], [], [], [6], [5], [0, 1, 2, 3, 4], [5], [0, 1, 2, 3, 4], [], [6], [6], [0, 1, 2, 3, 4], [], [5], [6], [5], [0, 1, 2, 3, 4], [], [6], [0, 1, 2, 3, 4], [5], [], [0, 1, 2, 3, 4], [], [6], [5], [0, 1, 2, 3, 4], [5], [6], [], [], [6], [0, 1, 2, 3, 4], [5], [5], [], [6], [0, 1, 2, 3, 4], [6], [], [0, 1, 2, 3, 4], [5], [0, 1, 2, 3, 4], [0, 1, 2, 3, 4], [6], [], [5], [5], [], [6], [0, 1, 2, 3, 4], [0, 1, 2, 3, 4], [0, 1, 2, 3, 4], [5], [], [6], [5], [], [6], [0, 1, 2, 3, 4], [0, 1, 2, 3, 4], [0, 1, 2, 3, 4], [0, 1, 2, 3, 4], [0, 1, 2, 3, 4], [0, 1, 2, 3, 4], [], [6], [5], [5], [], [6], [0, 1, 2, 3, 4], [0, 1, 2, 3, 4], [0, 1, 2, 3, 4], [0, 1, 2, 3, 4], [0, 1, 2, 3, 4], [0, 1, 2, 3, 4], [5], [], [6], [6], [5], [], [0, 1, 2, 3, 4], [0, 1, 2, 3, 4], [0, 1, 2, 3, 4], [0, 1, 2, 3, 4], [], [5], [6], [], [6], [5], [0, 1, 2, 3, 4], [0, 1, 2, 3, 4], [5], [6], [], [6], [5], [], [0, 1, 2, 3, 4], [0, 1, 2, 3, 4], [6], [5], [], [], [5], [0, 1, 2, 3, 4], [6], [0, 1, 2, 3, 4]]
937;Coppermine - Elden - Herndon Metro;[8815070, 9507010, 1412080, 1214020, 397010, 4143070, 184080, 6229020, 1973070, 2085080, 874010, 8656020, 1843080, 40010, 9154070, 2577070, 6837010, 1870080, 7398020, 8909020, 4960010, 3263080, 5675070, 9752010, 5955080, 6705070, 4229020, 5111020, 3846080, 8893070, 4550010, 798080, 6805070, 3428010, 7643020, 8410020, 1547020, 5800070, 5917080, 6666010, 2514080, 5674070, 2784010, 5333020, 928020, 1017010, 6987080, 2166070, 9238010, 9241070, 4856020, 9922080, 18080, 5271070, 5192010, 4399020, 6164070, 9727010, 6045020, 3569080, 914080, 8045010, 6132070, 1104020, 9250080, 3896070, 7492020, 8684010, 9056070, 7418010, 6269020, 138080, 6187010, 9830070, 9710080, 4961020, 2306070, 7157010, 4101020, 3070080, 3435070, 8083010, 2981080, 4962020, 6447070, 9409010, 8020, 147080, 2693080, 5996010, 3270020, 9027070, 3566070, 9367080, 8150010, 8277070, 294020, 2675080, 2031010, 4299020, 4313070, 7992010, 4888080, 9669070, 8867010, 6192080, 8857020, 4154080, 7020070, 6781010, 9502020, 1012070, 3966010, 7938080, 6312020, 5128010, 1954080, 3866070, 9244010, 4767080, 110070, 5059010, 8124070, 1492080, 9312080, 2488010, 1254070, 9095080, 8044010, 3491070, 99010, 8608070, 7544080, 8305080, 4666070, 9812010];[07:46, 07:46, 07:46, 07:58, 08:20, 08:20, 08:20, 08:23, 08:26, 08:26, 08:26, 08:38, 08:56, 08:56, 08:56, 09:00, 09:00, 09:00, 09:03, 09:18, 09:36, 09:36, 09:36, 09:40, 09:40, 09:40, 09:41, 09:45, 10:16, 10:16, 10:16, 10:20, 10:20, 10:20, 10:20, 10:21, 10:56, 10:56, 10:56, 10:56, 11:00, 11:00, 11:00, 11:00, 11:36, 11:36, 11:36, 11:36, 11:40, 11:40, 11:40, 11:40, 12:16, 12:16, 12:16, 12:16, 12:20, 12:20, 12:20, 12:20, 12:56, 12:56, 12:56, 12:56, 13:00, 13:00, 13:00, 13:00, 13:36, 13:36, 13:36, 13:36, 13:40, 13:40, 13:40, 13:40, 14:16, 14:16, 14:16, 14:16, 14:20, 14:20, 14:20, 14:20, 14:56, 14:56, 14:56, 14:56, 15:00, 15:00, 15:00, 15:00, 15:36, 15:36, 15:36, 15:40, 15:40, 15:40, 15:40, 15:43, 16:16, 16:16, 16:16, 16:20, 16:20, 16:20, 16:23, 16:56, 16:56, 16:56, 16:58, 17:00, 17:00, 17:00, 17:23, 17:36, 17:36, 17:36, 17:40, 17:40, 17:40, 18:16, 18:16, 18:16, 18:20, 18:20, 18:20, 18:56, 18:56, 18:56, 19:00, 19:00, 19:00, 19:36, 19:36, 19:36];[[5], [6], [], [0, 1, 2, 3, 4], [6], [5], [], [0, 1, 2, 3, 4], [5], [], [6], [0, 1, 2, 3, 4], [], [6], [5], [5], [6], [], [0, 1, 2, 3, 4], [0, 1, 2, 3, 4], [6], [], [5], [6], [], [5], [0, 1, 2, 3, 4], [0, 1, 2, 3, 4], [], [5], [6], [], [5], [6], [0, 1, 2, 3, 4], [0, 1, 2, 3, 4], [0, 1, 2, 3, 4], [5], [], [6], [], [5], [6], [0, 1, 2, 3, 4], [0, 1, 2, 3, 4], [6], [], [5], [6], [5], [0, 1, 2, 3, 4], [], [], [5], [6], [0, 1, 2, 3, 4], [5], [6], [0, 1, 2, 3, 4], [], [], [6], [5], [0, 1, 2, 3, 4], [], [5], [0, 1, 2, 3, 4], [6], [5], [6], [0, 1, 2, 3, 4], [], [6], [5], [], [0, 1, 2, 3, 4], [5], [6], [0, 1, 2, 3, 4], [], [5], [6], [], [0, 1, 2, 3, 4], [5], [6], [0, 1, 2, 3, 4], [], [], [6], [0, 1, 2, 3, 4], [5], [5], [], [6], [5], [0, 1, 2, 3, 4], [], [6], [0, 1, 2, 3, 4], [5], [6], [], [5], [6], [], [0, 1, 2, 3, 4], [], [5], [6], [0, 1, 2, 3, 4], [5], [6], [], [0, 1, 2, 3, 4], [6], [], [5], [6], [], [5], [6], [5], [], [], [6], [5], [], [6], [5], [6], [5], [], [], [5], [6]]
950;Herndon Metro - Reston Town Center;[9645020, 3752020, 978020, 4732020, 6927020, 6520020, 1041020, 8394020, 4996080, 1674070, 3087020, 2317010, 4112070, 5194020, 6715080, 8186010, 1404020, 7420020, 9142020, 7514080, 9501070, 8269010, 10009010, 6601080, 4301020, 9982070, 829020, 280020, 7121010, 9127020, 7022070, 6572080, 1607010, 9145070, 1972080, 5544020, 3305020, 9665020, 6545080, 5374070, 1939010, 8084020, 5112020, 7871070, 1183080, 5603010, 4485020, 3026020, 5429010, 812080, 5152070, 346020, 1437070, 7120020, 3631010, 6457080, 6012020, 4573020, 5511070, 9929020, 3114010, 5030080, 3287020, 4187010, 5321080, 245070, 4189020, 3019080, 1523020, 566070, 4070010, 65080, 2217070, 4980010, 6716020, 3918080, 8251070, 6037020, 4244010, 7432070, 5518080, 9169020, 9338020, 2913080, 8465010, 1889070, 172010, 1450020, 267070, 8629080, 1774020, 3116080, 2754070, 6309010, 5245020, 8370080, 3954070, 268080, 604070, 2589020, 4370010, 3308070, 6737020, 1455080, 4346070, 5002080, 1989020, 5864010, 2103010, 5366080, 1738070, 1858020, 4965080, 8988020, 683070, 7362010, 1781080, 1002070, 2181020, 9950070, 6976020, 4197080, 2850010, 5410020, 7101070, 9051080, 7125020, 4293080, 6424070, 8493010, 2148010, 9331020, 5237080, 8257070, 8949080, 2964020, 5475070, 5304010, 3153080, 5193020, 8923070, 534080, 2250070, 2180020, 7000010, 6131080, 8487020, 4113070, 3976070, 1800020, 2235010, 2917080, 7524010, 8630080, 3930020, 9791070, 1797080, 3977070, 1352020, 2360010, 6120080, 111070, 4288020, 8903020, 5882070, 4114080, 6612010, 4676080, 3544020, 2167070, 6141080, 8669010, 1783070, 6010020, 2548010, 6790080, 5639020, 3655070, 9886020, 2293080, 7143070, 3108010, 1424020, 2709070, 7285080, 5471070, 7698020, 7784080, 532010, 83080, 1782070, 2332020, 2422070, 8129020, 3363010, 4667080, 9213010, 8864070, 7023080, 5083020, 572080, 6077020, 5125070, 5332010, 6259080, 9475070, 9661020, 3620070, 2446080, 1368020, 9404010, 3582080, 1663070, 5821020, 3570080, 1988010, 9286020, 1137070, 1832010, 2095020, 4656020, 1462080, 6615070, 8371080, 3154070, 4319020, 7521020, 9629010, 2842070, 2399080, 9851070, 351080, 5990010, 2728020, 9219020, 2954070, 2567020, 7909080, 7300070, 8151010, 6206020, 4214080, 6526020, 4052010, 2708020, 4938070, 4451080, 8775070, 7068080, 6063020, 5964010, 7005020, 8455080, 4431070, 9160070, 4362080, 9576010, 9728020, 9476020, 4618020, 8125080, 356070, 2271080, 7124010, 9859070, 7226020, 9280010, 6755020, 1055020, 9445080, 1311070, 448080, 9762070, 8127020, 128020, 955010, 6899070, 449080, 5003070, 447080, 7359020, 2151010, 3075020, 7190080, 4865070, 2006020, 4275020, 384010, 3978080, 1237070, 2387010, 1493080, 4860070, 981020, 5484020, 6028070, 6595080, 1471010, 535070, 7907020, 7378080, 4668080, 3288020, 5115070, 7881010, 2852020, 9534070, 3224080, 7928080, 3500010, 9975020, 3656070, 2262010, 839070, 2050020, 6677080, 8339070, 4655020, 7811080, 4274010, 8646070, 2134080, 3319020, 7169080, 5918070, 7597020, 4347080, 10011070, 3194020, 9970010, 9386080, 3910020, 1184070, 5214010, 6956080, 6243070, 7471020, 8915020, 9139080, 4420010, 8937070, 6172010, 4422020, 1582080, 9522070, 8342020, 4648010, 6004070, 8079080, 8895010, 7899020, 4202080, 4918070, 7006010, 6766020, 2172080, 124070, 4984010, 3465070, 7882020, 8774080, 9696080, 1668010, 3660070, 2152020, 4087010, 6960020, 9330070, 7144080, 8037010, 5961080, 8289020, 5372070, 2384010, 4479080, 1063070, 2243010, 214020, 7737080, 9303010, 5383070, 1283020, 918010, 8676020, 9073070, 1317080, 9586080, 3185010, 9637020, 3812070, 5052010, 5054080, 4271070, 7900020, 3065020, 5829070, 4790080, 3284010, 7296070, 4000010, 2715080, 2419020, 4518080, 7877070, 6417010, 509020];[04:10, 04:10, 04:40, 04:40, 05:10, 05:10, 05:34, 05:40, 06:00, 06:00, 06:00, 06:00, 06:00, 06:00, 06:00, 06:00, 06:15, 06:15, 06:30, 06:30, 06:30, 06:30, 06:30, 06:30, 06:30, 06:30, 06:45, 06:45, 07:00, 07:00, 07:00, 07:00, 07:00, 07:00, 07:00, 07:00, 07:15, 07:15, 07:30, 07:30, 07:30, 07:30, 07:30, 07:30, 07:30, 07:30, 07:45, 07:45, 08:00, 08:00, 08:00, 08:00, 08:00, 08:00, 08:00, 08:00, 08:15, 08:15, 08:30, 08:30, 08:30, 08:30, 08:30, 08:30, 08:30, 08:30, 08:50, 08:50, 08:50, 08:50, 08:55, 09:00, 09:00, 09:00, 09:10, 09:10, 09:10, 09:10, 09:20, 09:30, 09:30, 09:30, 09:30, 09:30, 09:30, 09:30, 09:45, 09:50, 09:50, 09:50, 09:50, 09:50, 09:50, 10:00, 10:10, 10:10, 10:10, 10:10, 10:10, 10:10, 10:15, 10:30, 10:30, 10:30, 10:30, 10:30, 10:30, 10:30, 10:45, 10:50, 10:50, 10:50, 10:50, 10:50, 10:50, 11:00, 11:10, 11:10, 11:10, 11:10, 11:10, 11:10, 11:15, 11:30, 11:30, 11:30, 11:30, 11:30, 11:30, 11:30, 11:45, 11:50, 11:50, 11:50, 11:50, 11:50, 11:50, 12:00, 12:10, 12:10, 12:10, 12:10, 12:10, 12:10, 12:15, 12:30, 12:30, 12:30, 12:30, 12:30, 12:30, 12:30, 12:45, 12:50, 12:50, 12:50, 12:50, 12:50, 12:50, 13:00, 13:10, 13:10, 13:10, 13:10, 13:10, 13:10, 13:15, 13:30, 13:30, 13:30, 13:30, 13:30, 13:30, 13:30, 13:45, 13:50, 13:50, 13:50, 13:50, 13:50, 13:50, 14:00, 14:10, 14:10, 14:10, 14:10, 14:10, 14:10, 14:15, 14:30, 14:30, 14:30, 14:30, 14:30, 14:30, 14:30, 14:45, 14:50, 14:50, 14:50, 14:50, 14:50, 14:50, 15:00, 15:10, 15:10, 15:10, 15:10, 15:10, 15:10, 15:15, 15:30, 15:30, 15:30, 15:30, 15:30, 15:30, 15:30, 15:45, 15:45, 15:45, 15:50, 15:50, 15:50, 15:50, 16:00, 16:00, 16:00, 16:10, 16:10, 16:10, 16:10, 16:15, 16:15, 16:15, 16:30, 16:30, 16:30, 16:30, 16:30, 16:30, 16:30, 16:45, 16:45, 16:45, 16:50, 16:50, 16:50, 16:50, 17:00, 17:00, 17:00, 17:10, 17:10, 17:10, 17:10, 17:15, 17:15, 17:15, 17:30, 17:30, 17:30, 17:30, 17:30, 17:30, 17:30, 17:45, 17:45, 17:45, 17:50, 17:50, 17:50, 17:50, 18:00, 18:00, 18:00, 18:10, 18:10, 18:10, 18:10, 18:15, 18:15, 18:15, 18:30, 18:30, 18:30, 18:30, 18:30, 18:30, 18:30, 18:45, 18:50, 18:50, 18:50, 18:50, 18:50, 18:50, 19:00, 19:10, 19:10, 19:10, 19:10, 19:10, 19:10, 19:15, 19:30, 19:30, 19:30, 19:30, 19:30, 19:30, 19:30, 19:50, 19:50, 19:50, 19:50, 19:50, 19:50, 19:50, 20:00, 20:10, 20:10, 20:10, 20:10, 20:10, 20:10, 20:30, 20:30, 20:30, 20:30, 20:30, 20:30, 20:30, 20:30, 20:58, 20:58, 20:58, 21:00, 21:00, 21:00, 21:00, 21:00, 21:28, 21:28, 21:28, 21:30, 21:30, 21:30, 21:30, 21:30, 21:58, 21:58, 21:58, 22:00, 22:00, 22:00, 22:00, 22:00, 22:28, 22:28, 22:28, 22:30, 22:30, 22:30, 22:30, 22:30, 23:00, 23:00, 23:00, 23:00, 23:00, 23:00, 23:00, 23:00, 23:30, 23:30, 23:30, 23:30, 23:30, 23:30, 23:30, 23:30, 24:00, 24:00, 24:00, 24:00, 24:00, 24:00, 24:00, 24:00, 24:30, 24:30, 24:30, 24:30, 24:30, 24:30, 24:30, 24:30, 25:00, 25:00, 25:00, 25:00, 25:00, 25:00, 25:00, 25:00];[[0, 1, 2, 3, 4], [0, 1, 2, 3, 4], [0, 1, 2, 3, 4], [0, 1, 2, 3, 4], [0, 1, 2, 3, 4], [0, 1, 2, 3, 4], [0, 1, 2, 3, 4], [0, 1, 2, 3, 4], [], [5], [0, 1, 2, 3, 4], [6], [5], [0, 1, 2, 3, 4], [], [6], [0, 1, 2, 3, 4], [0, 1, 2, 3, 4], [0, 1, 2, 3, 4], [], [5], [6], [6], [], [0, 1, 2, 3, 4], [5], [0, 1, 2, 3, 4], [0, 1, 2, 3, 4], [6], [0, 1, 2, 3, 4], [5], [], [6], [5], [], [0, 1, 2, 3, 4], [0, 1, 2, 3, 4], [0, 1, 2, 3, 4], [], [5], [6], [0, 1, 2, 3, 4], [0, 1, 2, 3, 4], [5], [], [6], [0, 1, 2, 3, 4], [0, 1, 2, 3, 4], [6], [], [5], [0, 1, 2, 3, 4], [5], [0, 1, 2, 3, 4], [6], [], [0, 1, 2, 3, 4], [0, 1, 2, 3, 4], [5], [0, 1, 2, 3, 4], [6], [], [0, 1, 2, 3, 4], [6], [], [5], [0, 1, 2, 3, 4], [], [0, 1, 2, 3, 4], [5], [6], [], [5], [6], [0, 1, 2, 3, 4], [], [5], [0, 1, 2, 3, 4], [6], [5], [], [0, 1, 2, 3, 4], [0, 1, 2, 3, 4], [], [6], [5], [6], [0, 1, 2, 3, 4], [5], [], [0, 1, 2, 3, 4], [], [5], [6], [0, 1, 2, 3, 4], [], [5], [], [5], [0, 1, 2, 3, 4], [6], [5], [0, 1, 2, 3, 4], [], [5], [], [0, 1, 2, 3, 4], [6], [6], [], [5], [0, 1, 2, 3, 4], [], [0, 1, 2, 3, 4], [5], [6], [], [5], [0, 1, 2, 3, 4], [5], [0, 1, 2, 3, 4], [], [6], [0, 1, 2, 3, 4], [5], [], [0, 1, 2, 3, 4], [], [5], [6], [6], [0, 1, 2, 3, 4], [], [5], [], [0, 1, 2, 3, 4], [5], [6], [], [0, 1, 2, 3, 4], [5], [], [5], [0, 1, 2, 3, 4], [6], [], [0, 1, 2, 3, 4], [5], [5], [0, 1, 2, 3, 4], [6], [], [6], [], [0, 1, 2, 3, 4], [5], [], [5], [0, 1, 2, 3, 4], [6], [], [5], [0, 1, 2, 3, 4], [0, 1, 2, 3, 4], [5], [], [6], [], [0, 1, 2, 3, 4], [5], [], [6], [5], [0, 1, 2, 3, 4], [6], [], [0, 1, 2, 3, 4], [5], [0, 1, 2, 3, 4], [], [5], [6], [0, 1, 2, 3, 4], [5], [], [5], [0, 1, 2, 3, 4], [], [6], [], [5], [0, 1, 2, 3, 4], [5], [0, 1, 2, 3, 4], [6], [], [6], [5], [], [0, 1, 2, 3, 4], [], [0, 1, 2, 3, 4], [5], [6], [], [5], [0, 1, 2, 3, 4], [5], [], [0, 1, 2, 3, 4], [6], [], [5], [0, 1, 2, 3, 4], [], [6], [0, 1, 2, 3, 4], [5], [6], [0, 1, 2, 3, 4], [0, 1, 2, 3, 4], [], [5], [], [5], [0, 1, 2, 3, 4], [0, 1, 2, 3, 4], [6], [5], [], [5], [], [6], [0, 1, 2, 3, 4], [0, 1, 2, 3, 4], [5], [0, 1, 2, 3, 4], [], [5], [6], [0, 1, 2, 3, 4], [], [0, 1, 2, 3, 4], [6], [0, 1, 2, 3, 4], [5], [], [5], [], [0, 1, 2, 3, 4], [6], [0, 1, 2, 3, 4], [], [5], [5], [], [6], [0, 1, 2, 3, 4], [0, 1, 2, 3, 4], [0, 1, 2, 3, 4], [], [5], [], [6], [5], [0, 1, 2, 3, 4], [6], [0, 1, 2, 3, 4], [0, 1, 2, 3, 4], [], [5], [], [5], [0, 1, 2, 3, 4], [0, 1, 2, 3, 4], [6], [5], [], [5], [], [0, 1, 2, 3, 4], [6], [0, 1, 2, 3, 4], [], [5], [0, 1, 2, 3, 4], [0, 1, 2, 3, 4], [6], [], [5], [6], [], [5], [0, 1, 2, 3, 4], [0, 1, 2, 3, 4], [5], [], [6], [5], [0, 1, 2, 3, 4], [], [], [0, 1, 2, 3, 4], [5], [6], [0, 1, 2, 3, 4], [5], [], [], [6], [0, 1, 2, 3, 4], [5], [6], [5], [0, 1, 2, 3, 4], [], [5], [0, 1, 2, 3, 4], [], [6], [5], [], [0, 1, 2, 3, 4], [], [5], [0, 1, 2, 3, 4], [], [5], [0, 1, 2, 3, 4], [6], [], [0, 1, 2, 3, 4], [5], [6], [], [5], [0, 1, 2, 3, 4], [0, 1, 2, 3, 4], [], [6], [5], [6], [0, 1, 2, 3, 4], [], [5], [0, 1, 2, 3, 4], [6], [5], [], [6], [0, 1, 2, 3, 4], [], [5], [6], [0, 1, 2, 3, 4], [], [5], [6], [5], [0, 1, 2, 3, 4], [], [], [6], [5], [0, 1, 2, 3, 4], [6], [0, 1, 2, 3, 4], [5], [], [6], [], [0, 1, 2, 3, 4], [5], [6], [], [5], [6], [0, 1, 2, 3, 4], [], [6], [5], [0, 1, 2, 3, 4], [6], [0, 1, 2, 3, 4], [5], [], [], [6], [0, 1, 2, 3, 4], [5], [6], [], [5], [0, 1, 2, 3, 4], [0, 1, 2, 3, 4], [5], [], [6], [5], [6], [], [0, 1, 2, 3, 4], [], [5], [6], [0, 1, 2, 3, 4]]
951;Wiehle Reston E- Innovation Center;[3187020, 8238020, 2165020, 6658020, 3502020, 5404020, 5900020, 6717020, 4869020, 2051020, 2066020, 4295020, 4363020, 3127020, 1878020, 3931020, 8060020, 9209020, 6433020, 9630020, 3316020, 7490020, 5729020, 7179020, 5844020, 8468020, 9148020, 844020, 5545020, 7774020, 4717020, 4502020, 4649020, 5464020, 1194020, 6207020];[06:00, 06:00, 06:20, 06:20, 06:40, 06:40, 07:00, 07:00, 07:20, 07:20, 07:40, 07:40, 08:00, 08:00, 08:20, 08:20, 08:40, 08:40, 16:00, 16:00, 16:20, 16:20, 16:40, 16:40, 17:00, 17:00, 17:20, 17:20, 17:40, 17:40, 18:00, 18:00, 18:20, 18:20, 18:40, 18:40];[[0, 1, 2, 3, 4], [0, 1, 2, 3, 4], [0, 1, 2, 3, 4], [0, 1, 2, 3, 4], [0, 1, 2, 3, 4], [0, 1, 2, 3, 4], [0, 1, 2, 3, 4], [0, 1, 2, 3, 4], [0, 1, 2, 3, 4], [0, 1, 2, 3, 4], [0, 1, 2, 3, 4], [0, 1, 2, 3, 4], [0, 1, 2, 3, 4], [0, 1, 2, 3, 4], [0, 1, 2, 3, 4], [0, 1, 2, 3, 4], [0, 1, 2, 3, 4], [0, 1, 2, 3, 4], [0, 1, 2, 3, 4], [0, 1, 2, 3, 4], [0, 1, 2, 3, 4], [0, 1, 2, 3, 4], [0, 1, 2, 3, 4], [0, 1, 2, 3, 4], [0, 1, 2, 3, 4], [0, 1, 2, 3, 4], [0, 1, 2, 3, 4], [0, 1, 2, 3, 4], [0, 1, 2, 3, 4], [0, 1, 2, 3, 4], [0, 1, 2, 3, 4], [0, 1, 2, 3, 4], [0, 1, 2, 3, 4], [0, 1, 2, 3, 4], [0, 1, 2, 3, 4], [0, 1, 2, 3, 4]]
952;Sunset Hills;[6288020, 3223020, 7920020, 5116080, 1644070, 5113020, 7942010, 6011020, 7809020, 1215020, 9304010, 1784080, 4945070, 6945020, 9275020, 900010, 112080, 3020020, 9658070, 3946020, 426020, 3272080, 8012010, 4452070, 3911020, 1474020, 4834020, 1643080, 1042020, 8572010, 8306070, 6130020, 2356080, 8868020, 4406010, 3444070, 2201080, 4503020, 457070, 6076010, 1734070, 8560080, 1120020, 8827010, 1292020, 8301010, 5657070, 8454080, 7286080, 6062010, 8963070, 4657020, 998070, 9109010, 6563020, 7202080, 8356080, 9143020, 4783010, 9368070, 4037070, 2750010, 965080, 5794020, 9017080, 2786020, 3479010, 3979070, 7419010, 7644020, 703080, 6448070, 4253070, 3571080, 7590020, 8393010, 3335080, 2616010, 6999020, 1576070, 8137070, 3252080, 4564020, 5483010, 7203070, 8038020, 9868010, 1596080, 2943020, 7642010, 2106070, 417080, 8910020, 2538020, 7280020, 4472080, 5220010, 4400020, 3511070, 9029020, 8990020, 6858020, 4628070, 7812080, 3953010, 3032020, 2196020, 8894070, 6394020, 6195080, 4979010, 7631020, 6631020, 9644010, 1752020, 6646080, 648070, 1509020, 8817020, 2579080, 4669070, 5348010, 9778020, 3561020, 946080, 1360020, 4768070, 2145010, 5840080, 4929070, 2158020, 7176010, 3442070, 9440020, 6142080, 6205010, 7003010, 3466070, 7071020, 139080, 9162020, 66080, 6194070, 8332010, 9754080, 8950070, 9514020, 5713010, 4633080, 9146070, 4902020, 6393010, 4596020, 5028010, 938080, 158070, 6189020, 8599010, 5801070, 3742080];[05:50, 06:10, 06:21, 06:30, 06:30, 06:30, 06:30, 06:41, 06:50, 07:01, 07:01, 07:01, 07:01, 07:10, 07:21, 07:30, 07:30, 07:30, 07:30, 07:41, 07:50, 08:01, 08:01, 08:01, 08:01, 08:10, 08:21, 08:30, 08:30, 08:30, 08:30, 08:41, 09:01, 09:01, 09:01, 09:01, 09:30, 09:30, 09:30, 09:30, 10:01, 10:01, 10:01, 10:01, 10:30, 10:30, 10:30, 10:30, 11:01, 11:01, 11:01, 11:01, 11:30, 11:30, 11:30, 11:30, 12:01, 12:01, 12:01, 12:01, 12:30, 12:30, 12:30, 12:30, 13:01, 13:01, 13:01, 13:01, 13:30, 13:30, 13:30, 13:30, 14:01, 14:01, 14:01, 14:01, 14:30, 14:30, 14:30, 14:30, 15:01, 15:01, 15:01, 15:01, 15:30, 15:30, 15:30, 15:30, 15:50, 16:01, 16:01, 16:01, 16:01, 16:10, 16:21, 16:30, 16:30, 16:30, 16:30, 16:41, 16:50, 17:01, 17:01, 17:01, 17:01, 17:10, 17:21, 17:30, 17:30, 17:30, 17:30, 17:41, 17:50, 18:01, 18:01, 18:01, 18:01, 18:10, 18:21, 18:30, 18:30, 18:30, 18:30, 18:41, 19:01, 19:01, 19:01, 19:01, 19:30, 19:30, 19:30, 19:30, 20:01, 20:01, 20:01, 20:01, 20:30, 20:30, 20:30, 20:30, 21:01, 21:01, 21:01, 21:01, 21:30, 21:30, 21:30, 21:30, 22:01, 22:01, 22:01, 22:01, 22:30, 22:30, 22:30, 22:30, 23:01, 23:01, 23:01, 23:01];[[0, 1, 2, 3, 4], [0, 1, 2, 3, 4], [0, 1, 2, 3, 4], [], [5], [0, 1, 2, 3, 4], [6], [0, 1, 2, 3, 4], [0, 1, 2, 3, 4], [0, 1, 2, 3, 4], [6], [], [5], [0, 1, 2, 3, 4], [0, 1, 2, 3, 4], [6], [], [0, 1, 2, 3, 4], [5], [0, 1, 2, 3, 4], [0, 1, 2, 3, 4], [], [6], [5], [0, 1, 2, 3, 4], [0, 1, 2, 3, 4], [0, 1, 2, 3, 4], [], [0, 1, 2, 3, 4], [6], [5], [0, 1, 2, 3, 4], [], [0, 1, 2, 3, 4], [6], [5], [], [0, 1, 2, 3, 4], [5], [6], [5], [], [0, 1, 2, 3, 4], [6], [0, 1, 2, 3, 4], [6], [5], [], [], [6], [5], [0, 1, 2, 3, 4], [5], [6], [0, 1, 2, 3, 4], [], [], [0, 1, 2, 3, 4], [6], [5], [5], [6], [], [0, 1, 2, 3, 4], [], [0, 1, 2, 3, 4], [6], [5], [6], [0, 1, 2, 3, 4], [], [5], [5], [], [0, 1, 2, 3, 4], [6], [], [6], [0, 1, 2, 3, 4], [5], [5], [], [0, 1, 2, 3, 4], [6], [5], [0, 1, 2, 3, 4], [6], [], [0, 1, 2, 3, 4], [6], [5], [], [0, 1, 2, 3, 4], [0, 1, 2, 3, 4], [0, 1, 2, 3, 4], [], [6], [0, 1, 2, 3, 4], [5], [0, 1, 2, 3, 4], [0, 1, 2, 3, 4], [0, 1, 2, 3, 4], [5], [], [6], [0, 1, 2, 3, 4], [0, 1, 2, 3, 4], [5], [0, 1, 2, 3, 4], [], [6], [0, 1, 2, 3, 4], [0, 1, 2, 3, 4], [6], [0, 1, 2, 3, 4], [], [5], [0, 1, 2, 3, 4], [0, 1, 2, 3, 4], [], [5], [6], [0, 1, 2, 3, 4], [0, 1, 2, 3, 4], [], [0, 1, 2, 3, 4], [5], [6], [], [5], [0, 1, 2, 3, 4], [6], [5], [0, 1, 2, 3, 4], [], [6], [6], [5], [0, 1, 2, 3, 4], [], [0, 1, 2, 3, 4], [], [5], [6], [], [5], [0, 1, 2, 3, 4], [6], [], [5], [0, 1, 2, 3, 4], [6], [0, 1, 2, 3, 4], [6], [], [5], [0, 1, 2, 3, 4], [6], [5], []]
954;Sterling - Herndon Metro;[5881020, 7383020, 8296020, 3775020, 3430020, 6645010, 9996080, 5946070, 5776020, 9671020, 8683020, 8256010, 9343080, 5328070, 2032020, 5060010, 8358070, 2218080, 6738020, 4300020, 4551020, 1438080, 3117070, 2894010, 3239010, 3339020, 9430080, 2717070, 5329070, 9295080, 2459010, 2304020, 9100020, 5747070, 1033080, 4716010, 6107020, 7349070, 9885080, 768010, 407080, 1609020, 5312010, 5919070, 734080, 9612070, 2229020, 7743010, 3728020, 4855010, 983070, 3547080, 4680020, 3350080, 6477070, 1079010, 7994080, 6108010, 4463020, 5588070, 2467080, 8348020, 3714010, 6932070, 948020, 6190010, 6896070, 5648080, 1641010, 754080, 2545070, 8074020, 220020, 7929070, 2001080, 9077010, 1993080, 2226070, 2826020, 3501010, 548020, 35070, 6478080, 6313010, 3234020, 2449020, 8048070, 1560010, 7591020, 9831080, 236020, 9316010, 1595080, 7758070, 4891020, 3899020, 2054080, 3681020, 2578070, 6630010, 7072020, 1642010, 8873080, 7438070, 2415020, 8067020, 3980080, 1473010, 5305020, 9364070, 3945010, 8648020, 2468080, 6321070, 8187020, 5090080, 7555010, 2739070, 5935080, 9898010, 4743070, 5625020, 4565020, 6281070, 5649080, 7441010, 5901020, 9129020];[06:00, 06:03, 06:29, 06:30, 06:59, 07:00, 07:00, 07:00, 07:00, 07:29, 07:30, 07:30, 07:30, 07:30, 07:59, 08:00, 08:00, 08:00, 08:00, 08:29, 08:30, 08:30, 08:30, 08:30, 09:00, 09:00, 09:00, 09:00, 09:30, 09:30, 09:30, 09:30, 10:00, 10:00, 10:00, 10:00, 10:30, 10:30, 10:30, 10:30, 11:00, 11:00, 11:00, 11:00, 11:30, 11:30, 11:30, 11:30, 12:00, 12:00, 12:00, 12:00, 12:30, 12:30, 12:30, 12:30, 13:00, 13:00, 13:00, 13:00, 13:30, 13:30, 13:30, 13:30, 14:00, 14:00, 14:00, 14:00, 14:30, 14:30, 14:30, 14:30, 14:59, 15:00, 15:00, 15:00, 15:30, 15:30, 15:30, 15:30, 15:59, 16:00, 16:00, 16:00, 16:00, 16:29, 16:30, 16:30, 16:30, 16:30, 16:59, 17:00, 17:00, 17:00, 17:00, 17:29, 17:30, 17:30, 17:30, 17:30, 17:59, 18:00, 18:00, 18:00, 18:00, 18:30, 18:30, 18:30, 18:30, 18:30, 19:00, 19:00, 19:00, 19:00, 19:30, 19:30, 19:30, 19:30, 20:00, 20:00, 20:00, 20:00, 20:30, 20:30, 20:30, 20:30, 21:00, 21:30];[[0, 1, 2, 3, 4], [0, 1, 2, 3, 4], [0, 1, 2, 3, 4], [0, 1, 2, 3, 4], [0, 1, 2, 3, 4], [6], [], [5], [0, 1, 2, 3, 4], [0, 1, 2, 3, 4], [0, 1, 2, 3, 4], [6], [], [5], [0, 1, 2, 3, 4], [6], [5], [], [0, 1, 2, 3, 4], [0, 1, 2, 3, 4], [0, 1, 2, 3, 4], [], [5], [6], [6], [0, 1, 2, 3, 4], [], [5], [5], [], [6], [0, 1, 2, 3, 4], [0, 1, 2, 3, 4], [5], [], [6], [0, 1, 2, 3, 4], [5], [], [6], [], [0, 1, 2, 3, 4], [6], [5], [], [5], [0, 1, 2, 3, 4], [6], [0, 1, 2, 3, 4], [6], [5], [], [0, 1, 2, 3, 4], [], [5], [6], [], [6], [0, 1, 2, 3, 4], [5], [], [0, 1, 2, 3, 4], [6], [5], [0, 1, 2, 3, 4], [6], [5], [], [6], [], [5], [0, 1, 2, 3, 4], [0, 1, 2, 3, 4], [5], [], [6], [], [5], [0, 1, 2, 3, 4], [6], [0, 1, 2, 3, 4], [5], [], [6], [0, 1, 2, 3, 4], [0, 1, 2, 3, 4], [5], [6], [0, 1, 2, 3, 4], [], [0, 1, 2, 3, 4], [6], [], [5], [0, 1, 2, 3, 4], [0, 1, 2, 3, 4], [], [0, 1, 2, 3, 4], [5], [6], [0, 1, 2, 3, 4], [6], [], [5], [0, 1, 2, 3, 4], [0, 1, 2, 3, 4], [], [6], [0, 1, 2, 3, 4], [5], [6], [0, 1, 2, 3, 4], [], [5], [0, 1, 2, 3, 4], [], [6], [5], [], [6], [5], [0, 1, 2, 3, 4], [0, 1, 2, 3, 4], [5], [], [6], [0, 1, 2, 3, 4], [0, 1, 2, 3, 4]]
983;Dulles Airport- Udvar Hazy;[2002020, 9849020, 1879020, 4887020, 2319020, 695020, 4658020, 4133080, 4365010, 6691070, 8376020, 9899020, 3595010, 8444070, 487080, 420020, 2624020, 9049080, 5763070, 7126010, 7240020, 199020, 5546020, 7932080, 55010, 4432070, 1328020, 2909020, 8700070, 6492080, 1940010, 1386010, 3351070, 4374080, 6980020, 1057070, 8792080, 3793020, 6543010, 5815020, 3133010, 1312070, 2837080, 6739010, 1928070, 6277080, 1475020, 156020, 5004080, 352070, 6143010, 361020, 4769070, 6470080, 6388010, 3815010, 8838070, 8412020, 2038080, 2982070, 1027020, 9074080, 4926010, 8006010, 5569020, 5736070, 495080, 8602020, 9322020, 4770080, 7790070, 3814010, 8207020, 5508080, 8302010, 7791070, 5973020, 9235020, 8023020, 3119020, 7324080, 5956070, 8152010, 7191020, 5764070, 3548080, 7380020, 4733010, 3669020, 2400020, 741070, 1924010, 728080, 952020, 6088020, 483080, 7570010, 2585070, 2429020, 9608020, 1415020, 8609070, 5932010, 9216080, 7058020, 6038020, 1869070, 376010, 7305080, 1288020, 4868020, 2301020, 4488070, 2806010, 8191080, 6228010, 4423080, 3919070, 7509020, 275020, 3585020];[05:45, 06:09, 06:10, 06:32, 06:36, 07:00, 07:04, 07:16, 07:16, 07:16, 07:24, 07:34, 07:39, 07:39, 07:39, 07:49, 08:04, 08:07, 08:07, 08:07, 08:14, 08:29, 08:39, 08:39, 08:39, 08:39, 08:54, 09:07, 09:07, 09:07, 09:07, 09:35, 09:35, 09:35, 09:35, 10:07, 10:07, 10:07, 10:07, 10:35, 10:35, 10:35, 10:35, 11:07, 11:07, 11:07, 11:07, 11:35, 11:35, 11:35, 11:35, 12:07, 12:07, 12:07, 12:07, 12:35, 12:35, 12:35, 12:35, 13:07, 13:07, 13:07, 13:07, 13:35, 13:35, 13:35, 13:35, 13:37, 14:05, 14:07, 14:07, 14:07, 14:07, 14:35, 14:35, 14:35, 14:35, 14:37, 14:59, 15:05, 15:07, 15:07, 15:07, 15:24, 15:35, 15:35, 15:35, 15:35, 15:49, 16:00, 16:07, 16:07, 16:07, 16:14, 16:25, 16:35, 16:35, 16:35, 16:39, 16:50, 17:04, 17:07, 17:07, 17:07, 17:15, 17:29, 17:35, 17:35, 17:35, 17:40, 17:59, 18:05, 18:08, 18:08, 18:08, 18:35, 18:35, 18:35, 18:35, 18:36, 19:05];[[0, 1, 2, 3, 4], [0, 1, 2, 3, 4], [0, 1, 2, 3, 4], [0, 1, 2, 3, 4], [0, 1, 2, 3, 4], [0, 1, 2, 3, 4], [0, 1, 2, 3, 4], [], [6], [5], [0, 1, 2, 3, 4], [0, 1, 2, 3, 4], [6], [5], [], [0, 1, 2, 3, 4], [0, 1, 2, 3, 4], [], [5], [6], [0, 1, 2, 3, 4], [0, 1, 2, 3, 4], [0, 1, 2, 3, 4], [], [6], [5], [0, 1, 2, 3, 4], [0, 1, 2, 3, 4], [5], [], [6], [6], [5], [], [0, 1, 2, 3, 4], [5], [], [0, 1, 2, 3, 4], [6], [0, 1, 2, 3, 4], [6], [5], [], [6], [5], [], [0, 1, 2, 3, 4], [0, 1, 2, 3, 4], [], [5], [6], [0, 1, 2, 3, 4], [5], [], [6], [6], [5], [0, 1, 2, 3, 4], [], [5], [0, 1, 2, 3, 4], [], [6], [6], [0, 1, 2, 3, 4], [5], [], [0, 1, 2, 3, 4], [0, 1, 2, 3, 4], [], [5], [6], [0, 1, 2, 3, 4], [], [6], [5], [0, 1, 2, 3, 4], [0, 1, 2, 3, 4], [0, 1, 2, 3, 4], [0, 1, 2, 3, 4], [], [5], [6], [0, 1, 2, 3, 4], [5], [], [0, 1, 2, 3, 4], [6], [0, 1, 2, 3, 4], [0, 1, 2, 3, 4], [5], [6], [], [0, 1, 2, 3, 4], [0, 1, 2, 3, 4], [], [6], [5], [0, 1, 2, 3, 4], [0, 1, 2, 3, 4], [0, 1, 2, 3, 4], [5], [6], [], [0, 1, 2, 3, 4], [0, 1, 2, 3, 4], [5], [6], [], [0, 1, 2, 3, 4], [0, 1, 2, 3, 4], [0, 1, 2, 3, 4], [5], [6], [], [6], [], [5], [0, 1, 2, 3, 4], [0, 1, 2, 3, 4], [0, 1, 2, 3, 4]]
9999A;Herndon Test;[5448020, 5089070, 8723010, 5712080, 3349020, 7278080, 1400010, 9755070, 7036070, 369010, 4226020, 6665080, 6145010, 2665080, 5547020, 6979070, 7439070, 3403080, 3648020, 9947010, 1195080, 7831020, 7789010, 6842070, 5377020, 8112010, 5933070, 1008080, 5065010, 8688020, 6017080, 2899070, 8009020, 5862010, 3994070, 7254080, 2007080, 9844020, 1963010, 2686070, 793010, 4544020, 3195080, 9511070, 7679070, 4940020, 3932080, 113010, 8490020, 1880080, 3688070, 475010, 2403020, 6235010, 4850080, 9082070, 1481080, 5023020, 3041070, 8762010, 2386070, 6985010, 1255020, 8158080, 3864080, 5778020, 9682070, 4695010, 659010, 1593020, 8441070, 7554080, 219070, 4228080, 8947020, 8639010, 8866010, 8392070, 4941020, 6611080, 7803010, 7397020, 1040080, 2102070, 1840010, 7625080, 2829020, 4121070, 5661020, 9932070, 9186010, 8973080, 632020, 7001080, 6339010, 5711070, 9550020, 2527080, 222070, 6907010, 9151010, 7595020, 1380070, 7030080, 5409080, 1181010, 433070, 8784020, 3130010, 9212020, 1201070, 5349080, 3251020, 4500010, 4276070, 807080, 7806010, 4443080, 3079070, 3181020, 8887080, 3201010, 4442020, 7087070, 886010, 5407070, 6507080, 9344020, 9057070, 2650010, 470020, 1075080, 2938010, 6528020, 1779070, 3404080, 8391010, 5025080, 5659020, 617070, 8763010, 7220070, 9033080, 5307020, 2671080, 3196020, 3707070, 8765010, 7569020, 7844070, 1081010, 6792080, 5170020, 3508070, 8516080, 8236010, 1274080, 663070, 4604010, 7981020, 5355070, 54020, 3325010, 611080, 6390080, 3094020, 504070, 430010, 8576010, 9287020, 6821080, 3072070, 2783070, 7131010, 7975020, 9273080, 826010, 9366070, 4068020, 9376080, 2591020, 9605080, 9949070, 2428010, 5308080, 9123010, 6627020, 577070, 5171080, 1383020, 4391010, 5310070, 6940080, 4371070, 4195020, 8237010, 1563080, 4686010, 3025070, 6148020, 5507070, 7926020, 3268080, 6166010, 3837010, 7533020, 2751080, 4250070, 8620080, 7103010, 7697070, 9628020, 6843080, 7678010, 4483070, 8466020, 2935070, 7256080, 5970020, 5994010, 3478070, 7088080, 4595020, 431010, 2159080, 898010, 4788070, 497020, 3650070, 4315080, 4466010, 255020, 1629010, 6105080, 8764020, 2549070, 4711080, 7699020, 4757070, 1772010, 8442020, 6720010, 4678070, 1099080, 8088020, 2287010, 7962080, 1384070, 2868070, 2915020, 6859010, 363080, 1084010, 9692020, 5249080, 8107070, 2851070, 6293010, 1970020, 1078080, 8010070, 8418010, 5816020, 8825080, 1036020, 4854080, 5949010, 7401070, 169020, 2565080, 660010, 127070, 1506010, 7553020, 320080, 7277070, 7846020, 4298070, 1831010, 8492080, 1706070, 4425080, 9311010, 6362020, 9674020, 4482080, 2564010, 5527070, 7200020, 9263010, 5250080, 3995070, 5598080, 8834010, 8226020, 1016070, 1562010, 7853020, 498070, 6408080, 8136070, 6570020, 5079080, 6753010, 9663070, 1682010, 3249020, 3167080, 4975020, 3304010, 8381070, 7518080, 9231070, 7384010, 4549080, 2216020, 1925080, 1423020, 6081070, 6590010, 7201080, 9726070, 2767010, 3362020, 3794070, 8824010, 3367080, 9064020, 5530080, 9687010, 7104020, 6310070, 1023080, 3086070, 8627020, 6041010, 2004010, 1521080, 2869070, 3392020, 1362020, 8804070, 913080, 3456010, 5148080, 6361010, 9614020, 4545070, 4809080, 461010, 7534070, 1624020, 4368010, 5604070, 9352020, 9391080, 7057010, 2664070, 7624020, 4698080, 8689080, 360070, 3443010, 4001020, 4567020, 7037070, 6419010, 2849080, 6082070, 5560010, 8491020, 5428080, 8021070, 3337010, 1639020, 1726080, 6307010, 7696020, 2067080, 3545070, 10004070, 4122080, 7366010, 6039020];[00:03, 00:03, 00:03, 00:03, 00:16, 00:16, 00:16, 00:16, 00:31, 00:31, 00:31, 00:31, 00:46, 00:46, 00:46, 00:46, 01:01, 01:01, 01:01, 01:01, 01:16, 01:16, 01:16, 01:16, 01:31, 01:31, 01:31, 01:31, 01:46, 01:46, 01:46, 01:46, 02:01, 02:01, 02:01, 02:01, 02:16, 02:16, 02:16, 02:16, 02:31, 02:31, 02:31, 02:31, 02:46, 02:46, 02:46, 02:46, 03:01, 03:01, 03:01, 03:01, 03:16, 03:16, 03:16, 03:16, 03:31, 03:31, 03:31, 03:31, 03:46, 03:46, 03:46, 03:46, 04:01, 04:01, 04:01, 04:01, 04:16, 04:16, 04:16, 04:16, 04:31, 04:31, 04:31, 04:31, 04:46, 04:46, 04:46, 04:46, 05:01, 05:01, 05:01, 05:01, 05:16, 05:16, 05:16, 05:16, 05:31, 05:31, 05:31, 05:31, 05:46, 05:46, 05:46, 05:46, 06:01, 06:01, 06:01, 06:01, 06:16, 06:16, 06:16, 06:16, 06:31, 06:31, 06:31, 06:31, 06:46, 06:46, 06:46, 06:46, 07:01, 07:01, 07:01, 07:01, 07:16, 07:16, 07:16, 07:16, 07:31, 07:31, 07:31, 07:31, 07:46, 07:46, 07:46, 07:46, 08:01, 08:01, 08:01, 08:01, 08:16, 08:16, 08:16, 08:16, 08:31, 08:31, 08:31, 08:31, 08:46, 08:46, 08:46, 08:46, 09:01, 09:01, 09:01, 09:01, 09:16, 09:16, 09:16, 09:16, 09:31, 09:31, 09:31, 09:31, 09:46, 09:46, 09:46, 09:46, 10:01, 10:01, 10:01, 10:01, 10:16, 10:16, 10:16, 10:16, 10:31, 10:31, 10:31, 10:31, 10:46, 10:46, 10:46, 10:46, 11:01, 11:01, 11:01, 11:01, 11:16, 11:16, 11:16, 11:16, 11:31, 11:31, 11:31, 11:31, 11:46, 11:46, 11:46, 11:46, 12:01, 12:01, 12:01, 12:01, 12:16, 12:16, 12:16, 12:16, 12:31, 12:31, 12:31, 12:31, 12:46, 12:46, 12:46, 12:46, 13:01, 13:01, 13:01, 13:01, 13:16, 13:16, 13:16, 13:16, 13:31, 13:31, 13:31, 13:31, 13:46, 13:46, 13:46, 13:46, 14:01, 14:01, 14:01, 14:01, 14:16, 14:16, 14:16, 14:16, 14:31, 14:31, 14:31, 14:31, 14:46, 14:46, 14:46, 14:46, 15:01, 15:01, 15:01, 15:01, 15:16, 15:16, 15:16, 15:16, 15:31, 15:31, 15:31, 15:31, 15:46, 15:46, 15:46, 15:46, 16:01, 16:01, 16:01, 16:01, 16:16, 16:16, 16:16, 16:16, 16:31, 16:31, 16:31, 16:31, 16:46, 16:46, 16:46, 16:46, 17:01, 17:01, 17:01, 17:01, 17:16, 17:16, 17:16, 17:16, 17:31, 17:31, 17:31, 17:31, 17:46, 17:46, 17:46, 17:46, 18:01, 18:01, 18:01, 18:01, 18:16, 18:16, 18:16, 18:16, 18:31, 18:31, 18:31, 18:31, 18:46, 18:46, 18:46, 18:46, 19:01, 19:01, 19:01, 19:01, 19:16, 19:16, 19:16, 19:16, 19:31, 19:31, 19:31, 19:31, 19:46, 19:46, 19:46, 19:46, 20:01, 20:01, 20:01, 20:01, 20:16, 20:16, 20:16, 20:16, 20:31, 20:31, 20:31, 20:31, 20:46, 20:46, 20:46, 20:46, 21:01, 21:01, 21:01, 21:01, 21:16, 21:16, 21:16, 21:16, 21:31, 21:31, 21:31, 21:31, 21:46, 21:46, 21:46, 21:46, 22:01, 22:01, 22:01, 22:01, 22:16, 22:16, 22:16, 22:16, 22:31, 22:31, 22:31, 22:31, 22:46, 22:46, 22:46, 22:46, 23:01, 23:01, 23:01, 23:01, 23:16, 23:16, 23:16, 23:16, 23:31, 23:31, 23:31, 23:31, 23:50, 23:50, 23:50, 23:50];[[0, 1, 2, 3, 4], [5], [6], [], [0, 1, 2, 3, 4], [], [6], [5], [5], [6], [0, 1, 2, 3, 4], [], [6], [], [0, 1, 2, 3, 4], [5], [5], [], [0, 1, 2, 3, 4], [6], [], [0, 1, 2, 3, 4], [6], [5], [0, 1, 2, 3, 4], [6], [5], [], [6], [0, 1, 2, 3, 4], [], [5], [0, 1, 2, 3, 4], [6], [5], [], [], [0, 1, 2, 3, 4], [6], [5], [6], [0, 1, 2, 3, 4], [], [5], [5], [0, 1, 2, 3, 4], [], [6], [0, 1, 2, 3, 4], [], [5], [6], [0, 1, 2, 3, 4], [6], [], [5], [], [0, 1, 2, 3, 4], [5], [6], [5], [6], [0, 1, 2, 3, 4], [], [], [0, 1, 2, 3, 4], [5], [6], [6], [0, 1, 2, 3, 4], [5], [], [5], [], [0, 1, 2, 3, 4], [6], [6], [5], [0, 1, 2, 3, 4], [], [6], [0, 1, 2, 3, 4], [], [5], [6], [], [0, 1, 2, 3, 4], [5], [0, 1, 2, 3, 4], [5], [6], [], [0, 1, 2, 3, 4], [], [6], [5], [0, 1, 2, 3, 4], [], [5], [6], [6], [0, 1, 2, 3, 4], [5], [], [], [6], [5], [0, 1, 2, 3, 4], [6], [0, 1, 2, 3, 4], [5], [], [0, 1, 2, 3, 4], [6], [5], [], [6], [], [5], [0, 1, 2, 3, 4], [], [6], [0, 1, 2, 3, 4], [5], [6], [5], [], [0, 1, 2, 3, 4], [5], [6], [0, 1, 2, 3, 4], [], [6], [0, 1, 2, 3, 4], [5], [], [6], [], [0, 1, 2, 3, 4], [5], [6], [5], [], [0, 1, 2, 3, 4], [], [0, 1, 2, 3, 4], [5], [6], [0, 1, 2, 3, 4], [5], [6], [], [0, 1, 2, 3, 4], [5], [], [6], [], [5], [6], [0, 1, 2, 3, 4], [5], [0, 1, 2, 3, 4], [6], [], [], [0, 1, 2, 3, 4], [5], [6], [6], [0, 1, 2, 3, 4], [], [5], [5], [6], [0, 1, 2, 3, 4], [], [6], [5], [0, 1, 2, 3, 4], [], [0, 1, 2, 3, 4], [], [5], [6], [], [6], [0, 1, 2, 3, 4], [5], [], [0, 1, 2, 3, 4], [6], [5], [], [5], [0, 1, 2, 3, 4], [6], [], [6], [5], [0, 1, 2, 3, 4], [5], [0, 1, 2, 3, 4], [], [6], [6], [0, 1, 2, 3, 4], [], [5], [], [6], [5], [0, 1, 2, 3, 4], [], [6], [5], [0, 1, 2, 3, 4], [5], [], [0, 1, 2, 3, 4], [6], [5], [], [0, 1, 2, 3, 4], [6], [], [6], [5], [0, 1, 2, 3, 4], [5], [], [6], [0, 1, 2, 3, 4], [6], [], [0, 1, 2, 3, 4], [5], [], [0, 1, 2, 3, 4], [5], [6], [0, 1, 2, 3, 4], [6], [5], [], [0, 1, 2, 3, 4], [6], [], [5], [5], [0, 1, 2, 3, 4], [6], [], [6], [0, 1, 2, 3, 4], [], [5], [5], [6], [0, 1, 2, 3, 4], [], [5], [6], [0, 1, 2, 3, 4], [], [0, 1, 2, 3, 4], [], [6], [5], [0, 1, 2, 3, 4], [], [6], [5], [6], [0, 1, 2, 3, 4], [], [5], [0, 1, 2, 3, 4], [5], [6], [], [5], [], [6], [0, 1, 2, 3, 4], [0, 1, 2, 3, 4], [], [6], [5], [0, 1, 2, 3, 4], [6], [], [5], [], [6], [0, 1, 2, 3, 4], [5], [6], [0, 1, 2, 3, 4], [5], [], [5], [0, 1, 2, 3, 4], [], [6], [5], [6], [0, 1, 2, 3, 4], [], [0, 1, 2, 3, 4], [6], [5], [], [5], [6], [], [0, 1, 2, 3, 4], [], [0, 1, 2, 3, 4], [5], [6], [], [5], [6], [0, 1, 2, 3, 4], [5], [6], [], [0, 1, 2, 3, 4], [], [6], [0, 1, 2, 3, 4], [5], [], [5], [0, 1, 2, 3, 4], [6], [6], [], [5], [0, 1, 2, 3, 4], [0, 1, 2, 3, 4], [5], [], [6], [], [6], [0, 1, 2, 3, 4], [5], [], [6], [5], [0, 1, 2, 3, 4], [6], [5], [0, 1, 2, 3, 4], [], [6], [5], [0, 1, 2, 3, 4], [], [], [5], [6], [0, 1, 2, 3, 4], [0, 1, 2, 3, 4], [5], [6], [], [5], [6], [0, 1, 2, 3, 4], [], [5], [6], [0, 1, 2, 3, 4], [], [6], [0, 1, 2, 3, 4], [], [5], [5], [], [6], [0, 1, 2, 3, 4]]
9999B;Huntington Test;[278020, 894070, 3222080, 6886010, 8346070, 3632010, 7382080, 10005020, 1546020, 4959010, 6391080, 3649070, 5969080, 9226010, 969070, 6364020, 1275020, 3042010, 6042080, 5007070, 9774080, 399010, 5150070, 877020, 4789020, 5714080, 5080070, 9176010, 9003080, 8020010, 6018020, 6009070, 9486020, 6754070, 5995010, 7883080, 256020, 6084070, 4369080, 1308010, 9798080, 2910020, 2568070, 8828010, 1655080, 5284010, 198070, 6722020, 9020020, 5965070, 1545010, 9028080, 6718020, 878070, 6409010, 2068080, 638070, 8081080, 3426010, 3044020, 1853010, 1175020, 2164070, 1158080, 4642070, 1524080, 9722020, 9912010, 4679020, 4803010, 7571080, 7402070, 6524080, 422010, 8724070, 800020, 8380020, 6793080, 4524070, 4174010, 444080, 8621020, 7640010, 1522070, 2885080, 9156070, 8733020, 9721010, 1291070, 7105020, 2325080, 2672010, 5127010, 805080, 235020, 1780070, 9274020, 2916010, 9826080, 8515070, 6146080, 6866070, 767010, 1923020, 7608080, 1900070, 2830020, 3727010, 3893010, 4364070, 5195080, 1610020, 9253070, 5486020, 5906010, 7663080, 7381020, 8640070, 1118010, 7322080, 3708070, 8734020, 4156080, 3616010, 722010, 8382070, 9735020, 3401080, 5878070, 2149010, 6961080, 8715020, 9010, 2503020, 9069080, 1796070, 5450070, 2705010, 9520020, 822080, 539080, 4426070, 2123020, 2342010, 9879080, 5044020, 4616070, 3947010, 8726080, 3393020, 6944070, 6688010, 5470010, 8061080, 4677020, 679070, 9787080, 3264070, 1818020, 1721010, 5950010, 2551080, 1381020, 1565070, 6440070, 4242010, 9530080, 7262020, 9865080, 1857010, 2940020, 949070, 445080, 3051010, 801070, 5662020, 9782080, 7517070, 7477010, 2097020, 6986020, 4243070, 2027010, 7360080, 5877010, 6504020, 3729070, 6358080, 1946020, 7927010, 4419070, 5927080, 7606020, 5727070, 9140080, 2370010, 7993070, 6438080, 8227020, 197010, 4051070, 9642020, 5735010, 657080, 1727020, 6044070, 1242080, 6564010, 1238070, 590020, 9155010, 4828080, 8275070, 5423080, 5191020, 4978010, 1402010, 8300020, 4484070, 7768080, 8166020, 8869070, 6363010, 1773080, 7089080, 3057070, 9014010, 7221020, 513070, 546010, 1219080, 9943020, 5378020, 6380070, 2150010, 4392080, 5443070, 3056010, 1363020, 5631080, 3838080, 5663070, 6975010, 8407020, 7808010, 114070, 8273020, 3975080, 6780010, 8375020, 9038070, 8650080, 2052070, 1594010, 2990020, 3052080, 6106010, 1748070, 446080, 7031020, 3730080, 5926020, 6628070, 10001010, 6865020, 7340010, 6248070, 9641080, 4338080, 1885020, 899010, 424070, 6530070, 5449010, 2687080, 3006020, 8579010, 6562080, 2215070, 4523020, 6191070, 7363010, 5469080, 2072020, 7321020, 3795010, 4468080, 6660070, 7718070, 6275020, 7253080, 9789010, 6974080, 8641020, 7955070, 3271010, 5682080, 6150010, 1749070, 4976020, 2214070, 787080, 7596010, 1794020, 3889020, 547010, 9255080, 4469070, 9804010, 5623080, 7719070, 1938020, 443020, 2124080, 8570070, 8126010, 7639070, 6887010, 6149020, 9108080, 9838070, 9134020, 1588080, 7063010, 8891020, 9670080, 6083010, 8130070, 8467010, 8134020, 3546080, 5697070, 9472020, 1134080, 3338010, 3107070, 3774020, 8601010, 1241080, 5217070, 4297020, 6721010, 4903080, 1585070, 1586070, 8320010, 3088080, 8803020, 2666010, 1640080, 1256070, 5165020, 6702070, 8875010, 2811080, 7483020, 8953070, 2182080, 3217010, 3712020, 2614020, 8557080, 4572070, 4615010, 6439010, 2942080, 8355020, 9909070, 2633010, 4444080, 3318020, 7456070, 5796080, 3151070, 8135020, 5311010, 2726070, 827080, 5842020, 2434010, 6583020, 5259080, 1403010, 471070];[00:02, 00:02, 00:02, 00:02, 00:17, 00:17, 00:17, 00:17, 00:32, 00:32, 00:32, 00:32, 00:47, 00:47, 00:47, 00:47, 01:02, 01:02, 01:02, 01:02, 01:17, 01:17, 01:17, 01:17, 01:32, 01:32, 01:32, 01:32, 01:47, 01:47, 01:47, 01:47, 02:02, 02:02, 02:02, 02:02, 02:17, 02:17, 02:17, 02:17, 02:32, 02:32, 02:32, 02:32, 02:47, 02:47, 02:47, 02:47, 03:02, 03:02, 03:02, 03:02, 03:17, 03:17, 03:17, 03:17, 03:32, 03:32, 03:32, 03:32, 03:47, 03:47, 03:47, 03:47, 04:02, 04:02, 04:02, 04:02, 04:17, 04:17, 04:17, 04:17, 04:32, 04:32, 04:32, 04:32, 04:47, 04:47, 04:47, 04:47, 05:02, 05:02, 05:02, 05:02, 05:17, 05:17, 05:17, 05:17, 05:32, 05:32, 05:32, 05:32, 05:47, 05:47, 05:47, 05:47, 06:02, 06:02, 06:02, 06:02, 06:17, 06:17, 06:17, 06:17, 06:32, 06:32, 06:32, 06:32, 06:47, 06:47, 06:47, 06:47, 07:02, 07:02, 07:02, 07:02, 07:17, 07:17, 07:17, 07:17, 07:32, 07:32, 07:32, 07:32, 07:47, 07:47, 07:47, 07:47, 08:02, 08:02, 08:02, 08:02, 08:17, 08:17, 08:17, 08:17, 08:32, 08:32, 08:32, 08:32, 08:47, 08:47, 08:47, 08:47, 09:02, 09:02, 09:02, 09:02, 09:17, 09:17, 09:17, 09:17, 09:32, 09:32, 09:32, 09:32, 09:47, 09:47, 09:47, 09:47, 10:02, 10:02, 10:02, 10:02, 10:17, 10:17, 10:17, 10:17, 10:32, 10:32, 10:32, 10:32, 10:47, 10:47, 10:47, 10:47, 11:02, 11:02, 11:02, 11:02, 11:17, 11:17, 11:17, 11:17, 11:32, 11:32, 11:32, 11:32, 11:47, 11:47, 11:47, 11:47, 12:02, 12:02, 12:02, 12:02, 12:17, 12:17, 12:17, 12:17, 12:32, 12:32, 12:32, 12:32, 12:47, 12:47, 12:47, 12:47, 13:02, 13:02, 13:02, 13:02, 13:17, 13:17, 13:17, 13:17, 13:32, 13:32, 13:32, 13:32, 13:47, 13:47, 13:47, 13:47, 14:02, 14:02, 14:02, 14:02, 14:17, 14:17, 14:17, 14:17, 14:32, 14:32, 14:32, 14:32, 14:47, 14:47, 14:47, 14:47, 15:02, 15:02, 15:02, 15:02, 15:17, 15:17, 15:17, 15:17, 15:32, 15:32, 15:32, 15:32, 15:47, 15:47, 15:47, 15:47, 16:02, 16:02, 16:02, 16:02, 16:17, 16:17, 16:17, 16:17, 16:32, 16:32, 16:32, 16:32, 16:47, 16:47, 16:47, 16:47, 17:02, 17:02, 17:02, 17:02, 17:17, 17:17, 17:17, 17:17, 17:32, 17:32, 17:32, 17:32, 17:47, 17:47, 17:47, 17:47, 18:02, 18:02, 18:02, 18:02, 18:17, 18:17, 18:17, 18:17, 18:32, 18:32, 18:32, 18:32, 18:47, 18:47, 18:47, 18:47, 19:02, 19:02, 19:02, 19:02, 19:17, 19:17, 19:17, 19:17, 19:32, 19:32, 19:32, 19:32, 19:47, 19:47, 19:47, 19:47, 20:02, 20:02, 20:02, 20:02, 20:17, 20:17, 20:17, 20:17, 20:32, 20:32, 20:32, 20:32, 20:47, 20:47, 20:47, 20:47, 21:02, 21:02, 21:02, 21:02, 21:17, 21:17, 21:17, 21:17, 21:32, 21:32, 21:32, 21:32, 21:47, 21:47, 21:47, 21:47, 22:02, 22:02, 22:02, 22:02, 22:17, 22:17, 22:17, 22:17, 22:32, 22:32, 22:32, 22:32, 22:47, 22:47, 22:47, 22:47, 23:02, 23:02, 23:02, 23:02, 23:17, 23:17, 23:17, 23:17, 23:32, 23:32, 23:32, 23:32, 23:51, 23:51, 23:51, 23:51];[[0, 1, 2, 3, 4], [5], [], [6], [5], [6], [], [0, 1, 2, 3, 4], [0, 1, 2, 3, 4], [6], [], [5], [], [6], [5], [0, 1, 2, 3, 4], [0, 1, 2, 3, 4], [6], [], [5], [], [6], [5], [0, 1, 2, 3, 4], [0, 1, 2, 3, 4], [], [5], [6], [], [6], [0, 1, 2, 3, 4], [5], [0, 1, 2, 3, 4], [5], [6], [], [0, 1, 2, 3, 4], [5], [], [6], [], [0, 1, 2, 3, 4], [5], [6], [], [6], [5], [0, 1, 2, 3, 4], [0, 1, 2, 3, 4], [5], [6], [], [0, 1, 2, 3, 4], [5], [6], [], [5], [], [6], [0, 1, 2, 3, 4], [6], [0, 1, 2, 3, 4], [5], [], [5], [], [0, 1, 2, 3, 4], [6], [0, 1, 2, 3, 4], [6], [], [5], [], [6], [5], [0, 1, 2, 3, 4], [0, 1, 2, 3, 4], [], [5], [6], [], [0, 1, 2, 3, 4], [6], [5], [], [5], [0, 1, 2, 3, 4], [6], [5], [0, 1, 2, 3, 4], [], [6], [6], [], [0, 1, 2, 3, 4], [5], [0, 1, 2, 3, 4], [6], [], [5], [], [5], [6], [0, 1, 2, 3, 4], [], [5], [0, 1, 2, 3, 4], [6], [6], [5], [], [0, 1, 2, 3, 4], [5], [0, 1, 2, 3, 4], [6], [], [0, 1, 2, 3, 4], [5], [6], [], [5], [0, 1, 2, 3, 4], [], [6], [6], [5], [0, 1, 2, 3, 4], [], [5], [6], [], [0, 1, 2, 3, 4], [6], [0, 1, 2, 3, 4], [], [5], [5], [6], [0, 1, 2, 3, 4], [], [], [5], [0, 1, 2, 3, 4], [6], [], [0, 1, 2, 3, 4], [5], [6], [], [0, 1, 2, 3, 4], [5], [6], [6], [], [0, 1, 2, 3, 4], [5], [], [5], [0, 1, 2, 3, 4], [6], [6], [], [0, 1, 2, 3, 4], [5], [5], [6], [], [0, 1, 2, 3, 4], [], [6], [0, 1, 2, 3, 4], [5], [], [6], [5], [0, 1, 2, 3, 4], [], [5], [6], [0, 1, 2, 3, 4], [0, 1, 2, 3, 4], [5], [6], [], [6], [0, 1, 2, 3, 4], [5], [], [0, 1, 2, 3, 4], [6], [5], [], [0, 1, 2, 3, 4], [5], [], [6], [5], [], [0, 1, 2, 3, 4], [6], [5], [0, 1, 2, 3, 4], [6], [], [0, 1, 2, 3, 4], [5], [], [6], [5], [0, 1, 2, 3, 4], [6], [], [5], [], [0, 1, 2, 3, 4], [6], [6], [0, 1, 2, 3, 4], [5], [], [0, 1, 2, 3, 4], [5], [6], [], [], [5], [6], [0, 1, 2, 3, 4], [5], [6], [], [0, 1, 2, 3, 4], [0, 1, 2, 3, 4], [5], [6], [], [5], [6], [0, 1, 2, 3, 4], [], [], [5], [6], [0, 1, 2, 3, 4], [6], [5], [0, 1, 2, 3, 4], [], [6], [0, 1, 2, 3, 4], [5], [], [5], [6], [0, 1, 2, 3, 4], [], [6], [5], [], [0, 1, 2, 3, 4], [], [0, 1, 2, 3, 4], [5], [6], [0, 1, 2, 3, 4], [6], [5], [], [], [0, 1, 2, 3, 4], [6], [5], [5], [6], [], [0, 1, 2, 3, 4], [6], [], [5], [0, 1, 2, 3, 4], [5], [6], [], [0, 1, 2, 3, 4], [0, 1, 2, 3, 4], [6], [], [5], [5], [0, 1, 2, 3, 4], [], [6], [], [0, 1, 2, 3, 4], [5], [6], [], [6], [5], [0, 1, 2, 3, 4], [5], [], [6], [0, 1, 2, 3, 4], [0, 1, 2, 3, 4], [6], [], [5], [6], [], [5], [0, 1, 2, 3, 4], [0, 1, 2, 3, 4], [], [5], [6], [5], [6], [0, 1, 2, 3, 4], [], [5], [0, 1, 2, 3, 4], [], [6], [0, 1, 2, 3, 4], [], [6], [5], [6], [0, 1, 2, 3, 4], [], [5], [0, 1, 2, 3, 4], [], [6], [5], [0, 1, 2, 3, 4], [6], [], [5], [0, 1, 2, 3, 4], [6], [], [5], [5], [6], [], [0, 1, 2, 3, 4], [6], [], [5], [0, 1, 2, 3, 4], [5], [6], [], [0, 1, 2, 3, 4], [5], [], [6], [0, 1, 2, 3, 4], [0, 1, 2, 3, 4], [], [5], [6], [6], [], [0, 1, 2, 3, 4], [5], [6], [], [0, 1, 2, 3, 4], [5], [], [5], [0, 1, 2, 3, 4], [6], [5], [], [0, 1, 2, 3, 4], [6], [0, 1, 2, 3, 4], [], [6], [5]]
9999C;West Ox Test;[2547080, 3364020, 2046020, 4942080, 6529080, 9327020, 3366080, 9617020, 8188080, 6151020, 3238020, 5779080, 3007080, 6144020, 5529020, 5679080, 6584080, 8725020, 618080, 7956020, 2769080, 6311020, 2590080, 4636020, 7497080, 7865020, 3523080, 7151020, 2008020, 7440080, 2810080, 7122020, 4715020, 855080, 3967020, 2832080, 8172080, 9561020, 6701080, 1366020, 5309080, 5218020, 2424020, 806080, 6043080, 7002020, 4681080, 7641020, 4730020, 9019080, 8165020, 615080, 3524080, 4731020, 2490080, 9615020, 8690020, 9370080, 5008020, 8598080, 3365080, 6410020, 8571080, 6411020, 995020, 5971080, 9790020, 6723080, 7722020, 321080, 3499080, 8024020, 296020, 2179080, 2404080, 880020, 2093080, 7056020, 5144020, 1566080, 2505020, 6651080, 8886080, 9424020, 6978020, 661080, 5931020, 954080, 8068020, 8011080, 1103080, 7742020, 39080, 2096020, 9243020, 1240080, 6226020, 8149080, 2281080, 9944020, 3073080, 7681020, 963020, 6103080, 5907080, 150020, 1452020, 6703080, 362080, 2248020, 6888020, 1987080, 4344080, 2506020, 4086020, 9976080, 823020, 821080, 7299020, 5444080, 8948020, 9764080, 6822020, 1098080, 3168020, 7341080, 7123080, 3834020, 4088020, 6856080, 1451080, 8022020, 6836080, 3682020, 81080, 2343020, 472020, 7457080, 1157080, 5543020, 5046020, 5335080, 8853080, 9794020, 6775080, 591020, 5130020, 8897080, 1964080, 2908020, 3917080, 5131020, 8082020, 8533080, 1771080, 2900020, 7941020, 6186080, 8735020, 4211080, 5026020, 6294080, 7364080, 3750020, 678020, 8534080, 3552020, 3543080, 6523020, 1750080, 10020, 7458080, 1720020, 1239080, 9487080, 3202020, 4227020, 7271080, 8826080, 135020, 6016020, 828080, 3457020, 11080, 9323080, 6966020, 3908080, 5561020, 2615080, 2163020, 5445080, 4316020, 1505020, 7829080, 592080, 9678020, 1623080, 8220020, 9439020, 8443080, 747020, 3186080, 9623080, 3285020, 2706080, 5045020, 4977020, 9862080, 462080, 9736020, 7276020, 5356080, 3340080, 1834020, 4102020, 6129080, 5216020, 7787080, 4943080, 9881020, 2484020, 7662080, 9425080, 5602020, 2892080, 694020, 7661080, 1085020, 4597020, 8674080, 6823020, 2234080, 4696020, 2704080, 1364080, 3821020, 9853080, 2546020, 3601080, 2983020, 5696080, 2805020, 8709080, 2504020, 8675080, 8941020, 9852080, 7090020, 2632020, 2907080, 423080, 4802020, 7496020, 345080, 2831020, 1615080, 3427020, 7498080, 3894020, 8514080, 9102020, 2689080, 1616080, 9459020, 8841080, 2326020, 3895020, 1401080, 2865020, 1074080, 2727020, 6505080, 7106020, 8274080, 9076080, 8578020, 2941020, 9392080, 5408020, 6626080, 6860080, 3674020, 3789080, 9765020, 9072020, 5006080, 9135020, 8736080];[00:02, 00:02, 00:12, 00:12, 00:22, 00:22, 00:32, 00:32, 00:42, 00:42, 00:52, 00:52, 01:02, 01:02, 01:12, 01:12, 01:22, 01:22, 01:32, 01:32, 01:42, 01:42, 01:52, 01:52, 02:02, 02:02, 02:12, 02:12, 02:22, 02:22, 02:32, 02:32, 02:42, 02:42, 02:52, 02:52, 03:02, 03:02, 03:12, 03:12, 03:22, 03:22, 03:32, 03:32, 03:42, 03:42, 03:52, 03:52, 04:02, 04:02, 04:12, 04:12, 04:22, 04:22, 04:32, 04:32, 04:42, 04:42, 04:52, 04:52, 05:02, 05:02, 05:12, 05:12, 05:22, 05:22, 05:32, 05:32, 05:42, 05:42, 05:52, 05:52, 06:02, 06:02, 06:12, 06:12, 06:22, 06:22, 06:32, 06:32, 06:42, 06:42, 06:52, 06:52, 07:02, 07:02, 07:12, 07:12, 07:22, 07:22, 07:32, 07:32, 07:42, 07:42, 07:52, 07:52, 08:02, 08:02, 08:12, 08:12, 08:22, 08:22, 08:32, 08:32, 08:42, 08:42, 08:52, 08:52, 09:02, 09:02, 09:12, 09:12, 09:22, 09:22, 09:32, 09:32, 09:42, 09:42, 09:52, 09:52, 10:02, 10:02, 10:12, 10:12, 10:22, 10:22, 10:32, 10:32, 10:42, 10:42, 10:52, 10:52, 11:02, 11:02, 11:12, 11:12, 11:22, 11:22, 11:32, 11:32, 11:42, 11:42, 11:52, 11:52, 12:02, 12:02, 12:12, 12:12, 12:22, 12:22, 12:32, 12:32, 12:42, 12:42, 12:52, 12:52, 13:02, 13:02, 13:12, 13:12, 13:22, 13:22, 13:32, 13:32, 13:42, 13:42, 13:52, 13:52, 14:02, 14:02, 14:12, 14:12, 14:22, 14:22, 14:32, 14:32, 14:42, 14:42, 14:52, 14:52, 15:02, 15:02, 15:12, 15:12, 15:22, 15:22, 15:32, 15:32, 15:42, 15:42, 15:52, 15:52, 16:02, 16:02, 16:12, 16:12, 16:22, 16:22, 16:32, 16:32, 16:42, 16:42, 16:52, 16:52, 17:02, 17:02, 17:12, 17:12, 17:22, 17:22, 17:32, 17:32, 17:42, 17:42, 17:52, 17:52, 18:02, 18:02, 18:12, 18:12, 18:22, 18:22, 18:32, 18:32, 18:42, 18:42, 18:52, 18:52, 19:02, 19:02, 19:12, 19:12, 19:22, 19:22, 19:32, 19:32, 19:42, 19:42, 19:52, 19:52, 20:02, 20:02, 20:12, 20:12, 20:22, 20:22, 20:32, 20:32, 20:42, 20:42, 20:52, 20:52, 21:02, 21:02, 21:12, 21:12, 21:22, 21:22, 21:32, 21:32, 21:42, 21:42, 21:52, 21:52, 22:02, 22:02, 22:12, 22:12, 22:22, 22:22, 22:32, 22:32, 22:42, 22:42, 22:52, 22:52, 23:02, 23:02, 23:12, 23:12, 23:22, 23:22, 23:32, 23:32, 23:42, 23:42, 23:52, 23:52];[[], [0, 1, 2, 3, 4], [0, 1, 2, 3, 4], [], [], [0, 1, 2, 3, 4], [], [0, 1, 2, 3, 4], [], [0, 1, 2, 3, 4], [0, 1, 2, 3, 4], [], [], [0, 1, 2, 3, 4], [0, 1, 2, 3, 4], [], [], [0, 1, 2, 3, 4], [], [0, 1, 2, 3, 4], [], [0, 1, 2, 3, 4], [], [0, 1, 2, 3, 4], [], [0, 1, 2, 3, 4], [], [0, 1, 2, 3, 4], [0, 1, 2, 3, 4], [], [], [0, 1, 2, 3, 4], [0, 1, 2, 3, 4], [], [0, 1, 2, 3, 4], [], [], [0, 1, 2, 3, 4], [], [0, 1, 2, 3, 4], [], [0, 1, 2, 3, 4], [0, 1, 2, 3, 4], [], [], [0, 1, 2, 3, 4], [], [0, 1, 2, 3, 4], [0, 1, 2, 3, 4], [], [0, 1, 2, 3, 4], [], [], [0, 1, 2, 3, 4], [], [0, 1, 2, 3, 4], [0, 1, 2, 3, 4], [], [0, 1, 2, 3, 4], [], [], [0, 1, 2, 3, 4], [], [0, 1, 2, 3, 4], [0, 1, 2, 3, 4], [], [0, 1, 2, 3, 4], [], [0, 1, 2, 3, 4], [], [], [0, 1, 2, 3, 4], [0, 1, 2, 3, 4], [], [], [0, 1, 2, 3, 4], [], [0, 1, 2, 3, 4], [0, 1, 2, 3, 4], [], [0, 1, 2, 3, 4], [], [], [0, 1, 2, 3, 4], [0, 1, 2, 3, 4], [], [0, 1, 2, 3, 4], [], [0, 1, 2, 3, 4], [], [], [0, 1, 2, 3, 4], [], [0, 1, 2, 3, 4], [0, 1, 2, 3, 4], [], [0, 1, 2, 3, 4], [], [], [0, 1, 2, 3, 4], [], [0, 1, 2, 3, 4], [0, 1, 2, 3, 4], [], [], [0, 1, 2, 3, 4], [0, 1, 2, 3, 4], [], [], [0, 1, 2, 3, 4], [0, 1, 2, 3, 4], [], [], [0, 1, 2, 3, 4], [0, 1, 2, 3, 4], [], [0, 1, 2, 3, 4], [], [0, 1, 2, 3, 4], [], [0, 1, 2, 3, 4], [], [0, 1, 2, 3, 4], [], [0, 1, 2, 3, 4], [], [], [0, 1, 2, 3, 4], [0, 1, 2, 3, 4], [], [], [0, 1, 2, 3, 4], [], [0, 1, 2, 3, 4], [], [0, 1, 2, 3, 4], [0, 1, 2, 3, 4], [], [], [0, 1, 2, 3, 4], [0, 1, 2, 3, 4], [], [], [0, 1, 2, 3, 4], [], [0, 1, 2, 3, 4], [0, 1, 2, 3, 4], [], [], [0, 1, 2, 3, 4], [], [0, 1, 2, 3, 4], [0, 1, 2, 3, 4], [], [], [0, 1, 2, 3, 4], [0, 1, 2, 3, 4], [], [0, 1, 2, 3, 4], [], [0, 1, 2, 3, 4], [], [], [0, 1, 2, 3, 4], [0, 1, 2, 3, 4], [], [0, 1, 2, 3, 4], [], [0, 1, 2, 3, 4], [], [0, 1, 2, 3, 4], [], [0, 1, 2, 3, 4], [], [], [0, 1, 2, 3, 4], [0, 1, 2, 3, 4], [], [], [0, 1, 2, 3, 4], [0, 1, 2, 3, 4], [], [0, 1, 2, 3, 4], [], [], [0, 1, 2, 3, 4], [], [0, 1, 2, 3, 4], [], [0, 1, 2, 3, 4], [], [0, 1, 2, 3, 4], [0, 1, 2, 3, 4], [], [], [0, 1, 2, 3, 4], [], [0, 1, 2, 3, 4], [0, 1, 2, 3, 4], [], [0, 1, 2, 3, 4], [], [], [0, 1, 2, 3, 4], [], [0, 1, 2, 3, 4], [0, 1, 2, 3, 4], [], [], [0, 1, 2, 3, 4], [0, 1, 2, 3, 4], [], [], [0, 1, 2, 3, 4], [0, 1, 2, 3, 4], [], [0, 1, 2, 3, 4], [], [], [0, 1, 2, 3, 4], [0, 1, 2, 3, 4], [], [], [0, 1, 2, 3, 4], [], [0, 1, 2, 3, 4], [], [0, 1, 2, 3, 4], [0, 1, 2, 3, 4], [], [0, 1, 2, 3, 4], [], [0, 1, 2, 3, 4], [], [], [0, 1, 2, 3, 4], [], [0, 1, 2, 3, 4], [], [0, 1, 2, 3, 4], [], [0, 1, 2, 3, 4], [], [0, 1, 2, 3, 4], [], [0, 1, 2, 3, 4], [], [0, 1, 2, 3, 4], [0, 1, 2, 3, 4], [], [], [0, 1, 2, 3, 4], [0, 1, 2, 3, 4], [], [0, 1, 2, 3, 4], [], [0, 1, 2, 3, 4], [], [0, 1, 2, 3, 4], [], [0, 1, 2, 3, 4], [], [], [0, 1, 2, 3, 4], [], [0, 1, 2, 3, 4], [0, 1, 2, 3, 4], [], [0, 1, 2, 3, 4], [], [0, 1, 2, 3, 4], [], [0, 1, 2, 3, 4], [], [], [0, 1, 2, 3, 4], [0, 1, 2, 3, 4], [], [0, 1, 2, 3, 4], [], [], [0, 1, 2, 3, 4], [], [0, 1, 2, 3, 4], [0, 1, 2, 3, 4], [], [0, 1, 2, 3, 4], []]
RIBS1;Lake Anne - Hunters Woods;[3828020, 5940020, 3474080, 7029070, 8157010, 7247020, 4651080, 8749070, 3563010, 4331020, 7781080, 5108010, 339070, 8179020, 2931080, 1331010, 5619070, 69020, 5718010, 7454080, 8282070, 8228020, 9771070, 4879080, 760020, 1757010, 9538080, 5292070, 4876020, 587080, 3390010, 2041070, 606020, 8104070, 3424080, 636010, 3724070, 3047020, 2305080, 8858070, 892080, 5526010, 6831020, 863070, 314080, 1112020, 932010, 3885080, 2958070, 3121020, 4179010, 270070, 1069080, 625020, 3904080, 6873070, 5167010, 4969020, 6217070, 5771080, 901080, 9900070, 2496010, 1418020, 7356070, 2701080, 8778020, 8540010, 271080, 8681070, 8160020, 3003010, 3297070, 763080, 868020, 303080, 7565070, 7463010, 1305080, 1341020, 9785070, 6903080, 313070, 3323010, 5399020, 3786080, 5897070, 921020, 4569010, 5997070, 1316080, 4933020, 8122070, 6383080, 6377010, 6768020, 9035080, 71070, 9075010, 7065070, 527080, 230020, 226010, 190080, 7736070, 5241020, 7766070, 6748080, 3640020, 9132010, 3668080, 9679070, 4863020, 5633080, 3486010, 5726070, 6097020, 1276070, 4824080, 2945010, 485070, 2183080, 2859020, 4736010, 3573070, 9571080, 4022020, 4427080, 1648010, 9172020, 8283070, 3553020, 2653080, 2385010, 2562070, 4433020, 9547080, 3614010, 8406070, 6301020, 8757080, 2337070, 12010, 1537020, 365010, 72070, 9461080, 6934020, 9553010, 5725070, 2923080, 5537020, 4647010, 3123080, 6801070, 4951020, 3756010, 4497070, 5019080, 7024020, 4498080, 3332070];[05:10, 06:10, 06:10, 06:10, 06:10, 06:38, 06:40, 06:40, 06:40, 07:02, 07:10, 07:10, 07:10, 07:26, 07:40, 07:40, 07:40, 07:50, 08:10, 08:10, 08:10, 08:14, 08:30, 08:30, 08:40, 08:40, 08:50, 08:50, 09:02, 09:10, 09:10, 09:10, 09:26, 09:30, 09:30, 09:40, 09:50, 09:50, 09:50, 10:10, 10:10, 10:10, 10:14, 10:30, 10:30, 10:38, 10:40, 10:50, 10:50, 11:02, 11:10, 11:10, 11:10, 11:26, 11:30, 11:30, 11:40, 11:50, 11:50, 11:50, 12:10, 12:10, 12:10, 12:14, 12:30, 12:30, 12:38, 12:40, 12:50, 12:50, 13:02, 13:10, 13:10, 13:10, 13:26, 13:30, 13:30, 13:40, 13:50, 13:50, 13:50, 14:10, 14:10, 14:10, 14:14, 14:30, 14:30, 14:38, 14:40, 14:50, 14:50, 15:02, 15:10, 15:10, 15:10, 15:26, 15:30, 15:30, 15:40, 15:50, 15:50, 15:50, 16:10, 16:10, 16:10, 16:14, 16:30, 16:30, 16:38, 16:40, 16:50, 16:50, 17:02, 17:10, 17:10, 17:10, 17:26, 17:30, 17:30, 17:40, 17:50, 17:50, 17:52, 18:10, 18:10, 18:10, 18:14, 18:40, 18:40, 18:40, 18:40, 19:04, 19:10, 19:10, 19:10, 19:28, 19:40, 19:40, 19:40, 19:54, 20:10, 20:10, 20:10, 20:30, 20:40, 20:40, 20:40, 21:00, 21:10, 21:10, 21:10, 22:00, 22:10, 22:10, 22:10, 23:00, 23:10, 23:10, 23:10, 24:00, 24:10, 24:10];[[0, 1, 2, 3, 4], [0, 1, 2, 3, 4], [], [5], [6], [0, 1, 2, 3, 4], [], [5], [6], [0, 1, 2, 3, 4], [], [6], [5], [0, 1, 2, 3, 4], [], [6], [5], [0, 1, 2, 3, 4], [6], [], [5], [0, 1, 2, 3, 4], [5], [], [0, 1, 2, 3, 4], [6], [], [5], [0, 1, 2, 3, 4], [], [6], [5], [0, 1, 2, 3, 4], [5], [], [6], [5], [0, 1, 2, 3, 4], [], [5], [], [6], [0, 1, 2, 3, 4], [5], [], [0, 1, 2, 3, 4], [6], [], [5], [0, 1, 2, 3, 4], [6], [5], [], [0, 1, 2, 3, 4], [], [5], [6], [0, 1, 2, 3, 4], [5], [], [], [5], [6], [0, 1, 2, 3, 4], [5], [], [0, 1, 2, 3, 4], [6], [], [5], [0, 1, 2, 3, 4], [6], [5], [], [0, 1, 2, 3, 4], [], [5], [6], [], [0, 1, 2, 3, 4], [5], [], [5], [6], [0, 1, 2, 3, 4], [], [5], [0, 1, 2, 3, 4], [6], [5], [], [0, 1, 2, 3, 4], [5], [], [6], [0, 1, 2, 3, 4], [], [5], [6], [5], [], [0, 1, 2, 3, 4], [6], [], [5], [0, 1, 2, 3, 4], [5], [], [0, 1, 2, 3, 4], [6], [], [5], [0, 1, 2, 3, 4], [], [6], [5], [0, 1, 2, 3, 4], [5], [], [6], [5], [], [0, 1, 2, 3, 4], [6], [5], [], [0, 1, 2, 3, 4], [], [6], [0, 1, 2, 3, 4], [5], [0, 1, 2, 3, 4], [], [6], [5], [0, 1, 2, 3, 4], [], [6], [5], [0, 1, 2, 3, 4], [], [5], [6], [0, 1, 2, 3, 4], [6], [5], [], [0, 1, 2, 3, 4], [6], [5], [], [0, 1, 2, 3, 4], [6], [], [5], [0, 1, 2, 3, 4], [6], [5], [], [0, 1, 2, 3, 4], [], [5]]
RIBS2;Reston - South Lakes - Herndon M;[1051020, 1483020, 5986020, 6461020, 5210020, 5852020, 7857070, 5770080, 1920010, 3394070, 599080, 289020, 4602010, 4477020, 9786070, 6034080, 7725010, 7235020, 3589020, 2155080, 5690070, 7989010, 2478020, 1222010, 2779070, 8249080, 5985020, 2722070, 1572010, 5750080, 7331020, 5873020, 6300010, 1934070, 6402020, 1030080, 1093020, 5243020, 2109010, 5576080, 5300070, 1997020, 6901020, 689070, 9590080, 2013010, 9289070, 676010, 9567080, 6853020, 9883020, 3413070, 7744010, 2500080, 627020, 2559020, 4609070, 7859080, 3208010, 2116020, 9537020, 7017010, 7218080, 1953070, 7219070, 6996080, 6635010, 5653020, 8075020, 3737070, 7816080, 7113010, 3475070, 8989080, 6333020, 1967010, 9138070, 4772080, 9497020, 624010, 5253020, 4999080, 6245070, 3672010, 4163010, 1897080, 5184020, 3705070, 2955020, 4098080, 4311070, 344010, 6464070, 4973080, 4333020, 6289010, 3326080, 5557070, 3166010, 1188020, 8102020, 8716070, 9866010, 3281080, 4238070, 2141080, 4245010, 288020, 31080, 4797020, 7889010, 5188070, 6070, 7261020, 6023010, 8078080, 5278020, 8216070, 9753080, 9336010, 2021020, 6559080, 3693010, 8103070, 3520080, 835010, 7858070, 2137020, 9972010, 5477020, 5811070, 628080, 8378010, 7053020, 7084070, 3679080, 4510080, 3089010, 7894020, 53070, 5599010, 1264020, 1873070, 6326080, 609080, 5168010, 1766020, 738070, 5898070, 7093020, 77010, 9437080, 1265020, 9582070, 2932080, 6634010, 6406020, 8085020, 4138080, 2256020, 1271010, 2679070, 8594080, 3572070, 7464010, 770020, 2022020, 3160080, 5490010, 942070, 1189020, 9441020, 2192080, 96010, 7654070, 7839020, 651080, 5565010, 5793020, 9737070, 6013010, 960080, 6787070, 7616020, 4798020, 668010, 4291080, 9515070, 7327020, 6969020, 3891010, 6542080, 3241070, 9050020, 5670010, 3124070, 2820020, 924080, 195010, 4782080, 688070, 3590020, 5905020, 9192080, 6074070, 6233010, 1050020, 8321020, 4060070, 8004010, 2501080, 8260020, 7485020, 6473010, 8323070, 2259080, 1830080, 9351010, 2456070, 5523020, 8821070, 3799010, 3884080, 4334020, 3230020, 2531010, 1581070, 252080, 5539070, 4800080, 2197010, 232020, 2455070, 1127020, 7174080, 5145010, 2408010, 6327080, 5521020, 9992070, 7044070, 3218010, 2454020, 1485080, 3521010, 6832070, 3725080, 4308020, 8612010, 7918080, 48020, 5812070, 4357020, 7117070, 1167080, 7033010, 1161020, 9809070, 7265080, 698010, 9493020, 9379070, 5219010, 8420080, 8525020, 5489010, 2420080, 8433070, 9005080, 9120070, 6908010, 9357020, 2318020, 631010, 2676080, 733070, 7873020, 2959080, 7878010, 6162070, 1185070, 808080, 4142020, 8331010, 4950010, 1168070, 4461080, 5357020, 674080, 2541020, 7937070, 2509010, 8071010, 1618070, 5909020, 9850080, 996010, 5519070, 9913020, 4103080, 1442020, 9741070, 6700080, 893010];[04:25, 05:00, 05:10, 05:30, 05:45, 06:00, 06:00, 06:00, 06:00, 06:15, 06:15, 06:15, 06:15, 06:20, 06:30, 06:30, 06:30, 06:40, 06:40, 06:45, 06:45, 06:45, 07:00, 07:00, 07:00, 07:00, 07:00, 07:15, 07:15, 07:15, 07:20, 07:20, 07:30, 07:30, 07:30, 07:30, 07:40, 07:40, 07:45, 07:45, 07:45, 08:00, 08:00, 08:00, 08:00, 08:00, 08:15, 08:15, 08:15, 08:20, 08:20, 08:30, 08:30, 08:30, 08:40, 08:40, 08:45, 08:45, 08:45, 09:00, 09:00, 09:00, 09:00, 09:00, 09:15, 09:15, 09:15, 09:20, 09:30, 09:30, 09:30, 09:30, 09:45, 09:45, 09:45, 09:45, 10:00, 10:00, 10:00, 10:00, 10:15, 10:15, 10:15, 10:15, 10:30, 10:30, 10:30, 10:30, 10:45, 10:45, 10:45, 10:45, 11:00, 11:00, 11:00, 11:00, 11:15, 11:15, 11:15, 11:15, 11:30, 11:30, 11:30, 11:30, 11:45, 11:45, 11:45, 11:45, 12:00, 12:00, 12:00, 12:00, 12:15, 12:15, 12:15, 12:15, 12:30, 12:30, 12:30, 12:30, 12:45, 12:45, 12:45, 12:45, 13:00, 13:00, 13:00, 13:00, 13:15, 13:15, 13:15, 13:15, 13:30, 13:30, 13:30, 13:30, 13:45, 13:45, 13:45, 13:45, 14:00, 14:00, 14:00, 14:00, 14:15, 14:15, 14:15, 14:15, 14:30, 14:30, 14:30, 14:30, 14:45, 14:45, 14:45, 14:45, 14:53, 15:00, 15:00, 15:00, 15:00, 15:00, 15:15, 15:15, 15:15, 15:20, 15:20, 15:30, 15:30, 15:30, 15:40, 15:40, 15:45, 15:45, 15:45, 16:00, 16:00, 16:00, 16:00, 16:00, 16:15, 16:15, 16:15, 16:20, 16:20, 16:30, 16:30, 16:30, 16:40, 16:40, 16:45, 16:45, 16:45, 17:00, 17:00, 17:00, 17:00, 17:00, 17:15, 17:15, 17:15, 17:20, 17:20, 17:30, 17:30, 17:30, 17:40, 17:40, 17:45, 17:45, 17:45, 18:00, 18:00, 18:00, 18:00, 18:00, 18:15, 18:15, 18:15, 18:20, 18:30, 18:30, 18:30, 18:30, 18:45, 18:45, 18:45, 18:45, 19:00, 19:00, 19:00, 19:00, 19:15, 19:15, 19:15, 19:15, 19:30, 19:30, 19:30, 19:30, 19:45, 19:45, 19:45, 19:45, 20:00, 20:00, 20:00, 20:00, 20:15, 20:15, 20:15, 20:15, 20:30, 20:30, 20:30, 20:30, 20:45, 20:45, 20:45, 20:45, 21:00, 21:00, 21:00, 21:00, 21:15, 21:15, 21:15, 21:15, 21:30, 21:30, 21:30, 21:30, 21:45, 21:45, 21:45, 21:45, 22:00, 22:00, 22:00, 22:00, 22:15, 22:15, 22:15, 22:15, 22:30, 22:30, 22:30, 22:30, 22:45, 22:45, 22:45, 22:45, 23:15, 23:15, 23:15, 23:15, 23:30, 23:30, 23:30, 23:30, 24:15, 24:15, 24:15, 24:15];[[0, 1, 2, 3, 4], [0, 1, 2, 3, 4], [0, 1, 2, 3, 4], [0, 1, 2, 3, 4], [0, 1, 2, 3, 4], [0, 1, 2, 3, 4], [5], [], [6], [5], [], [0, 1, 2, 3, 4], [6], [0, 1, 2, 3, 4], [5], [], [6], [0, 1, 2, 3, 4], [0, 1, 2, 3, 4], [], [5], [6], [0, 1, 2, 3, 4], [6], [5], [], [0, 1, 2, 3, 4], [5], [6], [], [0, 1, 2, 3, 4], [0, 1, 2, 3, 4], [6], [5], [0, 1, 2, 3, 4], [], [0, 1, 2, 3, 4], [0, 1, 2, 3, 4], [6], [], [5], [0, 1, 2, 3, 4], [0, 1, 2, 3, 4], [5], [], [6], [5], [6], [], [0, 1, 2, 3, 4], [0, 1, 2, 3, 4], [5], [6], [], [0, 1, 2, 3, 4], [0, 1, 2, 3, 4], [5], [], [6], [0, 1, 2, 3, 4], [0, 1, 2, 3, 4], [6], [], [5], [5], [], [6], [0, 1, 2, 3, 4], [0, 1, 2, 3, 4], [5], [], [6], [5], [], [0, 1, 2, 3, 4], [6], [5], [], [0, 1, 2, 3, 4], [6], [0, 1, 2, 3, 4], [], [5], [6], [6], [], [0, 1, 2, 3, 4], [5], [0, 1, 2, 3, 4], [], [5], [6], [5], [], [0, 1, 2, 3, 4], [6], [], [5], [6], [0, 1, 2, 3, 4], [0, 1, 2, 3, 4], [5], [6], [], [5], [], [6], [0, 1, 2, 3, 4], [], [0, 1, 2, 3, 4], [6], [5], [5], [0, 1, 2, 3, 4], [6], [], [0, 1, 2, 3, 4], [5], [], [6], [0, 1, 2, 3, 4], [], [6], [5], [], [6], [5], [0, 1, 2, 3, 4], [6], [0, 1, 2, 3, 4], [5], [], [6], [0, 1, 2, 3, 4], [5], [], [], [6], [0, 1, 2, 3, 4], [5], [6], [0, 1, 2, 3, 4], [5], [], [], [6], [0, 1, 2, 3, 4], [5], [5], [0, 1, 2, 3, 4], [6], [], [0, 1, 2, 3, 4], [5], [], [6], [0, 1, 2, 3, 4], [0, 1, 2, 3, 4], [], [0, 1, 2, 3, 4], [6], [5], [], [5], [6], [0, 1, 2, 3, 4], [0, 1, 2, 3, 4], [], [6], [5], [0, 1, 2, 3, 4], [0, 1, 2, 3, 4], [], [6], [5], [0, 1, 2, 3, 4], [], [6], [0, 1, 2, 3, 4], [5], [6], [], [5], [0, 1, 2, 3, 4], [0, 1, 2, 3, 4], [6], [], [5], [0, 1, 2, 3, 4], [0, 1, 2, 3, 4], [6], [], [5], [0, 1, 2, 3, 4], [6], [5], [0, 1, 2, 3, 4], [], [6], [], [5], [0, 1, 2, 3, 4], [0, 1, 2, 3, 4], [], [5], [6], [0, 1, 2, 3, 4], [0, 1, 2, 3, 4], [5], [6], [], [0, 1, 2, 3, 4], [0, 1, 2, 3, 4], [6], [5], [], [], [6], [5], [0, 1, 2, 3, 4], [5], [6], [], [0, 1, 2, 3, 4], [0, 1, 2, 3, 4], [6], [5], [], [5], [], [6], [0, 1, 2, 3, 4], [5], [0, 1, 2, 3, 4], [], [6], [6], [], [0, 1, 2, 3, 4], [5], [5], [6], [0, 1, 2, 3, 4], [], [6], [5], [], [0, 1, 2, 3, 4], [6], [], [0, 1, 2, 3, 4], [5], [0, 1, 2, 3, 4], [5], [], [6], [0, 1, 2, 3, 4], [5], [], [6], [0, 1, 2, 3, 4], [5], [6], [], [0, 1, 2, 3, 4], [6], [], [5], [], [5], [6], [0, 1, 2, 3, 4], [0, 1, 2, 3, 4], [6], [], [5], [0, 1, 2, 3, 4], [], [6], [5], [5], [], [0, 1, 2, 3, 4], [6], [6], [5], [], [0, 1, 2, 3, 4], [], [0, 1, 2, 3, 4], [5], [6], [6], [5], [0, 1, 2, 3, 4], [], [6], [5], [0, 1, 2, 3, 4], [], [0, 1, 2, 3, 4], [5], [], [6]]
RIBS3;Hunters Woods - Lake Anne;[1149020, 9526070, 1679080, 2874010, 8510020, 2089020, 7772010, 3991080, 4352070, 2479020, 9401080, 1480010, 5038070, 6746020, 2508010, 1518080, 9282070, 9656020, 5105070, 8064080, 1638010, 3296020, 4652070, 3001080, 789010, 9103020, 4920080, 7826070, 3644020, 8299010, 5752080, 9698070, 8182020, 4053080, 165070, 6024010, 4089070, 2060020, 5813080, 5430070, 5222010, 6881080, 4495020, 2300080, 6955070, 9714020, 8720010, 1395070, 739080, 5789020, 4663010, 305070, 7474080, 8483020, 4520080, 9718070, 9777010, 5963080, 902070, 2499020, 5836070, 1718080, 3198010, 7982020, 6328080, 8798070, 7433020, 1705010, 943070, 9473080, 2023020, 4428070, 8919010, 9416080, 6222020, 5346070, 394080, 3311010, 864070, 3695080, 2024020, 5962070, 1272010, 973080, 4688020, 1671080, 6224070, 8728020, 3692010, 3106070, 3125080, 2335020, 4152080, 8163070, 2286010, 4023020, 9548070, 7985080, 6317010, 8121020, 9499070, 8680080, 5162080, 1999070, 6113010, 8678020, 4312070, 3574080, 4877020, 404010, 2142070, 3329080, 250020, 9823070, 9267010, 6770080, 8904020, 4826080, 4183070, 7446010, 2927070, 4533080, 2978020, 2495010, 2366080, 144070, 6284020, 4236020, 272080, 1898070, 8352010, 1129020, 5255070, 383010, 4167080, 2821020, 6771070, 5266010, 6355080, 2801020, 817080, 5015010, 7489070, 5370020, 7224010, 9516070, 8527080, 6201020, 6802080, 7099070, 4908010, 215020, 4608070, 6170010, 6244080, 4095020, 5741010, 3299070, 524080, 7633020, 6794080, 7825070];[05:10, 06:10, 06:10, 06:10, 06:10, 06:38, 06:40, 06:40, 06:40, 07:02, 07:10, 07:10, 07:10, 07:26, 07:40, 07:40, 07:40, 07:50, 08:10, 08:10, 08:10, 08:14, 08:30, 08:30, 08:40, 08:40, 08:50, 08:50, 09:02, 09:10, 09:10, 09:10, 09:26, 09:30, 09:30, 09:40, 09:50, 09:50, 09:50, 10:10, 10:10, 10:10, 10:14, 10:30, 10:30, 10:38, 10:40, 10:50, 10:50, 11:02, 11:10, 11:10, 11:10, 11:26, 11:30, 11:30, 11:40, 11:50, 11:50, 11:50, 12:10, 12:10, 12:10, 12:14, 12:30, 12:30, 12:38, 12:40, 12:50, 12:50, 13:02, 13:10, 13:10, 13:10, 13:26, 13:30, 13:30, 13:40, 13:50, 13:50, 13:50, 14:10, 14:10, 14:10, 14:14, 14:30, 14:30, 14:38, 14:40, 14:50, 14:50, 15:02, 15:10, 15:10, 15:10, 15:26, 15:30, 15:30, 15:40, 15:50, 15:50, 15:50, 16:10, 16:10, 16:10, 16:14, 16:30, 16:30, 16:38, 16:40, 16:50, 16:50, 17:02, 17:10, 17:10, 17:10, 17:26, 17:30, 17:30, 17:40, 17:50, 17:50, 17:52, 18:10, 18:10, 18:10, 18:14, 18:40, 18:40, 18:40, 18:40, 19:04, 19:10, 19:10, 19:10, 19:28, 19:40, 19:40, 19:40, 19:54, 20:10, 20:10, 20:10, 20:30, 20:40, 20:40, 20:40, 21:00, 21:10, 21:10, 21:10, 22:00, 22:10, 22:10, 22:10, 23:00, 23:10, 23:10, 23:10, 24:00, 24:10, 24:10];[[0, 1, 2, 3, 4], [5], [], [6], [0, 1, 2, 3, 4], [0, 1, 2, 3, 4], [6], [], [5], [0, 1, 2, 3, 4], [], [6], [5], [0, 1, 2, 3, 4], [6], [], [5], [0, 1, 2, 3, 4], [5], [], [6], [0, 1, 2, 3, 4], [5], [], [6], [0, 1, 2, 3, 4], [], [5], [0, 1, 2, 3, 4], [6], [], [5], [0, 1, 2, 3, 4], [], [5], [6], [5], [0, 1, 2, 3, 4], [], [5], [6], [], [0, 1, 2, 3, 4], [], [5], [0, 1, 2, 3, 4], [6], [5], [], [0, 1, 2, 3, 4], [6], [5], [], [0, 1, 2, 3, 4], [], [5], [6], [], [5], [0, 1, 2, 3, 4], [5], [], [6], [0, 1, 2, 3, 4], [], [5], [0, 1, 2, 3, 4], [6], [5], [], [0, 1, 2, 3, 4], [5], [6], [], [0, 1, 2, 3, 4], [5], [], [6], [5], [], [0, 1, 2, 3, 4], [5], [6], [], [0, 1, 2, 3, 4], [], [5], [0, 1, 2, 3, 4], [6], [5], [], [0, 1, 2, 3, 4], [], [5], [6], [0, 1, 2, 3, 4], [5], [], [6], [0, 1, 2, 3, 4], [5], [], [], [5], [6], [0, 1, 2, 3, 4], [5], [], [0, 1, 2, 3, 4], [6], [5], [], [0, 1, 2, 3, 4], [5], [6], [], [0, 1, 2, 3, 4], [], [5], [6], [5], [], [0, 1, 2, 3, 4], [6], [], [5], [0, 1, 2, 3, 4], [0, 1, 2, 3, 4], [], [5], [6], [0, 1, 2, 3, 4], [5], [6], [], [0, 1, 2, 3, 4], [5], [6], [], [0, 1, 2, 3, 4], [], [6], [5], [0, 1, 2, 3, 4], [6], [5], [], [0, 1, 2, 3, 4], [], [5], [6], [0, 1, 2, 3, 4], [5], [6], [], [0, 1, 2, 3, 4], [6], [5], [], [0, 1, 2, 3, 4], [], [5]]
RIBS4;Reston Town Center - North Point;[3066020, 4517020, 7357020, 4708020, 8425070, 6286020, 6877080, 3078010, 871020, 4065010, 8636020, 515080, 1115070, 9744020, 690080, 2026020, 4886010, 6122070, 7949020, 8787010, 1768080, 7333070, 8162020, 9291010, 4955080, 9657020, 1345070, 92070, 2685010, 629080, 1226020, 7577010, 8502070, 7465020, 6091080, 2239080, 1289010, 2654070, 304020, 8566020, 2876080, 1070070, 6381010, 6420070, 5223010, 1141020, 1812080, 9006020, 5772080, 5491010, 2563070, 6116070, 1223010, 1620080, 3144020, 6318010, 5202070, 9856080, 7917020, 3476010, 8751080, 630070, 5178020, 8946010, 5179080, 3625020, 7307070, 7676020, 5096070, 3082080, 7817020, 5687010, 2094020, 7529070, 6005020, 6876080, 7864010, 4752020, 2745080, 2668010, 468070, 3770020, 9828020, 908020, 7972080, 8389010, 6102070, 6435010, 9396020, 6247070, 3017080, 7840080, 2630010, 1427070, 1324020, 5888070, 6833020, 7948010, 414080, 2258020, 9012020, 1142020];[05:12, 05:52, 06:12, 06:32, 06:52, 06:52, 06:52, 06:52, 07:09, 07:32, 07:32, 07:32, 07:32, 07:52, 08:12, 08:12, 08:12, 08:12, 08:32, 08:51, 08:51, 08:51, 08:51, 09:31, 09:31, 09:31, 09:31, 10:11, 10:11, 10:11, 10:11, 10:51, 10:51, 10:51, 10:51, 11:31, 11:31, 11:31, 11:31, 12:11, 12:11, 12:11, 12:11, 12:51, 12:51, 12:51, 12:51, 13:31, 13:31, 13:31, 13:31, 14:11, 14:11, 14:11, 14:11, 14:51, 14:51, 14:51, 14:51, 15:31, 15:31, 15:31, 15:35, 16:11, 16:11, 16:11, 16:11, 16:31, 16:51, 16:51, 16:51, 16:51, 17:11, 17:31, 17:31, 17:31, 17:31, 17:51, 18:11, 18:11, 18:11, 18:11, 18:31, 18:51, 18:51, 18:51, 18:51, 19:31, 19:31, 19:31, 19:31, 20:11, 20:11, 20:11, 20:11, 20:52, 20:52, 20:52, 20:52, 21:32, 22:12, 22:52];[[0, 1, 2, 3, 4], [0, 1, 2, 3, 4], [0, 1, 2, 3, 4], [0, 1, 2, 3, 4], [5], [0, 1, 2, 3, 4], [], [6], [0, 1, 2, 3, 4], [6], [0, 1, 2, 3, 4], [], [5], [0, 1, 2, 3, 4], [], [0, 1, 2, 3, 4], [6], [5], [0, 1, 2, 3, 4], [6], [], [5], [0, 1, 2, 3, 4], [6], [], [0, 1, 2, 3, 4], [5], [5], [6], [], [0, 1, 2, 3, 4], [6], [5], [0, 1, 2, 3, 4], [], [], [6], [5], [0, 1, 2, 3, 4], [0, 1, 2, 3, 4], [], [5], [6], [5], [6], [0, 1, 2, 3, 4], [], [0, 1, 2, 3, 4], [], [6], [5], [5], [6], [], [0, 1, 2, 3, 4], [6], [5], [], [0, 1, 2, 3, 4], [6], [], [5], [0, 1, 2, 3, 4], [6], [], [0, 1, 2, 3, 4], [5], [0, 1, 2, 3, 4], [5], [], [0, 1, 2, 3, 4], [6], [0, 1, 2, 3, 4], [5], [0, 1, 2, 3, 4], [], [6], [0, 1, 2, 3, 4], [], [6], [5], [0, 1, 2, 3, 4], [0, 1, 2, 3, 4], [0, 1, 2, 3, 4], [], [6], [5], [6], [0, 1, 2, 3, 4], [5], [], [], [6], [5], [0, 1, 2, 3, 4], [5], [0, 1, 2, 3, 4], [6], [], [0, 1, 2, 3, 4], [0, 1, 2, 3, 4], [0, 1, 2, 3, 4]]
RIBS5;Herndon- Reston Town Center;[5238020, 6602020, 8653010, 9739080, 7551020, 5233070, 3126070, 9298010, 6049020, 8544080, 8293070, 9675080, 2914010, 1709020, 1528010, 2209070, 7308080, 8177020, 6988020, 5199010, 5578080, 8929070, 6698070, 4129080, 2657020, 1489010, 7629080, 5189070, 78010, 5435020, 6605080, 3375020, 9925010, 9689070, 456020, 132010, 3540070, 9740080, 4184070, 8474010, 7139080, 704020, 8957010, 9799020, 3498080, 5203070, 8520020, 8984010, 6551080, 5123070, 4562080, 3965070, 3646010, 5101020, 6436010, 6297020, 4398070, 2345080, 254080, 1461020, 1806070, 4492010, 4866020, 3696080, 9036010, 7818070, 1500080, 9506010, 5611070, 4294020, 755020, 4361070, 2597010, 8698080, 5612070, 4546010, 2688020, 8105080, 9053020, 6926020, 398020];[05:30, 06:15, 07:00, 07:00, 07:00, 07:00, 07:45, 07:45, 07:45, 07:45, 08:30, 08:30, 08:30, 08:30, 09:15, 09:15, 09:15, 09:15, 10:00, 10:00, 10:00, 10:00, 10:45, 10:45, 10:45, 10:45, 11:30, 11:30, 11:30, 11:30, 12:15, 12:15, 12:15, 12:15, 13:00, 13:00, 13:00, 13:00, 13:45, 13:45, 13:45, 13:45, 14:30, 14:30, 14:30, 14:30, 15:15, 15:15, 15:15, 15:15, 16:00, 16:00, 16:00, 16:00, 16:45, 16:45, 16:45, 16:45, 17:30, 17:30, 17:30, 17:30, 18:15, 18:15, 18:15, 18:15, 19:00, 19:00, 19:00, 19:00, 19:45, 19:45, 19:45, 19:45, 20:30, 20:30, 20:30, 20:30, 21:15, 22:00, 22:45];[[0, 1, 2, 3, 4], [0, 1, 2, 3, 4], [6], [], [0, 1, 2, 3, 4], [5], [5], [6], [0, 1, 2, 3, 4], [], [5], [], [6], [0, 1, 2, 3, 4], [6], [5], [], [0, 1, 2, 3, 4], [0, 1, 2, 3, 4], [6], [], [5], [5], [], [0, 1, 2, 3, 4], [6], [], [5], [6], [0, 1, 2, 3, 4], [], [0, 1, 2, 3, 4], [6], [5], [0, 1, 2, 3, 4], [6], [5], [], [5], [6], [], [0, 1, 2, 3, 4], [6], [0, 1, 2, 3, 4], [], [5], [0, 1, 2, 3, 4], [6], [], [5], [], [5], [6], [0, 1, 2, 3, 4], [6], [0, 1, 2, 3, 4], [5], [], [], [0, 1, 2, 3, 4], [5], [6], [0, 1, 2, 3, 4], [], [6], [5], [], [6], [5], [0, 1, 2, 3, 4], [0, 1, 2, 3, 4], [5], [6], [], [5], [6], [0, 1, 2, 3, 4], [], [0, 1, 2, 3, 4], [0, 1, 2, 3, 4], [0, 1, 2, 3, 4]]
